{"type":"FeatureCollection","features":[{"type":"Feature","id":"ANL-BAJ-BKA-SIM-001-POV-01","properties":{"fid":1,"ID_POV":"ANL-BAJ-BKA-SIM-001-POV-01","ID_TITIK":"ANL-BAJ-BKA-SIM-001","UID":"UID-0009","ID_WEBGIS":"ANL-BAJ-BKA-SIM-001","POV_KE":1,"LAT":1.089088,"LON":103.905129,"JARAK_M":14.4,"STATUS_POV":"ubah","JML_POV":3,"POV_MEAN":24.6,"POV_MEDIAN":26.9,"POV_MIN":14.4,"POV_MAKS":32.6,"TIPE":"Tidak Bersinyal","JENIS":"Persimpangan","NAMA_JALAN":"Jl. Brigjen Katamso","KELURAHAN":"TANJUNG UNCANG","KECAMATAN":"BATU AJI","PRIORITAS":"PRIORITAS 3","SURVEYOR":"BUDI","WAKTU":"2026-09-02T07:37:07.036Z","CARA_COCOK":"ID","JARAK_COCOK_M":0.0},"geometry":{"type":"Point","coordinates":[103.905129,1.089088]}},{"type":"Feature","id":"ANL-BAJ-BKA-SIM-001-POV-02","properties":{"fid":2,"ID_POV":"ANL-BAJ-BKA-SIM-001-POV-02","ID_TITIK":"ANL-BAJ-BKA-SIM-001","UID":"UID-0009","ID_WEBGIS":"ANL-BAJ-BKA-SIM-001","POV_KE":2,"LAT":1.088954,"LON":103.905492,"JARAK_M":32.6,"STATUS_POV":"ubah","JML_POV":3,"POV_MEAN":24.6,"POV_MEDIAN":26.9,"POV_MIN":14.4,"POV_MAKS":32.6,"TIPE":"Tidak Bersinyal","JENIS":"Persimpangan","NAMA_JALAN":"Jl. Brigjen Katamso","KELURAHAN":"TANJUNG UNCANG","KECAMATAN":"BATU AJI","PRIORITAS":"PRIORITAS 3","SURVEYOR":"BUDI","WAKTU":"2026-09-02T07:37:07.036Z","CARA_COCOK":"ID","JARAK_COCOK_M":0.0},"geometry":{"type":"Point","coordinates":[103.905492,1.088954]}},{"type":"Feature","id":"ANL-BAJ-BKA-SIM-001-POV-03","properties":{"fid":3,"ID_POV":"ANL-BAJ-BKA-SIM-001-POV-03","ID_TITIK":"ANL-BAJ-BKA-SIM-001","UID":"UID-0009","ID_WEBGIS":"ANL-BAJ-BKA-SIM-001","POV_KE":3,"LAT":1.089075,"LON":103.905423,"JARAK_M":26.9,"STATUS_POV":"baru","JML_POV":3,"POV_MEAN":24.6,"POV_MEDIAN":26.9,"POV_MIN":14.4,"POV_MAKS":32.6,"TIPE":"Tidak Bersinyal","JENIS":"Persimpangan","NAMA_JALAN":"Jl. Brigjen Katamso","KELURAHAN":"TANJUNG UNCANG","KECAMATAN":"BATU AJI","PRIORITAS":"PRIORITAS 3","SURVEYOR":"BUDI","WAKTU":"2026-09-02T07:37:07.036Z","CARA_COCOK":"ID","JARAK_COCOK_M":0.0},"geometry":{"type":"Point","coordinates":[103.905423,1.089075]}},{"type":"Feature","id":"ANL-BAJ-BKA-SIM-002-POV-01","properties":{"fid":4,"ID_POV":"ANL-BAJ-BKA-SIM-002-POV-01","ID_TITIK":"ANL-BAJ-BKA-SIM-002","UID":"UID-0010","ID_WEBGIS":"ANL-BAJ-BKA-SIM-002","POV_KE":1,"LAT":1.053082,"LON":103.929052,"JARAK_M":40.8,"STATUS_POV":"ubah","JML_POV":3,"POV_MEAN":31.9,"POV_MEDIAN":34.1,"POV_MIN":20.7,"POV_MAKS":40.8,"TIPE":"Tidak Bersinyal","JENIS":"Persimpangan","NAMA_JALAN":"Jl. Brigjen Katamso","KELURAHAN":"TANJUNG UNCANG","KECAMATAN":"BATU AJI","PRIORITAS":"PRIORITAS 3","SURVEYOR":"wahyu","WAKTU":"2026-09-02T03:47:09.517Z","CARA_COCOK":"ID","JARAK_COCOK_M":0.0},"geometry":{"type":"Point","coordinates":[103.929052,1.053082]}},{"type":"Feature","id":"ANL-BAJ-BKA-SIM-002-POV-02","properties":{"fid":5,"ID_POV":"ANL-BAJ-BKA-SIM-002-POV-02","ID_TITIK":"ANL-BAJ-BKA-SIM-002","UID":"UID-0010","ID_WEBGIS":"ANL-BAJ-BKA-SIM-002","POV_KE":2,"LAT":1.05311,"LON":103.928777,"JARAK_M":20.7,"STATUS_POV":"ubah","JML_POV":3,"POV_MEAN":31.9,"POV_MEDIAN":34.1,"POV_MIN":20.7,"POV_MAKS":40.8,"TIPE":"Tidak Bersinyal","JENIS":"Persimpangan","NAMA_JALAN":"Jl. Brigjen Katamso","KELURAHAN":"TANJUNG UNCANG","KECAMATAN":"BATU AJI","PRIORITAS":"PRIORITAS 3","SURVEYOR":"wahyu","WAKTU":"2026-09-02T03:47:09.517Z","CARA_COCOK":"ID","JARAK_COCOK_M":0.0},"geometry":{"type":"Point","coordinates":[103.928777,1.05311]}},{"type":"Feature","id":"ANL-BAJ-BKA-SIM-002-POV-03","properties":{"fid":6,"ID_POV":"ANL-BAJ-BKA-SIM-002-POV-03","ID_TITIK":"ANL-BAJ-BKA-SIM-002","UID":"UID-0010","ID_WEBGIS":"ANL-BAJ-BKA-SIM-002","POV_KE":3,"LAT":1.052833,"LON":103.929006,"JARAK_M":34.1,"STATUS_POV":"ubah","JML_POV":3,"POV_MEAN":31.9,"POV_MEDIAN":34.1,"POV_MIN":20.7,"POV_MAKS":40.8,"TIPE":"Tidak Bersinyal","JENIS":"Persimpangan","NAMA_JALAN":"Jl. Brigjen Katamso","KELURAHAN":"TANJUNG UNCANG","KECAMATAN":"BATU AJI","PRIORITAS":"PRIORITAS 3","SURVEYOR":"wahyu","WAKTU":"2026-09-02T03:47:09.517Z","CARA_COCOK":"ID","JARAK_COCOK_M":0.0},"geometry":{"type":"Point","coordinates":[103.929006,1.052833]}},{"type":"Feature","id":"ANL-BAJ-BKA-SIM-003-POV-01","properties":{"fid":7,"ID_POV":"ANL-BAJ-BKA-SIM-003-POV-01","ID_TITIK":"ANL-BAJ-BKA-SIM-003","UID":"UID-0011","ID_WEBGIS":"ANL-BAJ-BKA-SIM-006","POV_KE":1,"LAT":1.052499,"LON":103.951483,"JARAK_M":32.4,"STATUS_POV":"ubah","JML_POV":3,"POV_MEAN":88.9,"POV_MEDIAN":98.5,"POV_MIN":32.4,"POV_MAKS":135.8,"TIPE":"Tidak Bersinyal","JENIS":"Persimpangan","NAMA_JALAN":"Jl. Brigjen Katamso","KELURAHAN":"TANJUNG UNCANG","KECAMATAN":"BATU AJI","PRIORITAS":"PRIORITAS 2","SURVEYOR":"BUDI","WAKTU":"2026-09-02T07:55:46.544Z","CARA_COCOK":"ID","JARAK_COCOK_M":0.0},"geometry":{"type":"Point","coordinates":[103.951483,1.052499]}},{"type":"Feature","id":"ANL-BAJ-BKA-SIM-003-POV-02","properties":{"fid":8,"ID_POV":"ANL-BAJ-BKA-SIM-003-POV-02","ID_TITIK":"ANL-BAJ-BKA-SIM-003","UID":"UID-0011","ID_WEBGIS":"ANL-BAJ-BKA-SIM-006","POV_KE":2,"LAT":1.052104,"LON":103.952149,"JARAK_M":98.5,"STATUS_POV":"ubah","JML_POV":3,"POV_MEAN":88.9,"POV_MEDIAN":98.5,"POV_MIN":32.4,"POV_MAKS":135.8,"TIPE":"Tidak Bersinyal","JENIS":"Persimpangan","NAMA_JALAN":"Jl. Brigjen Katamso","KELURAHAN":"TANJUNG UNCANG","KECAMATAN":"BATU AJI","PRIORITAS":"PRIORITAS 2","SURVEYOR":"BUDI","WAKTU":"2026-09-02T07:55:46.544Z","CARA_COCOK":"ID","JARAK_COCOK_M":0.0},"geometry":{"type":"Point","coordinates":[103.952149,1.052104]}},{"type":"Feature","id":"ANL-BAJ-BKA-SIM-003-POV-03","properties":{"fid":9,"ID_POV":"ANL-BAJ-BKA-SIM-003-POV-03","ID_TITIK":"ANL-BAJ-BKA-SIM-003","UID":"UID-0011","ID_WEBGIS":"ANL-BAJ-BKA-SIM-006","POV_KE":3,"LAT":1.052864,"LON":103.95279,"JARAK_M":135.8,"STATUS_POV":"ubah","JML_POV":3,"POV_MEAN":88.9,"POV_MEDIAN":98.5,"POV_MIN":32.4,"POV_MAKS":135.8,"TIPE":"Tidak Bersinyal","JENIS":"Persimpangan","NAMA_JALAN":"Jl. Brigjen Katamso","KELURAHAN":"TANJUNG UNCANG","KECAMATAN":"BATU AJI","PRIORITAS":"PRIORITAS 2","SURVEYOR":"BUDI","WAKTU":"2026-09-02T07:55:46.544Z","CARA_COCOK":"ID","JARAK_COCOK_M":0.0},"geometry":{"type":"Point","coordinates":[103.95279,1.052864]}},{"type":"Feature","id":"ANL-BAJ-BKA-SIM-004-POV-01","properties":{"fid":10,"ID_POV":"ANL-BAJ-BKA-SIM-004-POV-01","ID_TITIK":"ANL-BAJ-BKA-SIM-004","UID":"UID-0012","ID_WEBGIS":"ANL-BAJ-BKA-SIM-014","POV_KE":1,"LAT":1.088863,"LON":103.9053,"JARAK_M":31.1,"STATUS_POV":"ubah","JML_POV":3,"POV_MEAN":27.8,"POV_MEDIAN":31.1,"POV_MIN":10.8,"POV_MAKS":41.6,"TIPE":"Tidak Bersinyal","JENIS":"Persimpangan","NAMA_JALAN":"Jl. Brigjen Katamso","KELURAHAN":"TANJUNG UNCANG","KECAMATAN":"BATU AJI","PRIORITAS":"PRIORITAS 3","SURVEYOR":"BUDI","WAKTU":"2026-09-02T07:59:30.041Z","CARA_COCOK":"ID","JARAK_COCOK_M":0.0},"geometry":{"type":"Point","coordinates":[103.9053,1.088863]}},{"type":"Feature","id":"ANL-BAJ-BKA-SIM-004-POV-02","properties":{"fid":11,"ID_POV":"ANL-BAJ-BKA-SIM-004-POV-02","ID_TITIK":"ANL-BAJ-BKA-SIM-004","UID":"UID-0012","ID_WEBGIS":"ANL-BAJ-BKA-SIM-014","POV_KE":2,"LAT":1.089043,"LON":103.905552,"JARAK_M":10.8,"STATUS_POV":"ubah","JML_POV":3,"POV_MEAN":27.8,"POV_MEDIAN":31.1,"POV_MIN":10.8,"POV_MAKS":41.6,"TIPE":"Tidak Bersinyal","JENIS":"Persimpangan","NAMA_JALAN":"Jl. Brigjen Katamso","KELURAHAN":"TANJUNG UNCANG","KECAMATAN":"BATU AJI","PRIORITAS":"PRIORITAS 3","SURVEYOR":"BUDI","WAKTU":"2026-09-02T07:59:30.041Z","CARA_COCOK":"ID","JARAK_COCOK_M":0.0},"geometry":{"type":"Point","coordinates":[103.905552,1.089043]}},{"type":"Feature","id":"ANL-BAJ-BKA-SIM-004-POV-03","properties":{"fid":12,"ID_POV":"ANL-BAJ-BKA-SIM-004-POV-03","ID_TITIK":"ANL-BAJ-BKA-SIM-004","UID":"UID-0012","ID_WEBGIS":"ANL-BAJ-BKA-SIM-014","POV_KE":3,"LAT":1.089043,"LON":103.905205,"JARAK_M":41.6,"STATUS_POV":"ubah","JML_POV":3,"POV_MEAN":27.8,"POV_MEDIAN":31.1,"POV_MIN":10.8,"POV_MAKS":41.6,"TIPE":"Tidak Bersinyal","JENIS":"Persimpangan","NAMA_JALAN":"Jl. Brigjen Katamso","KELURAHAN":"TANJUNG UNCANG","KECAMATAN":"BATU AJI","PRIORITAS":"PRIORITAS 3","SURVEYOR":"BUDI","WAKTU":"2026-09-02T07:59:30.041Z","CARA_COCOK":"ID","JARAK_COCOK_M":0.0},"geometry":{"type":"Point","coordinates":[103.905205,1.089043]}},{"type":"Feature","id":"ANL-BAJ-DKU-SIM-001-POV-01","properties":{"fid":13,"ID_POV":"ANL-BAJ-DKU-SIM-001-POV-01","ID_TITIK":"ANL-BAJ-DKU-SIM-001","UID":"UID-0020","ID_WEBGIS":"ANL-BAJ-DKU-SIM-004","POV_KE":1,"LAT":1.059182,"LON":103.932814,"JARAK_M":14.7,"STATUS_POV":"ubah","JML_POV":3,"POV_MEAN":25.6,"POV_MEDIAN":20.4,"POV_MIN":14.7,"POV_MAKS":41.6,"TIPE":"Bersinyal (ATCS)","JENIS":"Persimpangan","NAMA_JALAN":"Jl. Djati Kusumo","KELURAHAN":"TANJUNG UNCANG","KECAMATAN":"BATU AJI","PRIORITAS":"PRIORITAS 2","SURVEYOR":"BUDI","WAKTU":"2026-09-02T08:09:01.169Z","CARA_COCOK":"ID","JARAK_COCOK_M":0.0},"geometry":{"type":"Point","coordinates":[103.932814,1.059182]}},{"type":"Feature","id":"ANL-BAJ-DKU-SIM-001-POV-02","properties":{"fid":14,"ID_POV":"ANL-BAJ-DKU-SIM-001-POV-02","ID_TITIK":"ANL-BAJ-DKU-SIM-001","UID":"UID-0020","ID_WEBGIS":"ANL-BAJ-DKU-SIM-004","POV_KE":2,"LAT":1.058874,"LON":103.933144,"JARAK_M":41.6,"STATUS_POV":"ubah","JML_POV":3,"POV_MEAN":25.6,"POV_MEDIAN":20.4,"POV_MIN":14.7,"POV_MAKS":41.6,"TIPE":"Bersinyal (ATCS)","JENIS":"Persimpangan","NAMA_JALAN":"Jl. Djati Kusumo","KELURAHAN":"TANJUNG UNCANG","KECAMATAN":"BATU AJI","PRIORITAS":"PRIORITAS 2","SURVEYOR":"BUDI","WAKTU":"2026-09-02T08:09:01.169Z","CARA_COCOK":"ID","JARAK_COCOK_M":0.0},"geometry":{"type":"Point","coordinates":[103.933144,1.058874]}},{"type":"Feature","id":"ANL-BAJ-DKU-SIM-001-POV-03","properties":{"fid":15,"ID_POV":"ANL-BAJ-DKU-SIM-001-POV-03","ID_TITIK":"ANL-BAJ-DKU-SIM-001","UID":"UID-0020","ID_WEBGIS":"ANL-BAJ-DKU-SIM-004","POV_KE":3,"LAT":1.058938,"LON":103.932959,"JARAK_M":20.4,"STATUS_POV":"baru","JML_POV":3,"POV_MEAN":25.6,"POV_MEDIAN":20.4,"POV_MIN":14.7,"POV_MAKS":41.6,"TIPE":"Bersinyal (ATCS)","JENIS":"Persimpangan","NAMA_JALAN":"Jl. Djati Kusumo","KELURAHAN":"TANJUNG UNCANG","KECAMATAN":"BATU AJI","PRIORITAS":"PRIORITAS 2","SURVEYOR":"BUDI","WAKTU":"2026-09-02T08:09:01.169Z","CARA_COCOK":"ID","JARAK_COCOK_M":0.0},"geometry":{"type":"Point","coordinates":[103.932959,1.058938]}},{"type":"Feature","id":"ANL-BAJ-EFA-SIM-001-POV-01","properties":{"fid":16,"ID_POV":"ANL-BAJ-EFA-SIM-001-POV-01","ID_TITIK":"ANL-BAJ-EFA-SIM-001","UID":"UID-0197","ID_WEBGIS":"ANL-BAJ-EFA-SIM-007","POV_KE":1,"LAT":1.045388,"LON":103.968286,"JARAK_M":22.9,"STATUS_POV":"ubah","JML_POV":3,"POV_MEAN":34.1,"POV_MEDIAN":37.5,"POV_MIN":22.9,"POV_MAKS":41.8,"TIPE":"Tidak Bersinyal","JENIS":"Persimpangan","NAMA_JALAN":"Jl. Jend. Ahmad Yani","KELURAHAN":"BULIANG","KECAMATAN":"BATU AJI","PRIORITAS":"PRIORITAS 1","SURVEYOR":"BUDI","WAKTU":"2026-09-02T08:18:31.664Z","CARA_COCOK":"ID","JARAK_COCOK_M":0.0},"geometry":{"type":"Point","coordinates":[103.968286,1.045388]}},{"type":"Feature","id":"ANL-BAJ-EFA-SIM-001-POV-02","properties":{"fid":17,"ID_POV":"ANL-BAJ-EFA-SIM-001-POV-02","ID_TITIK":"ANL-BAJ-EFA-SIM-001","UID":"UID-0197","ID_WEBGIS":"ANL-BAJ-EFA-SIM-007","POV_KE":2,"LAT":1.045455,"LON":103.968122,"JARAK_M":37.5,"STATUS_POV":"ubah","JML_POV":3,"POV_MEAN":34.1,"POV_MEDIAN":37.5,"POV_MIN":22.9,"POV_MAKS":41.8,"TIPE":"Tidak Bersinyal","JENIS":"Persimpangan","NAMA_JALAN":"Jl. Jend. Ahmad Yani","KELURAHAN":"BULIANG","KECAMATAN":"BATU AJI","PRIORITAS":"PRIORITAS 1","SURVEYOR":"BUDI","WAKTU":"2026-09-02T08:18:31.664Z","CARA_COCOK":"ID","JARAK_COCOK_M":0.0},"geometry":{"type":"Point","coordinates":[103.968122,1.045455]}},{"type":"Feature","id":"ANL-BAJ-EFA-SIM-001-POV-03","properties":{"fid":18,"ID_POV":"ANL-BAJ-EFA-SIM-001-POV-03","ID_TITIK":"ANL-BAJ-EFA-SIM-001","UID":"UID-0197","ID_WEBGIS":"ANL-BAJ-EFA-SIM-007","POV_KE":3,"LAT":1.045144,"LON":103.968353,"JARAK_M":41.8,"STATUS_POV":"baru","JML_POV":3,"POV_MEAN":34.1,"POV_MEDIAN":37.5,"POV_MIN":22.9,"POV_MAKS":41.8,"TIPE":"Tidak Bersinyal","JENIS":"Persimpangan","NAMA_JALAN":"Jl. Jend. Ahmad Yani","KELURAHAN":"BULIANG","KECAMATAN":"BATU AJI","PRIORITAS":"PRIORITAS 1","SURVEYOR":"BUDI","WAKTU":"2026-09-02T08:18:31.664Z","CARA_COCOK":"ID","JARAK_COCOK_M":0.0},"geometry":{"type":"Point","coordinates":[103.968353,1.045144]}},{"type":"Feature","id":"ANL-BAJ-EFA-SIM-002-POV-01","properties":{"fid":19,"ID_POV":"ANL-BAJ-EFA-SIM-002-POV-01","ID_TITIK":"ANL-BAJ-EFA-SIM-002","UID":"UID-0198","ID_WEBGIS":"ANL-BAJ-EFA-SIM-009","POV_KE":1,"LAT":1.049415,"LON":103.968556,"JARAK_M":41.8,"STATUS_POV":"ubah","JML_POV":3,"POV_MEAN":32.4,"POV_MEDIAN":39.7,"POV_MIN":15.6,"POV_MAKS":41.8,"TIPE":"Tidak Bersinyal","JENIS":"Persimpangan","NAMA_JALAN":"Jl. Embung Fatimah","KELURAHAN":"BULIANG","KECAMATAN":"BATU AJI","PRIORITAS":"PRIORITAS 2","SURVEYOR":"BUDI","WAKTU":"2026-09-02T08:20:05.335Z","CARA_COCOK":"ID","JARAK_COCOK_M":0.0},"geometry":{"type":"Point","coordinates":[103.968556,1.049415]}},{"type":"Feature","id":"ANL-BAJ-EFA-SIM-002-POV-02","properties":{"fid":20,"ID_POV":"ANL-BAJ-EFA-SIM-002-POV-02","ID_TITIK":"ANL-BAJ-EFA-SIM-002","UID":"UID-0198","ID_WEBGIS":"ANL-BAJ-EFA-SIM-009","POV_KE":2,"LAT":1.049585,"LON":103.968415,"JARAK_M":39.7,"STATUS_POV":"ubah","JML_POV":3,"POV_MEAN":32.4,"POV_MEDIAN":39.7,"POV_MIN":15.6,"POV_MAKS":41.8,"TIPE":"Tidak Bersinyal","JENIS":"Persimpangan","NAMA_JALAN":"Jl. Embung Fatimah","KELURAHAN":"BULIANG","KECAMATAN":"BATU AJI","PRIORITAS":"PRIORITAS 2","SURVEYOR":"BUDI","WAKTU":"2026-09-02T08:20:05.335Z","CARA_COCOK":"ID","JARAK_COCOK_M":0.0},"geometry":{"type":"Point","coordinates":[103.968415,1.049585]}},{"type":"Feature","id":"ANL-BAJ-EFA-SIM-002-POV-03","properties":{"fid":21,"ID_POV":"ANL-BAJ-EFA-SIM-002-POV-03","ID_TITIK":"ANL-BAJ-EFA-SIM-002","UID":"UID-0198","ID_WEBGIS":"ANL-BAJ-EFA-SIM-009","POV_KE":3,"LAT":1.049617,"LON":103.96879,"JARAK_M":15.6,"STATUS_POV":"baru","JML_POV":3,"POV_MEAN":32.4,"POV_MEDIAN":39.7,"POV_MIN":15.6,"POV_MAKS":41.8,"TIPE":"Tidak Bersinyal","JENIS":"Persimpangan","NAMA_JALAN":"Jl. Embung Fatimah","KELURAHAN":"BULIANG","KECAMATAN":"BATU AJI","PRIORITAS":"PRIORITAS 2","SURVEYOR":"BUDI","WAKTU":"2026-09-02T08:20:05.335Z","CARA_COCOK":"ID","JARAK_COCOK_M":0.0},"geometry":{"type":"Point","coordinates":[103.96879,1.049617]}},{"type":"Feature","id":"ANL-BAJ-EFA-SIM-003-POV-01","properties":{"fid":22,"ID_POV":"ANL-BAJ-EFA-SIM-003-POV-01","ID_TITIK":"ANL-BAJ-EFA-SIM-003","UID":"UID-0199","ID_WEBGIS":"ANL-BAJ-EFA-SIM-010","POV_KE":1,"LAT":1.049581,"LON":103.968436,"JARAK_M":35.0,"STATUS_POV":"ubah","JML_POV":3,"POV_MEAN":29.9,"POV_MEDIAN":35.0,"POV_MIN":12.3,"POV_MAKS":42.4,"TIPE":"Bersinyal (OSM)","JENIS":"Persimpangan","NAMA_JALAN":"Jl. Rsud Embung Fatimah - Pasar Melayu","KELURAHAN":"BULIANG","KECAMATAN":"BATU AJI","PRIORITAS":"PRIORITAS 2","SURVEYOR":"wahyu","WAKTU":"2026-09-02T04:10:59.550Z","CARA_COCOK":"ID","JARAK_COCOK_M":0.0},"geometry":{"type":"Point","coordinates":[103.968436,1.049581]}},{"type":"Feature","id":"ANL-BAJ-EFA-SIM-003-POV-02","properties":{"fid":23,"ID_POV":"ANL-BAJ-EFA-SIM-003-POV-02","ID_TITIK":"ANL-BAJ-EFA-SIM-003","UID":"UID-0199","ID_WEBGIS":"ANL-BAJ-EFA-SIM-010","POV_KE":2,"LAT":1.049903,"LON":103.968667,"JARAK_M":42.4,"STATUS_POV":"asli","JML_POV":3,"POV_MEAN":29.9,"POV_MEDIAN":35.0,"POV_MIN":12.3,"POV_MAKS":42.4,"TIPE":"Bersinyal (OSM)","JENIS":"Persimpangan","NAMA_JALAN":"Jl. Rsud Embung Fatimah - Pasar Melayu","KELURAHAN":"BULIANG","KECAMATAN":"BATU AJI","PRIORITAS":"PRIORITAS 2","SURVEYOR":"wahyu","WAKTU":"2026-09-02T04:10:59.550Z","CARA_COCOK":"ID","JARAK_COCOK_M":0.0},"geometry":{"type":"Point","coordinates":[103.968667,1.049903]}},{"type":"Feature","id":"ANL-BAJ-EFA-SIM-003-POV-03","properties":{"fid":24,"ID_POV":"ANL-BAJ-EFA-SIM-003-POV-03","ID_TITIK":"ANL-BAJ-EFA-SIM-003","UID":"UID-0199","ID_WEBGIS":"ANL-BAJ-EFA-SIM-010","POV_KE":3,"LAT":1.049616,"LON":103.968817,"JARAK_M":12.3,"STATUS_POV":"ubah","JML_POV":3,"POV_MEAN":29.9,"POV_MEDIAN":35.0,"POV_MIN":12.3,"POV_MAKS":42.4,"TIPE":"Bersinyal (OSM)","JENIS":"Persimpangan","NAMA_JALAN":"Jl. Rsud Embung Fatimah - Pasar Melayu","KELURAHAN":"BULIANG","KECAMATAN":"BATU AJI","PRIORITAS":"PRIORITAS 2","SURVEYOR":"wahyu","WAKTU":"2026-09-02T04:10:59.550Z","CARA_COCOK":"ID","JARAK_COCOK_M":0.0},"geometry":{"type":"Point","coordinates":[103.968817,1.049616]}},{"type":"Feature","id":"ANL-BAJ-JAY-SIM-001-POV-01","properties":{"fid":25,"ID_POV":"ANL-BAJ-JAY-SIM-001-POV-01","ID_TITIK":"ANL-BAJ-JAY-SIM-001","UID":"UID-0272","ID_WEBGIS":"ANL-BAJ-JAY-SIM-008","POV_KE":1,"LAT":1.04547,"LON":103.967713,"JARAK_M":46.1,"STATUS_POV":"ubah","JML_POV":3,"POV_MEAN":47.5,"POV_MEDIAN":46.1,"POV_MIN":32.7,"POV_MAKS":63.8,"TIPE":"Tidak Bersinyal","JENIS":"Persimpangan","NAMA_JALAN":"Jl. Jend. Ahmad Yani","KELURAHAN":"BUKIT TEMPAYAN","KECAMATAN":"BATU AJI","PRIORITAS":"PRIORITAS 1","SURVEYOR":"wahyu","WAKTU":"2026-09-02T03:04:19.622Z","CARA_COCOK":"ID","JARAK_COCOK_M":0.0},"geometry":{"type":"Point","coordinates":[103.967713,1.04547]}},{"type":"Feature","id":"ANL-BAJ-JAY-SIM-001-POV-02","properties":{"fid":26,"ID_POV":"ANL-BAJ-JAY-SIM-001-POV-02","ID_TITIK":"ANL-BAJ-JAY-SIM-001","UID":"UID-0272","ID_WEBGIS":"ANL-BAJ-JAY-SIM-008","POV_KE":2,"LAT":1.045218,"LON":103.968298,"JARAK_M":32.7,"STATUS_POV":"ubah","JML_POV":3,"POV_MEAN":47.5,"POV_MEDIAN":46.1,"POV_MIN":32.7,"POV_MAKS":63.8,"TIPE":"Tidak Bersinyal","JENIS":"Persimpangan","NAMA_JALAN":"Jl. Jend. Ahmad Yani","KELURAHAN":"BUKIT TEMPAYAN","KECAMATAN":"BATU AJI","PRIORITAS":"PRIORITAS 1","SURVEYOR":"wahyu","WAKTU":"2026-09-02T03:04:19.622Z","CARA_COCOK":"ID","JARAK_COCOK_M":0.0},"geometry":{"type":"Point","coordinates":[103.968298,1.045218]}},{"type":"Feature","id":"ANL-BAJ-JAY-SIM-001-POV-03","properties":{"fid":27,"ID_POV":"ANL-BAJ-JAY-SIM-001-POV-03","ID_TITIK":"ANL-BAJ-JAY-SIM-001","UID":"UID-0272","ID_WEBGIS":"ANL-BAJ-JAY-SIM-008","POV_KE":3,"LAT":1.045628,"LON":103.968363,"JARAK_M":63.8,"STATUS_POV":"ubah","JML_POV":3,"POV_MEAN":47.5,"POV_MEDIAN":46.1,"POV_MIN":32.7,"POV_MAKS":63.8,"TIPE":"Tidak Bersinyal","JENIS":"Persimpangan","NAMA_JALAN":"Jl. Jend. Ahmad Yani","KELURAHAN":"BUKIT TEMPAYAN","KECAMATAN":"BATU AJI","PRIORITAS":"PRIORITAS 1","SURVEYOR":"wahyu","WAKTU":"2026-09-02T03:04:19.622Z","CARA_COCOK":"ID","JARAK_COCOK_M":0.0},"geometry":{"type":"Point","coordinates":[103.968363,1.045628]}},{"type":"Feature","id":"ANL-BAJ-JAY-SIM-002-POV-01","properties":{"fid":28,"ID_POV":"ANL-BAJ-JAY-SIM-002-POV-01","ID_TITIK":"ANL-BAJ-JAY-SIM-002","UID":"UID-0273","ID_WEBGIS":"ANL-BAJ-JAY-SIM-010","POV_KE":1,"LAT":1.039084,"LON":103.996858,"JARAK_M":34.8,"STATUS_POV":"baru","JML_POV":4,"POV_MEAN":95.2,"POV_MEDIAN":105.2,"POV_MIN":34.8,"POV_MAKS":135.6,"TIPE":"Bersinyal (ATCS)","JENIS":"Persimpangan","NAMA_JALAN":"Jl. Jend. Ahmad Yani","KELURAHAN":"KIBING","KECAMATAN":"BATU AJI","PRIORITAS":"PRIORITAS 2","SURVEYOR":"afri","WAKTU":"2026-09-03T08:11:44.197Z","CARA_COCOK":"ID","JARAK_COCOK_M":0.0},"geometry":{"type":"Point","coordinates":[103.996858,1.039084]}},{"type":"Feature","id":"ANL-BAJ-JAY-SIM-002-POV-02","properties":{"fid":29,"ID_POV":"ANL-BAJ-JAY-SIM-002-POV-02","ID_TITIK":"ANL-BAJ-JAY-SIM-002","UID":"UID-0273","ID_WEBGIS":"ANL-BAJ-JAY-SIM-010","POV_KE":2,"LAT":1.038543,"LON":103.996941,"JARAK_M":74.8,"STATUS_POV":"baru","JML_POV":4,"POV_MEAN":95.2,"POV_MEDIAN":105.2,"POV_MIN":34.8,"POV_MAKS":135.6,"TIPE":"Bersinyal (ATCS)","JENIS":"Persimpangan","NAMA_JALAN":"Jl. Jend. Ahmad Yani","KELURAHAN":"KIBING","KECAMATAN":"BATU AJI","PRIORITAS":"PRIORITAS 2","SURVEYOR":"afri","WAKTU":"2026-09-03T08:11:44.197Z","CARA_COCOK":"ID","JARAK_COCOK_M":0.0},"geometry":{"type":"Point","coordinates":[103.996941,1.038543]}},{"type":"Feature","id":"ANL-BAJ-JAY-SIM-002-POV-03","properties":{"fid":30,"ID_POV":"ANL-BAJ-JAY-SIM-002-POV-03","ID_TITIK":"ANL-BAJ-JAY-SIM-002","UID":"UID-0273","ID_WEBGIS":"ANL-BAJ-JAY-SIM-010","POV_KE":3,"LAT":1.037963,"LON":103.99721,"JARAK_M":135.5,"STATUS_POV":"baru","JML_POV":4,"POV_MEAN":95.2,"POV_MEDIAN":105.2,"POV_MIN":34.8,"POV_MAKS":135.6,"TIPE":"Bersinyal (ATCS)","JENIS":"Persimpangan","NAMA_JALAN":"Jl. Jend. Ahmad Yani","KELURAHAN":"KIBING","KECAMATAN":"BATU AJI","PRIORITAS":"PRIORITAS 2","SURVEYOR":"afri","WAKTU":"2026-09-03T08:11:44.197Z","CARA_COCOK":"ID","JARAK_COCOK_M":0.0},"geometry":{"type":"Point","coordinates":[103.99721,1.037963]}},{"type":"Feature","id":"ANL-BAJ-JAY-SIM-002-POV-04","properties":{"fid":31,"ID_POV":"ANL-BAJ-JAY-SIM-002-POV-04","ID_TITIK":"ANL-BAJ-JAY-SIM-002","UID":"UID-0273","ID_WEBGIS":"ANL-BAJ-JAY-SIM-010","POV_KE":4,"LAT":1.038591,"LON":103.998224,"JARAK_M":135.6,"STATUS_POV":"baru","JML_POV":4,"POV_MEAN":95.2,"POV_MEDIAN":105.2,"POV_MIN":34.8,"POV_MAKS":135.6,"TIPE":"Bersinyal (ATCS)","JENIS":"Persimpangan","NAMA_JALAN":"Jl. Jend. Ahmad Yani","KELURAHAN":"KIBING","KECAMATAN":"BATU AJI","PRIORITAS":"PRIORITAS 2","SURVEYOR":"afri","WAKTU":"2026-09-03T08:11:44.197Z","CARA_COCOK":"ID","JARAK_COCOK_M":0.0},"geometry":{"type":"Point","coordinates":[103.998224,1.038591]}},{"type":"Feature","id":"ANL-BAJ-JAY-SIM-003-POV-01","properties":{"fid":32,"ID_POV":"ANL-BAJ-JAY-SIM-003-POV-01","ID_TITIK":"ANL-BAJ-JAY-SIM-003","UID":"UID-0274","ID_WEBGIS":"ANL-BAJ-JAY-SIM-013","POV_KE":1,"LAT":1.043397,"LON":103.9804,"JARAK_M":46.4,"STATUS_POV":"ubah","JML_POV":3,"POV_MEAN":33.2,"POV_MEDIAN":32.4,"POV_MIN":20.9,"POV_MAKS":46.4,"TIPE":"Tidak Bersinyal","JENIS":"Persimpangan","NAMA_JALAN":"Jl. Rsud Embung Fatimah - Pasar Melayu","KELURAHAN":"BULIANG","KECAMATAN":"BATU AJI","PRIORITAS":"PRIORITAS 1","SURVEYOR":"BUDI","WAKTU":"2026-09-02T08:53:25.109Z","CARA_COCOK":"ID","JARAK_COCOK_M":0.0},"geometry":{"type":"Point","coordinates":[103.9804,1.043397]}},{"type":"Feature","id":"ANL-BAJ-JAY-SIM-003-POV-02","properties":{"fid":33,"ID_POV":"ANL-BAJ-JAY-SIM-003-POV-02","ID_TITIK":"ANL-BAJ-JAY-SIM-003","UID":"UID-0274","ID_WEBGIS":"ANL-BAJ-JAY-SIM-013","POV_KE":2,"LAT":1.043305,"LON":103.980757,"JARAK_M":32.4,"STATUS_POV":"ubah","JML_POV":3,"POV_MEAN":33.2,"POV_MEDIAN":32.4,"POV_MIN":20.9,"POV_MAKS":46.4,"TIPE":"Tidak Bersinyal","JENIS":"Persimpangan","NAMA_JALAN":"Jl. Rsud Embung Fatimah - Pasar Melayu","KELURAHAN":"BULIANG","KECAMATAN":"BATU AJI","PRIORITAS":"PRIORITAS 1","SURVEYOR":"BUDI","WAKTU":"2026-09-02T08:53:25.109Z","CARA_COCOK":"ID","JARAK_COCOK_M":0.0},"geometry":{"type":"Point","coordinates":[103.980757,1.043305]}},{"type":"Feature","id":"ANL-BAJ-JAY-SIM-003-POV-03","properties":{"fid":34,"ID_POV":"ANL-BAJ-JAY-SIM-003-POV-03","ID_TITIK":"ANL-BAJ-JAY-SIM-003","UID":"UID-0274","ID_WEBGIS":"ANL-BAJ-JAY-SIM-013","POV_KE":3,"LAT":1.043558,"LON":103.980583,"JARAK_M":20.9,"STATUS_POV":"baru","JML_POV":3,"POV_MEAN":33.2,"POV_MEDIAN":32.4,"POV_MIN":20.9,"POV_MAKS":46.4,"TIPE":"Tidak Bersinyal","JENIS":"Persimpangan","NAMA_JALAN":"Jl. Rsud Embung Fatimah - Pasar Melayu","KELURAHAN":"BULIANG","KECAMATAN":"BATU AJI","PRIORITAS":"PRIORITAS 1","SURVEYOR":"BUDI","WAKTU":"2026-09-02T08:53:25.109Z","CARA_COCOK":"ID","JARAK_COCOK_M":0.0},"geometry":{"type":"Point","coordinates":[103.980583,1.043558]}},{"type":"Feature","id":"ANL-BAJ-PDI-SIM-001-POV-01","properties":{"fid":35,"ID_POV":"ANL-BAJ-PDI-SIM-001-POV-01","ID_TITIK":"ANL-BAJ-PDI-SIM-001","UID":"UID-0294","ID_WEBGIS":"ANL-BAJ-PDI-SIM-005","POV_KE":1,"LAT":1.052855,"LON":103.952752,"JARAK_M":46.4,"STATUS_POV":"ubah","JML_POV":3,"POV_MEAN":93.3,"POV_MEDIAN":107.8,"POV_MIN":46.4,"POV_MAKS":125.8,"TIPE":"Bersinyal (ATCS)","JENIS":"Persimpangan","NAMA_JALAN":"Jl. Pangeran Diponegoro","KELURAHAN":"BUKIT TEMPAYAN","KECAMATAN":"BATU AJI","PRIORITAS":"PRIORITAS 2","SURVEYOR":"BUDI","WAKTU":"2026-09-02T09:00:08.515Z","CARA_COCOK":"ID","JARAK_COCOK_M":0.0},"geometry":{"type":"Point","coordinates":[103.952752,1.052855]}},{"type":"Feature","id":"ANL-BAJ-PDI-SIM-001-POV-02","properties":{"fid":36,"ID_POV":"ANL-BAJ-PDI-SIM-001-POV-02","ID_TITIK":"ANL-BAJ-PDI-SIM-001","UID":"UID-0294","ID_WEBGIS":"ANL-BAJ-PDI-SIM-005","POV_KE":2,"LAT":1.053199,"LON":103.952025,"JARAK_M":107.8,"STATUS_POV":"ubah","JML_POV":3,"POV_MEAN":93.3,"POV_MEDIAN":107.8,"POV_MIN":46.4,"POV_MAKS":125.8,"TIPE":"Bersinyal (ATCS)","JENIS":"Persimpangan","NAMA_JALAN":"Jl. Pangeran Diponegoro","KELURAHAN":"BUKIT TEMPAYAN","KECAMATAN":"BATU AJI","PRIORITAS":"PRIORITAS 2","SURVEYOR":"BUDI","WAKTU":"2026-09-02T09:00:08.515Z","CARA_COCOK":"ID","JARAK_COCOK_M":0.0},"geometry":{"type":"Point","coordinates":[103.952025,1.053199]}},{"type":"Feature","id":"ANL-BAJ-PDI-SIM-001-POV-03","properties":{"fid":37,"ID_POV":"ANL-BAJ-PDI-SIM-001-POV-03","ID_TITIK":"ANL-BAJ-PDI-SIM-001","UID":"UID-0294","ID_WEBGIS":"ANL-BAJ-PDI-SIM-005","POV_KE":3,"LAT":1.052558,"LON":103.951516,"JARAK_M":125.8,"STATUS_POV":"ubah","JML_POV":3,"POV_MEAN":93.3,"POV_MEDIAN":107.8,"POV_MIN":46.4,"POV_MAKS":125.8,"TIPE":"Bersinyal (ATCS)","JENIS":"Persimpangan","NAMA_JALAN":"Jl. Pangeran Diponegoro","KELURAHAN":"BUKIT TEMPAYAN","KECAMATAN":"BATU AJI","PRIORITAS":"PRIORITAS 2","SURVEYOR":"BUDI","WAKTU":"2026-09-02T09:00:08.515Z","CARA_COCOK":"ID","JARAK_COCOK_M":0.0},"geometry":{"type":"Point","coordinates":[103.951516,1.052558]}},{"type":"Feature","id":"ANL-BAJ-PDI-SIM-002-POV-01","properties":{"fid":38,"ID_POV":"ANL-BAJ-PDI-SIM-002-POV-01","ID_TITIK":"ANL-BAJ-PDI-SIM-002","UID":"UID-0295","ID_WEBGIS":"ANL-BAJ-PDI-SIM-011","POV_KE":1,"LAT":1.058524,"LON":103.96395,"JARAK_M":41.4,"STATUS_POV":"ubah","JML_POV":3,"POV_MEAN":31.3,"POV_MEDIAN":28.4,"POV_MIN":24.0,"POV_MAKS":41.4,"TIPE":"Bersinyal (OSM)","JENIS":"Persimpangan","NAMA_JALAN":"Jl. Embung Fatimah","KELURAHAN":"BULIANG","KECAMATAN":"BATU AJI","PRIORITAS":"PRIORITAS 2","SURVEYOR":"BUDI","WAKTU":"2026-09-02T09:02:45.079Z","CARA_COCOK":"ID","JARAK_COCOK_M":0.0},"geometry":{"type":"Point","coordinates":[103.96395,1.058524]}},{"type":"Feature","id":"ANL-BAJ-PDI-SIM-002-POV-02","properties":{"fid":39,"ID_POV":"ANL-BAJ-PDI-SIM-002-POV-02","ID_TITIK":"ANL-BAJ-PDI-SIM-002","UID":"UID-0295","ID_WEBGIS":"ANL-BAJ-PDI-SIM-011","POV_KE":2,"LAT":1.058785,"LON":103.964036,"JARAK_M":24.0,"STATUS_POV":"ubah","JML_POV":3,"POV_MEAN":31.3,"POV_MEDIAN":28.4,"POV_MIN":24.0,"POV_MAKS":41.4,"TIPE":"Bersinyal (OSM)","JENIS":"Persimpangan","NAMA_JALAN":"Jl. Embung Fatimah","KELURAHAN":"BULIANG","KECAMATAN":"BATU AJI","PRIORITAS":"PRIORITAS 2","SURVEYOR":"BUDI","WAKTU":"2026-09-02T09:02:45.079Z","CARA_COCOK":"ID","JARAK_COCOK_M":0.0},"geometry":{"type":"Point","coordinates":[103.964036,1.058785]}},{"type":"Feature","id":"ANL-BAJ-PDI-SIM-002-POV-03","properties":{"fid":40,"ID_POV":"ANL-BAJ-PDI-SIM-002-POV-03","ID_TITIK":"ANL-BAJ-PDI-SIM-002","UID":"UID-0295","ID_WEBGIS":"ANL-BAJ-PDI-SIM-011","POV_KE":3,"LAT":1.058667,"LON":103.963704,"JARAK_M":28.4,"STATUS_POV":"ubah","JML_POV":3,"POV_MEAN":31.3,"POV_MEDIAN":28.4,"POV_MIN":24.0,"POV_MAKS":41.4,"TIPE":"Bersinyal (OSM)","JENIS":"Persimpangan","NAMA_JALAN":"Jl. Embung Fatimah","KELURAHAN":"BULIANG","KECAMATAN":"BATU AJI","PRIORITAS":"PRIORITAS 2","SURVEYOR":"BUDI","WAKTU":"2026-09-02T09:02:45.079Z","CARA_COCOK":"ID","JARAK_COCOK_M":0.0},"geometry":{"type":"Point","coordinates":[103.963704,1.058667]}},{"type":"Feature","id":"ANL-BAJ-PDI-SIM-003-POV-01","properties":{"fid":41,"ID_POV":"ANL-BAJ-PDI-SIM-003-POV-01","ID_TITIK":"ANL-BAJ-PDI-SIM-003","UID":"UID-0296","ID_WEBGIS":"ANL-BAJ-PDI-SIM-012","POV_KE":1,"LAT":1.058644,"LON":103.963682,"JARAK_M":31.7,"STATUS_POV":"ubah","JML_POV":3,"POV_MEAN":28.3,"POV_MEDIAN":31.7,"POV_MIN":12.6,"POV_MAKS":40.7,"TIPE":"Tidak Bersinyal","JENIS":"Persimpangan","NAMA_JALAN":"Jl. Embung Fatimah","KELURAHAN":"BUKIT TEMPAYAN","KECAMATAN":"BATU AJI","PRIORITAS":"PRIORITAS 2","SURVEYOR":"BUDI","WAKTU":"2026-09-02T09:07:44.996Z","CARA_COCOK":"ID","JARAK_COCOK_M":0.0},"geometry":{"type":"Point","coordinates":[103.963682,1.058644]}},{"type":"Feature","id":"ANL-BAJ-PDI-SIM-003-POV-02","properties":{"fid":42,"ID_POV":"ANL-BAJ-PDI-SIM-003-POV-02","ID_TITIK":"ANL-BAJ-PDI-SIM-003","UID":"UID-0296","ID_WEBGIS":"ANL-BAJ-PDI-SIM-012","POV_KE":2,"LAT":1.058769,"LON":103.964063,"JARAK_M":40.7,"STATUS_POV":"ubah","JML_POV":3,"POV_MEAN":28.3,"POV_MEDIAN":31.7,"POV_MIN":12.6,"POV_MAKS":40.7,"TIPE":"Tidak Bersinyal","JENIS":"Persimpangan","NAMA_JALAN":"Jl. Embung Fatimah","KELURAHAN":"BUKIT TEMPAYAN","KECAMATAN":"BATU AJI","PRIORITAS":"PRIORITAS 2","SURVEYOR":"BUDI","WAKTU":"2026-09-02T09:07:44.996Z","CARA_COCOK":"ID","JARAK_COCOK_M":0.0},"geometry":{"type":"Point","coordinates":[103.964063,1.058769]}},{"type":"Feature","id":"ANL-BAJ-PDI-SIM-003-POV-03","properties":{"fid":43,"ID_POV":"ANL-BAJ-PDI-SIM-003-POV-03","ID_TITIK":"ANL-BAJ-PDI-SIM-003","UID":"UID-0296","ID_WEBGIS":"ANL-BAJ-PDI-SIM-012","POV_KE":3,"LAT":1.058482,"LON":103.963996,"JARAK_M":12.6,"STATUS_POV":"baru","JML_POV":3,"POV_MEAN":28.3,"POV_MEDIAN":31.7,"POV_MIN":12.6,"POV_MAKS":40.7,"TIPE":"Tidak Bersinyal","JENIS":"Persimpangan","NAMA_JALAN":"Jl. Embung Fatimah","KELURAHAN":"BUKIT TEMPAYAN","KECAMATAN":"BATU AJI","PRIORITAS":"PRIORITAS 2","SURVEYOR":"BUDI","WAKTU":"2026-09-02T09:07:44.996Z","CARA_COCOK":"ID","JARAK_COCOK_M":0.0},"geometry":{"type":"Point","coordinates":[103.963996,1.058482]}},{"type":"Feature","id":"ANL-BAJ-PTU-SIM-001-POV-01","properties":{"fid":44,"ID_POV":"ANL-BAJ-PTU-SIM-001-POV-01","ID_TITIK":"ANL-BAJ-PTU-SIM-001","UID":"UID-0301","ID_WEBGIS":"ANL-BAJ-PTU-SIM-003","POV_KE":1,"LAT":1.053089,"LON":103.928809,"JARAK_M":42.7,"STATUS_POV":"ubah","JML_POV":3,"POV_MEAN":32.5,"POV_MEDIAN":35.4,"POV_MIN":19.5,"POV_MAKS":42.7,"TIPE":"Tidak Bersinyal","JENIS":"Persimpangan","NAMA_JALAN":"Jl. Brigjen Katamso","KELURAHAN":"TANJUNG UNCANG","KECAMATAN":"BATU AJI","PRIORITAS":"PRIORITAS 3","SURVEYOR":"BUDI","WAKTU":"2026-09-02T09:11:10.754Z","CARA_COCOK":"ID","JARAK_COCOK_M":0.0},"geometry":{"type":"Point","coordinates":[103.928809,1.053089]}},{"type":"Feature","id":"ANL-BAJ-PTU-SIM-001-POV-02","properties":{"fid":45,"ID_POV":"ANL-BAJ-PTU-SIM-001-POV-02","ID_TITIK":"ANL-BAJ-PTU-SIM-001","UID":"UID-0301","ID_WEBGIS":"ANL-BAJ-PTU-SIM-003","POV_KE":2,"LAT":1.05282,"LON":103.928876,"JARAK_M":35.4,"STATUS_POV":"ubah","JML_POV":3,"POV_MEAN":32.5,"POV_MEDIAN":35.4,"POV_MIN":19.5,"POV_MAKS":42.7,"TIPE":"Tidak Bersinyal","JENIS":"Persimpangan","NAMA_JALAN":"Jl. Brigjen Katamso","KELURAHAN":"TANJUNG UNCANG","KECAMATAN":"BATU AJI","PRIORITAS":"PRIORITAS 3","SURVEYOR":"BUDI","WAKTU":"2026-09-02T09:11:10.754Z","CARA_COCOK":"ID","JARAK_COCOK_M":0.0},"geometry":{"type":"Point","coordinates":[103.928876,1.05282]}},{"type":"Feature","id":"ANL-BAJ-PTU-SIM-001-POV-03","properties":{"fid":46,"ID_POV":"ANL-BAJ-PTU-SIM-001-POV-03","ID_TITIK":"ANL-BAJ-PTU-SIM-001","UID":"UID-0301","ID_WEBGIS":"ANL-BAJ-PTU-SIM-003","POV_KE":3,"LAT":1.052779,"LON":103.929123,"JARAK_M":19.5,"STATUS_POV":"baru","JML_POV":3,"POV_MEAN":32.5,"POV_MEDIAN":35.4,"POV_MIN":19.5,"POV_MAKS":42.7,"TIPE":"Tidak Bersinyal","JENIS":"Persimpangan","NAMA_JALAN":"Jl. Brigjen Katamso","KELURAHAN":"TANJUNG UNCANG","KECAMATAN":"BATU AJI","PRIORITAS":"PRIORITAS 3","SURVEYOR":"BUDI","WAKTU":"2026-09-02T09:11:10.754Z","CARA_COCOK":"ID","JARAK_COCOK_M":0.0},"geometry":{"type":"Point","coordinates":[103.929123,1.052779]}},{"type":"Feature","id":"ANL-BAP-BKE-SIM-001-POV-01","properties":{"fid":47,"ID_POV":"ANL-BAP-BKE-SIM-001-POV-01","ID_TITIK":"ANL-BAP-BKE-SIM-001","UID":"UID-0311","ID_WEBGIS":"ANL-BAP-BKE-SIM-001","POV_KE":1,"LAT":1.146989,"LON":104.016386,"JARAK_M":24.3,"STATUS_POV":"baru","JML_POV":3,"POV_MEAN":33.7,"POV_MEDIAN":24.3,"POV_MIN":19.2,"POV_MAKS":57.5,"TIPE":"Bersinyal (OSM)","JENIS":"Persimpangan","NAMA_JALAN":"Jl. Budi Kemuliaan","KELURAHAN":"KAMPUNG SERAYA","KECAMATAN":"BATU AMPAR","PRIORITAS":"PRIORITAS 2","SURVEYOR":"wahyu","WAKTU":"2026-09-02T00:12:48.509Z","CARA_COCOK":"ID","JARAK_COCOK_M":0.0},"geometry":{"type":"Point","coordinates":[104.016386,1.146989]}},{"type":"Feature","id":"ANL-BAP-BKE-SIM-001-POV-02","properties":{"fid":48,"ID_POV":"ANL-BAP-BKE-SIM-001-POV-02","ID_TITIK":"ANL-BAP-BKE-SIM-001","UID":"UID-0311","ID_WEBGIS":"ANL-BAP-BKE-SIM-001","POV_KE":2,"LAT":1.146578,"LON":104.016693,"JARAK_M":57.5,"STATUS_POV":"baru","JML_POV":3,"POV_MEAN":33.7,"POV_MEDIAN":24.3,"POV_MIN":19.2,"POV_MAKS":57.5,"TIPE":"Bersinyal (OSM)","JENIS":"Persimpangan","NAMA_JALAN":"Jl. Budi Kemuliaan","KELURAHAN":"KAMPUNG SERAYA","KECAMATAN":"BATU AMPAR","PRIORITAS":"PRIORITAS 2","SURVEYOR":"wahyu","WAKTU":"2026-09-02T00:12:48.509Z","CARA_COCOK":"ID","JARAK_COCOK_M":0.0},"geometry":{"type":"Point","coordinates":[104.016693,1.146578]}},{"type":"Feature","id":"ANL-BAP-BKE-SIM-001-POV-03","properties":{"fid":49,"ID_POV":"ANL-BAP-BKE-SIM-001-POV-03","ID_TITIK":"ANL-BAP-BKE-SIM-001","UID":"UID-0311","ID_WEBGIS":"ANL-BAP-BKE-SIM-001","POV_KE":3,"LAT":1.147049,"LON":104.016752,"JARAK_M":19.2,"STATUS_POV":"baru","JML_POV":3,"POV_MEAN":33.7,"POV_MEDIAN":24.3,"POV_MIN":19.2,"POV_MAKS":57.5,"TIPE":"Bersinyal (OSM)","JENIS":"Persimpangan","NAMA_JALAN":"Jl. Budi Kemuliaan","KELURAHAN":"KAMPUNG SERAYA","KECAMATAN":"BATU AMPAR","PRIORITAS":"PRIORITAS 2","SURVEYOR":"wahyu","WAKTU":"2026-09-02T00:12:48.509Z","CARA_COCOK":"ID","JARAK_COCOK_M":0.0},"geometry":{"type":"Point","coordinates":[104.016752,1.147049]}},{"type":"Feature","id":"ANL-BAP-DUY-SIM-001-POV-01","properties":{"fid":50,"ID_POV":"ANL-BAP-DUY-SIM-001-POV-01","ID_TITIK":"ANL-BAP-DUY-SIM-001","UID":"UID-0315","ID_WEBGIS":"ANL-BAP-DUY-SIM-006","POV_KE":1,"LAT":1.162803,"LON":104.002311,"JARAK_M":49.8,"STATUS_POV":"ubah","JML_POV":3,"POV_MEAN":46.8,"POV_MEDIAN":49.8,"POV_MIN":35.1,"POV_MAKS":55.6,"TIPE":"Bersinyal (ATCS + OSM)","JENIS":"Persimpangan","NAMA_JALAN":"Jl. Yos Sudarso","KELURAHAN":"SUNGAI JODOH","KECAMATAN":"BATU AMPAR","PRIORITAS":"PRIORITAS 1","SURVEYOR":"BUDI","WAKTU":"2026-09-02T09:18:37.366Z","CARA_COCOK":"ID","JARAK_COCOK_M":0.0},"geometry":{"type":"Point","coordinates":[104.002311,1.162803]}},{"type":"Feature","id":"ANL-BAP-DUY-SIM-001-POV-02","properties":{"fid":51,"ID_POV":"ANL-BAP-DUY-SIM-001-POV-02","ID_TITIK":"ANL-BAP-DUY-SIM-001","UID":"UID-0315","ID_WEBGIS":"ANL-BAP-DUY-SIM-006","POV_KE":2,"LAT":1.163041,"LON":104.002526,"JARAK_M":55.6,"STATUS_POV":"ubah","JML_POV":3,"POV_MEAN":46.8,"POV_MEDIAN":49.8,"POV_MIN":35.1,"POV_MAKS":55.6,"TIPE":"Bersinyal (ATCS + OSM)","JENIS":"Persimpangan","NAMA_JALAN":"Jl. Yos Sudarso","KELURAHAN":"SUNGAI JODOH","KECAMATAN":"BATU AMPAR","PRIORITAS":"PRIORITAS 1","SURVEYOR":"BUDI","WAKTU":"2026-09-02T09:18:37.366Z","CARA_COCOK":"ID","JARAK_COCOK_M":0.0},"geometry":{"type":"Point","coordinates":[104.002526,1.163041]}},{"type":"Feature","id":"ANL-BAP-DUY-SIM-001-POV-03","properties":{"fid":52,"ID_POV":"ANL-BAP-DUY-SIM-001-POV-03","ID_TITIK":"ANL-BAP-DUY-SIM-001","UID":"UID-0315","ID_WEBGIS":"ANL-BAP-DUY-SIM-006","POV_KE":3,"LAT":1.162561,"LON":104.002378,"JARAK_M":35.1,"STATUS_POV":"baru","JML_POV":3,"POV_MEAN":46.8,"POV_MEDIAN":49.8,"POV_MIN":35.1,"POV_MAKS":55.6,"TIPE":"Bersinyal (ATCS + OSM)","JENIS":"Persimpangan","NAMA_JALAN":"Jl. Yos Sudarso","KELURAHAN":"SUNGAI JODOH","KECAMATAN":"BATU AMPAR","PRIORITAS":"PRIORITAS 1","SURVEYOR":"BUDI","WAKTU":"2026-09-02T09:18:37.366Z","CARA_COCOK":"ID","JARAK_COCOK_M":0.0},"geometry":{"type":"Point","coordinates":[104.002378,1.162561]}},{"type":"Feature","id":"ANL-BAP-DUY-SIM-002-POV-01","properties":{"fid":53,"ID_POV":"ANL-BAP-DUY-SIM-002-POV-01","ID_TITIK":"ANL-BAP-DUY-SIM-002","UID":"UID-0316","ID_WEBGIS":"ANL-BAP-DUY-SIM-007","POV_KE":1,"LAT":1.162818,"LON":104.002212,"JARAK_M":17.3,"STATUS_POV":"baru","JML_POV":3,"POV_MEAN":35.5,"POV_MEDIAN":37.3,"POV_MIN":17.3,"POV_MAKS":51.8,"TIPE":"Bersinyal (ATCS + OSM)","JENIS":"Persimpangan","NAMA_JALAN":"Jl. Duyung","KELURAHAN":"SUNGAI JODOH","KECAMATAN":"BATU AMPAR","PRIORITAS":"PRIORITAS 2","SURVEYOR":"BUDI","WAKTU":"2026-09-02T09:23:09.097Z","CARA_COCOK":"ID","JARAK_COCOK_M":0.0},"geometry":{"type":"Point","coordinates":[104.002212,1.162818]}},{"type":"Feature","id":"ANL-BAP-DUY-SIM-002-POV-02","properties":{"fid":54,"ID_POV":"ANL-BAP-DUY-SIM-002-POV-02","ID_TITIK":"ANL-BAP-DUY-SIM-002","UID":"UID-0316","ID_WEBGIS":"ANL-BAP-DUY-SIM-007","POV_KE":2,"LAT":1.162738,"LON":104.002579,"JARAK_M":37.3,"STATUS_POV":"baru","JML_POV":3,"POV_MEAN":35.5,"POV_MEDIAN":37.3,"POV_MIN":17.3,"POV_MAKS":51.8,"TIPE":"Bersinyal (ATCS + OSM)","JENIS":"Persimpangan","NAMA_JALAN":"Jl. Duyung","KELURAHAN":"SUNGAI JODOH","KECAMATAN":"BATU AMPAR","PRIORITAS":"PRIORITAS 2","SURVEYOR":"BUDI","WAKTU":"2026-09-02T09:23:09.097Z","CARA_COCOK":"ID","JARAK_COCOK_M":0.0},"geometry":{"type":"Point","coordinates":[104.002579,1.162738]}},{"type":"Feature","id":"ANL-BAP-DUY-SIM-002-POV-03","properties":{"fid":55,"ID_POV":"ANL-BAP-DUY-SIM-002-POV-03","ID_TITIK":"ANL-BAP-DUY-SIM-002","UID":"UID-0316","ID_WEBGIS":"ANL-BAP-DUY-SIM-007","POV_KE":3,"LAT":1.163039,"LON":104.002531,"JARAK_M":51.8,"STATUS_POV":"baru","JML_POV":3,"POV_MEAN":35.5,"POV_MEDIAN":37.3,"POV_MIN":17.3,"POV_MAKS":51.8,"TIPE":"Bersinyal (ATCS + OSM)","JENIS":"Persimpangan","NAMA_JALAN":"Jl. Duyung","KELURAHAN":"SUNGAI JODOH","KECAMATAN":"BATU AMPAR","PRIORITAS":"PRIORITAS 2","SURVEYOR":"BUDI","WAKTU":"2026-09-02T09:23:09.097Z","CARA_COCOK":"ID","JARAK_COCOK_M":0.0},"geometry":{"type":"Point","coordinates":[104.002531,1.163039]}},{"type":"Feature","id":"ANL-BAP-IBO-SIM-001-POV-01","properties":{"fid":56,"ID_POV":"ANL-BAP-IBO-SIM-001-POV-01","ID_TITIK":"ANL-BAP-IBO-SIM-001","UID":"UID-0397","ID_WEBGIS":"ANL-BAP-IBO-SIM-001","POV_KE":1,"LAT":1.150507,"LON":104.007044,"JARAK_M":40.3,"STATUS_POV":"baru","JML_POV":3,"POV_MEAN":28.5,"POV_MEDIAN":34.3,"POV_MIN":10.9,"POV_MAKS":40.3,"TIPE":"Bersinyal (ATCS + OSM)","JENIS":"Persimpangan","NAMA_JALAN":"Jl. Imam Bonjol","KELURAHAN":"SUNGAI JODOH","KECAMATAN":"BATU AMPAR","PRIORITAS":"PRIORITAS 2","SURVEYOR":"wahyu","WAKTU":"2026-09-02T04:34:00.934Z","CARA_COCOK":"ID","JARAK_COCOK_M":0.0},"geometry":{"type":"Point","coordinates":[104.007044,1.150507]}},{"type":"Feature","id":"ANL-BAP-IBO-SIM-001-POV-02","properties":{"fid":57,"ID_POV":"ANL-BAP-IBO-SIM-001-POV-02","ID_TITIK":"ANL-BAP-IBO-SIM-001","UID":"UID-0397","ID_WEBGIS":"ANL-BAP-IBO-SIM-001","POV_KE":2,"LAT":1.150252,"LON":104.007157,"JARAK_M":10.9,"STATUS_POV":"baru","JML_POV":3,"POV_MEAN":28.5,"POV_MEDIAN":34.3,"POV_MIN":10.9,"POV_MAKS":40.3,"TIPE":"Bersinyal (ATCS + OSM)","JENIS":"Persimpangan","NAMA_JALAN":"Jl. Imam Bonjol","KELURAHAN":"SUNGAI JODOH","KECAMATAN":"BATU AMPAR","PRIORITAS":"PRIORITAS 2","SURVEYOR":"wahyu","WAKTU":"2026-09-02T04:34:00.934Z","CARA_COCOK":"ID","JARAK_COCOK_M":0.0},"geometry":{"type":"Point","coordinates":[104.007157,1.150252]}},{"type":"Feature","id":"ANL-BAP-IBO-SIM-001-POV-03","properties":{"fid":58,"ID_POV":"ANL-BAP-IBO-SIM-001-POV-03","ID_TITIK":"ANL-BAP-IBO-SIM-001","UID":"UID-0397","ID_WEBGIS":"ANL-BAP-IBO-SIM-001","POV_KE":3,"LAT":1.150265,"LON":104.006847,"JARAK_M":34.3,"STATUS_POV":"baru","JML_POV":3,"POV_MEAN":28.5,"POV_MEDIAN":34.3,"POV_MIN":10.9,"POV_MAKS":40.3,"TIPE":"Bersinyal (ATCS + OSM)","JENIS":"Persimpangan","NAMA_JALAN":"Jl. Imam Bonjol","KELURAHAN":"SUNGAI JODOH","KECAMATAN":"BATU AMPAR","PRIORITAS":"PRIORITAS 2","SURVEYOR":"wahyu","WAKTU":"2026-09-02T04:34:00.934Z","CARA_COCOK":"ID","JARAK_COCOK_M":0.0},"geometry":{"type":"Point","coordinates":[104.006847,1.150265]}},{"type":"Feature","id":"ANL-BAP-IBO-SIM-002-POV-01","properties":{"fid":59,"ID_POV":"ANL-BAP-IBO-SIM-002-POV-01","ID_TITIK":"ANL-BAP-IBO-SIM-002","UID":"UID-0398","ID_WEBGIS":"ANL-BAP-IBO-SIM-002","POV_KE":1,"LAT":1.14801,"LON":104.010157,"JARAK_M":36.0,"STATUS_POV":"baru","JML_POV":3,"POV_MEAN":38.8,"POV_MEDIAN":36.0,"POV_MIN":16.4,"POV_MAKS":64.1,"TIPE":"Bersinyal (ATCS + OSM)","JENIS":"Persimpangan","NAMA_JALAN":"Jl. Imam Bonjol","KELURAHAN":"SUNGAI JODOH","KECAMATAN":"BATU AMPAR","PRIORITAS":"PRIORITAS 2","SURVEYOR":"Sutani","WAKTU":"2026-09-02T10:28:59.655Z","CARA_COCOK":"ID","JARAK_COCOK_M":0.0},"geometry":{"type":"Point","coordinates":[104.010157,1.14801]}},{"type":"Feature","id":"ANL-BAP-IBO-SIM-002-POV-02","properties":{"fid":60,"ID_POV":"ANL-BAP-IBO-SIM-002-POV-02","ID_TITIK":"ANL-BAP-IBO-SIM-002","UID":"UID-0398","ID_WEBGIS":"ANL-BAP-IBO-SIM-002","POV_KE":2,"LAT":1.147721,"LON":104.009851,"JARAK_M":64.1,"STATUS_POV":"baru","JML_POV":3,"POV_MEAN":38.8,"POV_MEDIAN":36.0,"POV_MIN":16.4,"POV_MAKS":64.1,"TIPE":"Bersinyal (ATCS + OSM)","JENIS":"Persimpangan","NAMA_JALAN":"Jl. Imam Bonjol","KELURAHAN":"SUNGAI JODOH","KECAMATAN":"BATU AMPAR","PRIORITAS":"PRIORITAS 2","SURVEYOR":"Sutani","WAKTU":"2026-09-02T10:28:59.655Z","CARA_COCOK":"ID","JARAK_COCOK_M":0.0},"geometry":{"type":"Point","coordinates":[104.009851,1.147721]}},{"type":"Feature","id":"ANL-BAP-IBO-SIM-002-POV-03","properties":{"fid":61,"ID_POV":"ANL-BAP-IBO-SIM-002-POV-03","ID_TITIK":"ANL-BAP-IBO-SIM-002","UID":"UID-0398","ID_WEBGIS":"ANL-BAP-IBO-SIM-002","POV_KE":3,"LAT":1.148201,"LON":104.009859,"JARAK_M":16.4,"STATUS_POV":"baru","JML_POV":3,"POV_MEAN":38.8,"POV_MEDIAN":36.0,"POV_MIN":16.4,"POV_MAKS":64.1,"TIPE":"Bersinyal (ATCS + OSM)","JENIS":"Persimpangan","NAMA_JALAN":"Jl. Imam Bonjol","KELURAHAN":"SUNGAI JODOH","KECAMATAN":"BATU AMPAR","PRIORITAS":"PRIORITAS 2","SURVEYOR":"Sutani","WAKTU":"2026-09-02T10:28:59.655Z","CARA_COCOK":"ID","JARAK_COCOK_M":0.0},"geometry":{"type":"Point","coordinates":[104.009859,1.148201]}},{"type":"Feature","id":"ANL-BAP-KER-SIM-001-POV-01","properties":{"fid":62,"ID_POV":"ANL-BAP-KER-SIM-001-POV-01","ID_TITIK":"ANL-BAP-KER-SIM-001","UID":"UID-0407","ID_WEBGIS":"ANL-BAP-KER-SIM-008","POV_KE":1,"LAT":1.174162,"LON":104.011549,"JARAK_M":26.1,"STATUS_POV":"ubah","JML_POV":3,"POV_MEAN":26.3,"POV_MEDIAN":26.1,"POV_MIN":20.2,"POV_MAKS":32.5,"TIPE":"Tidak Bersinyal","JENIS":"Persimpangan","NAMA_JALAN":"Jl. Tamalatea","KELURAHAN":"TANJUNG SENGKUANG","KECAMATAN":"BATU AMPAR","PRIORITAS":"PRIORITAS 2","SURVEYOR":"wahyu","WAKTU":"2026-09-01T23:57:13.845Z","CARA_COCOK":"ID","JARAK_COCOK_M":0.0},"geometry":{"type":"Point","coordinates":[104.011549,1.174162]}},{"type":"Feature","id":"ANL-BAP-KER-SIM-001-POV-02","properties":{"fid":63,"ID_POV":"ANL-BAP-KER-SIM-001-POV-02","ID_TITIK":"ANL-BAP-KER-SIM-001","UID":"UID-0407","ID_WEBGIS":"ANL-BAP-KER-SIM-008","POV_KE":2,"LAT":1.173887,"LON":104.011588,"JARAK_M":20.2,"STATUS_POV":"ubah","JML_POV":3,"POV_MEAN":26.3,"POV_MEDIAN":26.1,"POV_MIN":20.2,"POV_MAKS":32.5,"TIPE":"Tidak Bersinyal","JENIS":"Persimpangan","NAMA_JALAN":"Jl. Tamalatea","KELURAHAN":"TANJUNG SENGKUANG","KECAMATAN":"BATU AMPAR","PRIORITAS":"PRIORITAS 2","SURVEYOR":"wahyu","WAKTU":"2026-09-01T23:57:13.845Z","CARA_COCOK":"ID","JARAK_COCOK_M":0.0},"geometry":{"type":"Point","coordinates":[104.011588,1.173887]}},{"type":"Feature","id":"ANL-BAP-KER-SIM-001-POV-03","properties":{"fid":64,"ID_POV":"ANL-BAP-KER-SIM-001-POV-03","ID_TITIK":"ANL-BAP-KER-SIM-001","UID":"UID-0407","ID_WEBGIS":"ANL-BAP-KER-SIM-008","POV_KE":3,"LAT":1.173714,"LON":104.01173,"JARAK_M":32.5,"STATUS_POV":"ubah","JML_POV":3,"POV_MEAN":26.3,"POV_MEDIAN":26.1,"POV_MIN":20.2,"POV_MAKS":32.5,"TIPE":"Tidak Bersinyal","JENIS":"Persimpangan","NAMA_JALAN":"Jl. Tamalatea","KELURAHAN":"TANJUNG SENGKUANG","KECAMATAN":"BATU AMPAR","PRIORITAS":"PRIORITAS 2","SURVEYOR":"wahyu","WAKTU":"2026-09-01T23:57:13.845Z","CARA_COCOK":"ID","JARAK_COCOK_M":0.0},"geometry":{"type":"Point","coordinates":[104.01173,1.173714]}},{"type":"Feature","id":"ANL-BAP-PRA-SIM-001-POV-01","properties":{"fid":65,"ID_POV":"ANL-BAP-PRA-SIM-001-POV-01","ID_TITIK":"ANL-BAP-PRA-SIM-001","UID":"UID-0413","ID_WEBGIS":"ANL-BAP-PRA-SIM-004","POV_KE":1,"LAT":1.152167,"LON":104.008652,"JARAK_M":21.3,"STATUS_POV":"ubah","JML_POV":3,"POV_MEAN":26.4,"POV_MEDIAN":25.6,"POV_MIN":21.3,"POV_MAKS":32.4,"TIPE":"Bersinyal (ATCS + OSM)","JENIS":"Persimpangan","NAMA_JALAN":"Jl. Prambanan","KELURAHAN":"KAMPUNG SERAYA","KECAMATAN":"BATU AMPAR","PRIORITAS":"PRIORITAS 2","SURVEYOR":"Faiq","WAKTU":"2026-09-04T04:05:44.543Z","CARA_COCOK":"ID","JARAK_COCOK_M":0.0},"geometry":{"type":"Point","coordinates":[104.008652,1.152167]}},{"type":"Feature","id":"ANL-BAP-PRA-SIM-001-POV-02","properties":{"fid":66,"ID_POV":"ANL-BAP-PRA-SIM-001-POV-02","ID_TITIK":"ANL-BAP-PRA-SIM-001","UID":"UID-0413","ID_WEBGIS":"ANL-BAP-PRA-SIM-004","POV_KE":2,"LAT":1.152159,"LON":104.008368,"JARAK_M":32.4,"STATUS_POV":"ubah","JML_POV":3,"POV_MEAN":26.4,"POV_MEDIAN":25.6,"POV_MIN":21.3,"POV_MAKS":32.4,"TIPE":"Bersinyal (ATCS + OSM)","JENIS":"Persimpangan","NAMA_JALAN":"Jl. Prambanan","KELURAHAN":"KAMPUNG SERAYA","KECAMATAN":"BATU AMPAR","PRIORITAS":"PRIORITAS 2","SURVEYOR":"Faiq","WAKTU":"2026-09-04T04:05:44.543Z","CARA_COCOK":"ID","JARAK_COCOK_M":0.0},"geometry":{"type":"Point","coordinates":[104.008368,1.152159]}},{"type":"Feature","id":"ANL-BAP-PRA-SIM-001-POV-03","properties":{"fid":67,"ID_POV":"ANL-BAP-PRA-SIM-001-POV-03","ID_TITIK":"ANL-BAP-PRA-SIM-001","UID":"UID-0413","ID_WEBGIS":"ANL-BAP-PRA-SIM-004","POV_KE":3,"LAT":1.151947,"LON":104.008373,"JARAK_M":25.6,"STATUS_POV":"ubah","JML_POV":3,"POV_MEAN":26.4,"POV_MEDIAN":25.6,"POV_MIN":21.3,"POV_MAKS":32.4,"TIPE":"Bersinyal (ATCS + OSM)","JENIS":"Persimpangan","NAMA_JALAN":"Jl. Prambanan","KELURAHAN":"KAMPUNG SERAYA","KECAMATAN":"BATU AMPAR","PRIORITAS":"PRIORITAS 2","SURVEYOR":"Faiq","WAKTU":"2026-09-04T04:05:44.543Z","CARA_COCOK":"ID","JARAK_COCOK_M":0.0},"geometry":{"type":"Point","coordinates":[104.008373,1.151947]}},{"type":"Feature","id":"ANL-BAP-RAH-SIM-001-POV-01","properties":{"fid":68,"ID_POV":"ANL-BAP-RAH-SIM-001-POV-01","ID_TITIK":"ANL-BAP-RAH-SIM-001","UID":"UID-0464","ID_WEBGIS":"ANL-BAP-RAH-SIM-003","POV_KE":1,"LAT":1.15219,"LON":104.008337,"JARAK_M":12.5,"STATUS_POV":"ubah","JML_POV":3,"POV_MEAN":24.8,"POV_MEDIAN":26.3,"POV_MIN":12.5,"POV_MAKS":35.5,"TIPE":"Tidak Bersinyal","JENIS":"Persimpangan","NAMA_JALAN":"Jl. Prambanan","KELURAHAN":"SUNGAI JODOH","KECAMATAN":"BATU AMPAR","PRIORITAS":"PRIORITAS 2","SURVEYOR":"Sutani","WAKTU":"2026-09-02T11:01:56.360Z","CARA_COCOK":"ID","JARAK_COCOK_M":0.0},"geometry":{"type":"Point","coordinates":[104.008337,1.15219]}},{"type":"Feature","id":"ANL-BAP-RAH-SIM-001-POV-02","properties":{"fid":69,"ID_POV":"ANL-BAP-RAH-SIM-001-POV-02","ID_TITIK":"ANL-BAP-RAH-SIM-001","UID":"UID-0464","ID_WEBGIS":"ANL-BAP-RAH-SIM-003","POV_KE":2,"LAT":1.152057,"LON":104.008612,"JARAK_M":26.3,"STATUS_POV":"ubah","JML_POV":3,"POV_MEAN":24.8,"POV_MEDIAN":26.3,"POV_MIN":12.5,"POV_MAKS":35.5,"TIPE":"Tidak Bersinyal","JENIS":"Persimpangan","NAMA_JALAN":"Jl. Prambanan","KELURAHAN":"SUNGAI JODOH","KECAMATAN":"BATU AMPAR","PRIORITAS":"PRIORITAS 2","SURVEYOR":"Sutani","WAKTU":"2026-09-02T11:01:56.360Z","CARA_COCOK":"ID","JARAK_COCOK_M":0.0},"geometry":{"type":"Point","coordinates":[104.008612,1.152057]}},{"type":"Feature","id":"ANL-BAP-RAH-SIM-001-POV-03","properties":{"fid":70,"ID_POV":"ANL-BAP-RAH-SIM-001-POV-03","ID_TITIK":"ANL-BAP-RAH-SIM-001","UID":"UID-0464","ID_WEBGIS":"ANL-BAP-RAH-SIM-003","POV_KE":3,"LAT":1.152183,"LON":104.008681,"JARAK_M":35.5,"STATUS_POV":"baru","JML_POV":3,"POV_MEAN":24.8,"POV_MEDIAN":26.3,"POV_MIN":12.5,"POV_MAKS":35.5,"TIPE":"Tidak Bersinyal","JENIS":"Persimpangan","NAMA_JALAN":"Jl. Prambanan","KELURAHAN":"SUNGAI JODOH","KECAMATAN":"BATU AMPAR","PRIORITAS":"PRIORITAS 2","SURVEYOR":"Sutani","WAKTU":"2026-09-02T11:01:56.360Z","CARA_COCOK":"ID","JARAK_COCOK_M":0.0},"geometry":{"type":"Point","coordinates":[104.008681,1.152183]}},{"type":"Feature","id":"ANL-BAP-RAH-SIM-002-POV-01","properties":{"fid":71,"ID_POV":"ANL-BAP-RAH-SIM-002-POV-01","ID_TITIK":"ANL-BAP-RAH-SIM-002","UID":"UID-0465","ID_WEBGIS":"ANL-BAP-RAH-SIM-004","POV_KE":1,"LAT":1.148614,"LON":104.011849,"JARAK_M":52.3,"STATUS_POV":"baru","JML_POV":3,"POV_MEAN":38.8,"POV_MEDIAN":40.1,"POV_MIN":24.0,"POV_MAKS":52.3,"TIPE":"Tidak Bersinyal","JENIS":"Persimpangan","NAMA_JALAN":"Jl. Raja Ali Haji","KELURAHAN":"KAMPUNG SERAYA","KECAMATAN":"BATU AMPAR","PRIORITAS":"PRIORITAS 2","SURVEYOR":"wahyu","WAKTU":"2026-09-02T00:20:21.399Z","CARA_COCOK":"ID","JARAK_COCOK_M":0.0},"geometry":{"type":"Point","coordinates":[104.011849,1.148614]}},{"type":"Feature","id":"ANL-BAP-RAH-SIM-002-POV-02","properties":{"fid":72,"ID_POV":"ANL-BAP-RAH-SIM-002-POV-02","ID_TITIK":"ANL-BAP-RAH-SIM-002","UID":"UID-0465","ID_WEBGIS":"ANL-BAP-RAH-SIM-004","POV_KE":2,"LAT":1.148276,"LON":104.012361,"JARAK_M":40.1,"STATUS_POV":"baru","JML_POV":3,"POV_MEAN":38.8,"POV_MEDIAN":40.1,"POV_MIN":24.0,"POV_MAKS":52.3,"TIPE":"Tidak Bersinyal","JENIS":"Persimpangan","NAMA_JALAN":"Jl. Raja Ali Haji","KELURAHAN":"KAMPUNG SERAYA","KECAMATAN":"BATU AMPAR","PRIORITAS":"PRIORITAS 2","SURVEYOR":"wahyu","WAKTU":"2026-09-02T00:20:21.399Z","CARA_COCOK":"ID","JARAK_COCOK_M":0.0},"geometry":{"type":"Point","coordinates":[104.012361,1.148276]}},{"type":"Feature","id":"ANL-BAP-RAH-SIM-002-POV-03","properties":{"fid":73,"ID_POV":"ANL-BAP-RAH-SIM-002-POV-03","ID_TITIK":"ANL-BAP-RAH-SIM-002","UID":"UID-0465","ID_WEBGIS":"ANL-BAP-RAH-SIM-004","POV_KE":3,"LAT":1.148823,"LON":104.012214,"JARAK_M":24.0,"STATUS_POV":"baru","JML_POV":3,"POV_MEAN":38.8,"POV_MEDIAN":40.1,"POV_MIN":24.0,"POV_MAKS":52.3,"TIPE":"Tidak Bersinyal","JENIS":"Persimpangan","NAMA_JALAN":"Jl. Raja Ali Haji","KELURAHAN":"KAMPUNG SERAYA","KECAMATAN":"BATU AMPAR","PRIORITAS":"PRIORITAS 2","SURVEYOR":"wahyu","WAKTU":"2026-09-02T00:20:21.399Z","CARA_COCOK":"ID","JARAK_COCOK_M":0.0},"geometry":{"type":"Point","coordinates":[104.012214,1.148823]}},{"type":"Feature","id":"ANL-BAP-SAB-SIM-001-POV-01","properties":{"fid":74,"ID_POV":"ANL-BAP-SAB-SIM-001-POV-01","ID_TITIK":"ANL-BAP-SAB-SIM-001","UID":"UID-0491","ID_WEBGIS":"ANL-BAP-SAB-SIM-001","POV_KE":1,"LAT":1.148284,"LON":104.012372,"JARAK_M":78.7,"STATUS_POV":"baru","JML_POV":3,"POV_MEAN":45.2,"POV_MEDIAN":35.8,"POV_MIN":21.1,"POV_MAKS":78.7,"TIPE":"Tidak Bersinyal","JENIS":"Persimpangan","NAMA_JALAN":"Jl. Sultan Abdurrahman","KELURAHAN":"SUNGAI JODOH","KECAMATAN":"BATU AMPAR","PRIORITAS":"PRIORITAS 3","SURVEYOR":"wahyu","WAKTU":"2026-09-02T00:21:05.483Z","CARA_COCOK":"ID","JARAK_COCOK_M":0.0},"geometry":{"type":"Point","coordinates":[104.012372,1.148284]}},{"type":"Feature","id":"ANL-BAP-SAB-SIM-001-POV-02","properties":{"fid":75,"ID_POV":"ANL-BAP-SAB-SIM-001-POV-02","ID_TITIK":"ANL-BAP-SAB-SIM-001","UID":"UID-0491","ID_WEBGIS":"ANL-BAP-SAB-SIM-001","POV_KE":2,"LAT":1.148622,"LON":104.011844,"JARAK_M":21.1,"STATUS_POV":"baru","JML_POV":3,"POV_MEAN":45.2,"POV_MEDIAN":35.8,"POV_MIN":21.1,"POV_MAKS":78.7,"TIPE":"Tidak Bersinyal","JENIS":"Persimpangan","NAMA_JALAN":"Jl. Sultan Abdurrahman","KELURAHAN":"SUNGAI JODOH","KECAMATAN":"BATU AMPAR","PRIORITAS":"PRIORITAS 3","SURVEYOR":"wahyu","WAKTU":"2026-09-02T00:21:05.483Z","CARA_COCOK":"ID","JARAK_COCOK_M":0.0},"geometry":{"type":"Point","coordinates":[104.011844,1.148622]}},{"type":"Feature","id":"ANL-BAP-SAB-SIM-001-POV-03","properties":{"fid":76,"ID_POV":"ANL-BAP-SAB-SIM-001-POV-03","ID_TITIK":"ANL-BAP-SAB-SIM-001","UID":"UID-0491","ID_WEBGIS":"ANL-BAP-SAB-SIM-001","POV_KE":3,"LAT":1.148831,"LON":104.012214,"JARAK_M":35.8,"STATUS_POV":"baru","JML_POV":3,"POV_MEAN":45.2,"POV_MEDIAN":35.8,"POV_MIN":21.1,"POV_MAKS":78.7,"TIPE":"Tidak Bersinyal","JENIS":"Persimpangan","NAMA_JALAN":"Jl. Sultan Abdurrahman","KELURAHAN":"SUNGAI JODOH","KECAMATAN":"BATU AMPAR","PRIORITAS":"PRIORITAS 3","SURVEYOR":"wahyu","WAKTU":"2026-09-02T00:21:05.483Z","CARA_COCOK":"ID","JARAK_COCOK_M":0.0},"geometry":{"type":"Point","coordinates":[104.012214,1.148831]}},{"type":"Feature","id":"ANL-BAP-SJO-SIM-001-POV-01","properties":{"fid":77,"ID_POV":"ANL-BAP-SJO-SIM-001-POV-01","ID_TITIK":"ANL-BAP-SJO-SIM-001","UID":"UID-0506","ID_WEBGIS":"ANL-BAP-SJO-SIM-001","POV_KE":1,"LAT":1.150142,"LON":104.006914,"JARAK_M":29.3,"STATUS_POV":"ubah","JML_POV":3,"POV_MEAN":40.7,"POV_MEDIAN":39.8,"POV_MIN":29.3,"POV_MAKS":53.0,"TIPE":"Bersinyal (ATCS + OSM)","JENIS":"Persimpangan","NAMA_JALAN":"Jl. Sei Jodoh","KELURAHAN":"SUNGAI JODOH","KECAMATAN":"BATU AMPAR","PRIORITAS":"PRIORITAS 1","SURVEYOR":"Faiq","WAKTU":"2026-09-04T04:05:44.543Z","CARA_COCOK":"ID","JARAK_COCOK_M":0.0},"geometry":{"type":"Point","coordinates":[104.006914,1.150142]}},{"type":"Feature","id":"ANL-BAP-SJO-SIM-001-POV-02","properties":{"fid":78,"ID_POV":"ANL-BAP-SJO-SIM-001-POV-02","ID_TITIK":"ANL-BAP-SJO-SIM-001","UID":"UID-0506","ID_WEBGIS":"ANL-BAP-SJO-SIM-001","POV_KE":2,"LAT":1.150232,"LON":104.007196,"JARAK_M":53.0,"STATUS_POV":"ubah","JML_POV":3,"POV_MEAN":40.7,"POV_MEDIAN":39.8,"POV_MIN":29.3,"POV_MAKS":53.0,"TIPE":"Bersinyal (ATCS + OSM)","JENIS":"Persimpangan","NAMA_JALAN":"Jl. Sei Jodoh","KELURAHAN":"SUNGAI JODOH","KECAMATAN":"BATU AMPAR","PRIORITAS":"PRIORITAS 1","SURVEYOR":"Faiq","WAKTU":"2026-09-04T04:05:44.543Z","CARA_COCOK":"ID","JARAK_COCOK_M":0.0},"geometry":{"type":"Point","coordinates":[104.007196,1.150232]}},{"type":"Feature","id":"ANL-BAP-SJO-SIM-001-POV-03","properties":{"fid":79,"ID_POV":"ANL-BAP-SJO-SIM-001-POV-03","ID_TITIK":"ANL-BAP-SJO-SIM-001","UID":"UID-0506","ID_WEBGIS":"ANL-BAP-SJO-SIM-001","POV_KE":3,"LAT":1.150494,"LON":104.007047,"JARAK_M":39.8,"STATUS_POV":"ubah","JML_POV":3,"POV_MEAN":40.7,"POV_MEDIAN":39.8,"POV_MIN":29.3,"POV_MAKS":53.0,"TIPE":"Bersinyal (ATCS + OSM)","JENIS":"Persimpangan","NAMA_JALAN":"Jl. Sei Jodoh","KELURAHAN":"SUNGAI JODOH","KECAMATAN":"BATU AMPAR","PRIORITAS":"PRIORITAS 1","SURVEYOR":"Faiq","WAKTU":"2026-09-04T04:05:44.543Z","CARA_COCOK":"ID","JARAK_COCOK_M":0.0},"geometry":{"type":"Point","coordinates":[104.007047,1.150494]}},{"type":"Feature","id":"ANL-BAP-SJO-SIM-002-POV-01","properties":{"fid":80,"ID_POV":"ANL-BAP-SJO-SIM-002-POV-01","ID_TITIK":"ANL-BAP-SJO-SIM-002","UID":"UID-0507","ID_WEBGIS":"ANL-BAP-SJO-SIM-002","POV_KE":1,"LAT":1.150515,"LON":104.007029,"JARAK_M":16.8,"STATUS_POV":"ubah","JML_POV":3,"POV_MEAN":27.7,"POV_MEDIAN":23.4,"POV_MIN":16.8,"POV_MAKS":43.0,"TIPE":"Tidak Bersinyal","JENIS":"Persimpangan","NAMA_JALAN":"Jl. Sei Jodoh","KELURAHAN":"SUNGAI JODOH","KECAMATAN":"BATU AMPAR","PRIORITAS":"PRIORITAS 1","SURVEYOR":"Faiq","WAKTU":"2026-09-04T03:50:24.457Z","CARA_COCOK":"ID","JARAK_COCOK_M":0.0},"geometry":{"type":"Point","coordinates":[104.007029,1.150515]}},{"type":"Feature","id":"ANL-BAP-SJO-SIM-002-POV-02","properties":{"fid":81,"ID_POV":"ANL-BAP-SJO-SIM-002-POV-02","ID_TITIK":"ANL-BAP-SJO-SIM-002","UID":"UID-0507","ID_WEBGIS":"ANL-BAP-SJO-SIM-002","POV_KE":2,"LAT":1.150113,"LON":104.006898,"JARAK_M":43.0,"STATUS_POV":"ubah","JML_POV":3,"POV_MEAN":27.7,"POV_MEDIAN":23.4,"POV_MIN":16.8,"POV_MAKS":43.0,"TIPE":"Tidak Bersinyal","JENIS":"Persimpangan","NAMA_JALAN":"Jl. Sei Jodoh","KELURAHAN":"SUNGAI JODOH","KECAMATAN":"BATU AMPAR","PRIORITAS":"PRIORITAS 1","SURVEYOR":"Faiq","WAKTU":"2026-09-04T03:50:24.457Z","CARA_COCOK":"ID","JARAK_COCOK_M":0.0},"geometry":{"type":"Point","coordinates":[104.006898,1.150113]}},{"type":"Feature","id":"ANL-BAP-SJO-SIM-002-POV-03","properties":{"fid":82,"ID_POV":"ANL-BAP-SJO-SIM-002-POV-03","ID_TITIK":"ANL-BAP-SJO-SIM-002","UID":"UID-0507","ID_WEBGIS":"ANL-BAP-SJO-SIM-002","POV_KE":3,"LAT":1.150205,"LON":104.007163,"JARAK_M":23.4,"STATUS_POV":"baru","JML_POV":3,"POV_MEAN":27.7,"POV_MEDIAN":23.4,"POV_MIN":16.8,"POV_MAKS":43.0,"TIPE":"Tidak Bersinyal","JENIS":"Persimpangan","NAMA_JALAN":"Jl. Sei Jodoh","KELURAHAN":"SUNGAI JODOH","KECAMATAN":"BATU AMPAR","PRIORITAS":"PRIORITAS 1","SURVEYOR":"Faiq","WAKTU":"2026-09-04T03:50:24.457Z","CARA_COCOK":"ID","JARAK_COCOK_M":0.0},"geometry":{"type":"Point","coordinates":[104.007163,1.150205]}},{"type":"Feature","id":"ANL-BAP-TAM-SIM-001-POV-01","properties":{"fid":83,"ID_POV":"ANL-BAP-TAM-SIM-001-POV-01","ID_TITIK":"ANL-BAP-TAM-SIM-001","UID":"UID-0516","ID_WEBGIS":"ANL-BAP-TAM-SIM-009","POV_KE":1,"LAT":1.173784,"LON":104.011695,"JARAK_M":40.2,"STATUS_POV":"ubah","JML_POV":3,"POV_MEAN":21.0,"POV_MEDIAN":12.4,"POV_MIN":10.3,"POV_MAKS":40.2,"TIPE":"Tidak Bersinyal","JENIS":"Persimpangan","NAMA_JALAN":"Jl. Tamalatea","KELURAHAN":"BATU MERAH","KECAMATAN":"BATU AMPAR","PRIORITAS":"PRIORITAS 2","SURVEYOR":"wahyu","WAKTU":"2026-09-02T00:01:36.539Z","CARA_COCOK":"ID","JARAK_COCOK_M":0.0},"geometry":{"type":"Point","coordinates":[104.011695,1.173784]}},{"type":"Feature","id":"ANL-BAP-TAM-SIM-001-POV-02","properties":{"fid":84,"ID_POV":"ANL-BAP-TAM-SIM-001-POV-02","ID_TITIK":"ANL-BAP-TAM-SIM-001","UID":"UID-0516","ID_WEBGIS":"ANL-BAP-TAM-SIM-009","POV_KE":2,"LAT":1.174161,"LON":104.011554,"JARAK_M":10.3,"STATUS_POV":"ubah","JML_POV":3,"POV_MEAN":21.0,"POV_MEDIAN":12.4,"POV_MIN":10.3,"POV_MAKS":40.2,"TIPE":"Tidak Bersinyal","JENIS":"Persimpangan","NAMA_JALAN":"Jl. Tamalatea","KELURAHAN":"BATU MERAH","KECAMATAN":"BATU AMPAR","PRIORITAS":"PRIORITAS 2","SURVEYOR":"wahyu","WAKTU":"2026-09-02T00:01:36.539Z","CARA_COCOK":"ID","JARAK_COCOK_M":0.0},"geometry":{"type":"Point","coordinates":[104.011554,1.174161]}},{"type":"Feature","id":"ANL-BAP-TAM-SIM-001-POV-03","properties":{"fid":85,"ID_POV":"ANL-BAP-TAM-SIM-001-POV-03","ID_TITIK":"ANL-BAP-TAM-SIM-001","UID":"UID-0516","ID_WEBGIS":"ANL-BAP-TAM-SIM-009","POV_KE":3,"LAT":1.174153,"LON":104.011756,"JARAK_M":12.4,"STATUS_POV":"ubah","JML_POV":3,"POV_MEAN":21.0,"POV_MEDIAN":12.4,"POV_MIN":10.3,"POV_MAKS":40.2,"TIPE":"Tidak Bersinyal","JENIS":"Persimpangan","NAMA_JALAN":"Jl. Tamalatea","KELURAHAN":"BATU MERAH","KECAMATAN":"BATU AMPAR","PRIORITAS":"PRIORITAS 2","SURVEYOR":"wahyu","WAKTU":"2026-09-02T00:01:36.539Z","CARA_COCOK":"ID","JARAK_COCOK_M":0.0},"geometry":{"type":"Point","coordinates":[104.011756,1.174153]}},{"type":"Feature","id":"ANL-BAP-UNK-SIM-001-POV-01","properties":{"fid":86,"ID_POV":"ANL-BAP-UNK-SIM-001-POV-01","ID_TITIK":"ANL-BAP-UNK-SIM-001","UID":"UID-0517","ID_WEBGIS":"ANL-BAP-UNK-SIM-005","POV_KE":1,"LAT":1.162752,"LON":104.002614,"JARAK_M":32.4,"STATUS_POV":"ubah","JML_POV":3,"POV_MEAN":30.3,"POV_MEDIAN":32.4,"POV_MIN":20.5,"POV_MAKS":38.0,"TIPE":"Bersinyal (ATCS + OSM)","JENIS":"Persimpangan","NAMA_JALAN":"Jl. Yos Sudarso","KELURAHAN":"BATU MERAH","KECAMATAN":"BATU AMPAR","PRIORITAS":"PRIORITAS 1","SURVEYOR":"Fitrah Ramadhan","WAKTU":"2026-09-02T11:28:54.159Z","CARA_COCOK":"ID","JARAK_COCOK_M":0.0},"geometry":{"type":"Point","coordinates":[104.002614,1.162752]}},{"type":"Feature","id":"ANL-BAP-UNK-SIM-001-POV-02","properties":{"fid":87,"ID_POV":"ANL-BAP-UNK-SIM-001-POV-02","ID_TITIK":"ANL-BAP-UNK-SIM-001","UID":"UID-0517","ID_WEBGIS":"ANL-BAP-UNK-SIM-005","POV_KE":2,"LAT":1.16262,"LON":104.00233,"JARAK_M":38.0,"STATUS_POV":"asli","JML_POV":3,"POV_MEAN":30.3,"POV_MEDIAN":32.4,"POV_MIN":20.5,"POV_MAKS":38.0,"TIPE":"Bersinyal (ATCS + OSM)","JENIS":"Persimpangan","NAMA_JALAN":"Jl. Yos Sudarso","KELURAHAN":"BATU MERAH","KECAMATAN":"BATU AMPAR","PRIORITAS":"PRIORITAS 1","SURVEYOR":"Fitrah Ramadhan","WAKTU":"2026-09-02T11:28:54.159Z","CARA_COCOK":"ID","JARAK_COCOK_M":0.0},"geometry":{"type":"Point","coordinates":[104.00233,1.16262]}},{"type":"Feature","id":"ANL-BAP-UNK-SIM-001-POV-03","properties":{"fid":88,"ID_POV":"ANL-BAP-UNK-SIM-001-POV-03","ID_TITIK":"ANL-BAP-UNK-SIM-001","UID":"UID-0517","ID_WEBGIS":"ANL-BAP-UNK-SIM-005","POV_KE":3,"LAT":1.163085,"LON":104.002534,"JARAK_M":20.5,"STATUS_POV":"baru","JML_POV":3,"POV_MEAN":30.3,"POV_MEDIAN":32.4,"POV_MIN":20.5,"POV_MAKS":38.0,"TIPE":"Bersinyal (ATCS + OSM)","JENIS":"Persimpangan","NAMA_JALAN":"Jl. Yos Sudarso","KELURAHAN":"BATU MERAH","KECAMATAN":"BATU AMPAR","PRIORITAS":"PRIORITAS 1","SURVEYOR":"Fitrah Ramadhan","WAKTU":"2026-09-02T11:28:54.159Z","CARA_COCOK":"ID","JARAK_COCOK_M":0.0},"geometry":{"type":"Point","coordinates":[104.002534,1.163085]}},{"type":"Feature","id":"ANL-BAP-YSU-SIM-001-POV-01","properties":{"fid":89,"ID_POV":"ANL-BAP-YSU-SIM-001-POV-01","ID_TITIK":"ANL-BAP-YSU-SIM-001","UID":"UID-0524","ID_WEBGIS":"ANL-BAP-YSU-SIM-007","POV_KE":1,"LAT":1.160772,"LON":104.016827,"JARAK_M":34.5,"STATUS_POV":"ubah","JML_POV":3,"POV_MEAN":34.6,"POV_MEDIAN":34.5,"POV_MIN":22.2,"POV_MAKS":47.0,"TIPE":"Tidak Bersinyal","JENIS":"Persimpangan","NAMA_JALAN":"Jl. Yos Sudarso","KELURAHAN":"KAMPUNG SERAYA","KECAMATAN":"BATU AMPAR","PRIORITAS":"PRIORITAS 1","SURVEYOR":"Fitrah Ramadhan","WAKTU":"2026-09-02T11:32:26.581Z","CARA_COCOK":"ID","JARAK_COCOK_M":0.0},"geometry":{"type":"Point","coordinates":[104.016827,1.160772]}},{"type":"Feature","id":"ANL-BAP-YSU-SIM-001-POV-02","properties":{"fid":90,"ID_POV":"ANL-BAP-YSU-SIM-001-POV-02","ID_TITIK":"ANL-BAP-YSU-SIM-001","UID":"UID-0524","ID_WEBGIS":"ANL-BAP-YSU-SIM-007","POV_KE":2,"LAT":1.160378,"LON":104.016913,"JARAK_M":22.2,"STATUS_POV":"ubah","JML_POV":3,"POV_MEAN":34.6,"POV_MEDIAN":34.5,"POV_MIN":22.2,"POV_MAKS":47.0,"TIPE":"Tidak Bersinyal","JENIS":"Persimpangan","NAMA_JALAN":"Jl. Yos Sudarso","KELURAHAN":"KAMPUNG SERAYA","KECAMATAN":"BATU AMPAR","PRIORITAS":"PRIORITAS 1","SURVEYOR":"Fitrah Ramadhan","WAKTU":"2026-09-02T11:32:26.581Z","CARA_COCOK":"ID","JARAK_COCOK_M":0.0},"geometry":{"type":"Point","coordinates":[104.016913,1.160378]}},{"type":"Feature","id":"ANL-BAP-YSU-SIM-001-POV-03","properties":{"fid":91,"ID_POV":"ANL-BAP-YSU-SIM-001-POV-03","ID_TITIK":"ANL-BAP-YSU-SIM-001","UID":"UID-0524","ID_WEBGIS":"ANL-BAP-YSU-SIM-007","POV_KE":3,"LAT":1.160574,"LON":104.017149,"JARAK_M":47.0,"STATUS_POV":"baru","JML_POV":3,"POV_MEAN":34.6,"POV_MEDIAN":34.5,"POV_MIN":22.2,"POV_MAKS":47.0,"TIPE":"Tidak Bersinyal","JENIS":"Persimpangan","NAMA_JALAN":"Jl. Yos Sudarso","KELURAHAN":"KAMPUNG SERAYA","KECAMATAN":"BATU AMPAR","PRIORITAS":"PRIORITAS 1","SURVEYOR":"Fitrah Ramadhan","WAKTU":"2026-09-02T11:32:26.581Z","CARA_COCOK":"ID","JARAK_COCOK_M":0.0},"geometry":{"type":"Point","coordinates":[104.017149,1.160574]}},{"type":"Feature","id":"ANL-BAP-YSU-SIM-002-POV-01","properties":{"fid":92,"ID_POV":"ANL-BAP-YSU-SIM-002-POV-01","ID_TITIK":"ANL-BAP-YSU-SIM-002","UID":"UID-0525","ID_WEBGIS":"ANL-BAP-YSU-SIM-008","POV_KE":1,"LAT":1.162813,"LON":104.002255,"JARAK_M":68.4,"STATUS_POV":"baru","JML_POV":3,"POV_MEAN":68.7,"POV_MEDIAN":68.4,"POV_MIN":55.5,"POV_MAKS":82.2,"TIPE":"Bersinyal (ATCS + OSM)","JENIS":"Persimpangan","NAMA_JALAN":"Jl. Yos Sudarso","KELURAHAN":"SUNGAI JODOH","KECAMATAN":"BATU AMPAR","PRIORITAS":"PRIORITAS 2","SURVEYOR":"Fitrah Ramadhan","WAKTU":"2026-09-02T11:35:06.263Z","CARA_COCOK":"ID","JARAK_COCOK_M":0.0},"geometry":{"type":"Point","coordinates":[104.002255,1.162813]}},{"type":"Feature","id":"ANL-BAP-YSU-SIM-002-POV-02","properties":{"fid":93,"ID_POV":"ANL-BAP-YSU-SIM-002-POV-02","ID_TITIK":"ANL-BAP-YSU-SIM-002","UID":"UID-0525","ID_WEBGIS":"ANL-BAP-YSU-SIM-008","POV_KE":2,"LAT":1.162545,"LON":104.00237,"JARAK_M":82.2,"STATUS_POV":"baru","JML_POV":3,"POV_MEAN":68.7,"POV_MEDIAN":68.4,"POV_MIN":55.5,"POV_MAKS":82.2,"TIPE":"Bersinyal (ATCS + OSM)","JENIS":"Persimpangan","NAMA_JALAN":"Jl. Yos Sudarso","KELURAHAN":"SUNGAI JODOH","KECAMATAN":"BATU AMPAR","PRIORITAS":"PRIORITAS 2","SURVEYOR":"Fitrah Ramadhan","WAKTU":"2026-09-02T11:35:06.263Z","CARA_COCOK":"ID","JARAK_COCOK_M":0.0},"geometry":{"type":"Point","coordinates":[104.00237,1.162545]}},{"type":"Feature","id":"ANL-BAP-YSU-SIM-002-POV-03","properties":{"fid":94,"ID_POV":"ANL-BAP-YSU-SIM-002-POV-03","ID_TITIK":"ANL-BAP-YSU-SIM-002","UID":"UID-0525","ID_WEBGIS":"ANL-BAP-YSU-SIM-008","POV_KE":3,"LAT":1.162695,"LON":104.002872,"JARAK_M":55.5,"STATUS_POV":"baru","JML_POV":3,"POV_MEAN":68.7,"POV_MEDIAN":68.4,"POV_MIN":55.5,"POV_MAKS":82.2,"TIPE":"Bersinyal (ATCS + OSM)","JENIS":"Persimpangan","NAMA_JALAN":"Jl. Yos Sudarso","KELURAHAN":"SUNGAI JODOH","KECAMATAN":"BATU AMPAR","PRIORITAS":"PRIORITAS 2","SURVEYOR":"Fitrah Ramadhan","WAKTU":"2026-09-02T11:35:06.263Z","CARA_COCOK":"ID","JARAK_COCOK_M":0.0},"geometry":{"type":"Point","coordinates":[104.002872,1.162695]}},{"type":"Feature","id":"ANL-BNK-BHA-SIM-001-POV-01","properties":{"fid":95,"ID_POV":"ANL-BNK-BHA-SIM-001-POV-01","ID_TITIK":"ANL-BNK-BHA-SIM-001","UID":"UID-0526","ID_WEBGIS":"ANL-BNK-BHA-SIM-010","POV_KE":1,"LAT":1.150574,"LON":104.025397,"JARAK_M":20.3,"STATUS_POV":"ubah","JML_POV":3,"POV_MEAN":36.4,"POV_MEDIAN":43.4,"POV_MIN":20.3,"POV_MAKS":45.4,"TIPE":"Bersinyal (ATCS)","JENIS":"Persimpangan","NAMA_JALAN":"Jl. Raya Sei Panas","KELURAHAN":"BENGKONG LAUT","KECAMATAN":"BENGKONG","PRIORITAS":"PRIORITAS 2","SURVEYOR":"wahyu","WAKTU":"2026-09-02T05:15:30.931Z","CARA_COCOK":"ID","JARAK_COCOK_M":0.0},"geometry":{"type":"Point","coordinates":[104.025397,1.150574]}},{"type":"Feature","id":"ANL-BNK-BHA-SIM-001-POV-02","properties":{"fid":96,"ID_POV":"ANL-BNK-BHA-SIM-001-POV-02","ID_TITIK":"ANL-BNK-BHA-SIM-001","UID":"UID-0526","ID_WEBGIS":"ANL-BNK-BHA-SIM-010","POV_KE":2,"LAT":1.150231,"LON":104.025654,"JARAK_M":45.4,"STATUS_POV":"ubah","JML_POV":3,"POV_MEAN":36.4,"POV_MEDIAN":43.4,"POV_MIN":20.3,"POV_MAKS":45.4,"TIPE":"Bersinyal (ATCS)","JENIS":"Persimpangan","NAMA_JALAN":"Jl. Raya Sei Panas","KELURAHAN":"BENGKONG LAUT","KECAMATAN":"BENGKONG","PRIORITAS":"PRIORITAS 2","SURVEYOR":"wahyu","WAKTU":"2026-09-02T05:15:30.931Z","CARA_COCOK":"ID","JARAK_COCOK_M":0.0},"geometry":{"type":"Point","coordinates":[104.025654,1.150231]}},{"type":"Feature","id":"ANL-BNK-BHA-SIM-001-POV-03","properties":{"fid":97,"ID_POV":"ANL-BNK-BHA-SIM-001-POV-03","ID_TITIK":"ANL-BNK-BHA-SIM-001","UID":"UID-0526","ID_WEBGIS":"ANL-BNK-BHA-SIM-010","POV_KE":3,"LAT":1.150475,"LON":104.025681,"JARAK_M":43.4,"STATUS_POV":"ubah","JML_POV":3,"POV_MEAN":36.4,"POV_MEDIAN":43.4,"POV_MIN":20.3,"POV_MAKS":45.4,"TIPE":"Bersinyal (ATCS)","JENIS":"Persimpangan","NAMA_JALAN":"Jl. Raya Sei Panas","KELURAHAN":"BENGKONG LAUT","KECAMATAN":"BENGKONG","PRIORITAS":"PRIORITAS 2","SURVEYOR":"wahyu","WAKTU":"2026-09-02T05:15:30.931Z","CARA_COCOK":"ID","JARAK_COCOK_M":0.0},"geometry":{"type":"Point","coordinates":[104.025681,1.150475]}},{"type":"Feature","id":"ANL-BNK-PPU-SIM-001-POV-01","properties":{"fid":98,"ID_POV":"ANL-BNK-PPU-SIM-001-POV-01","ID_TITIK":"ANL-BNK-PPU-SIM-001","UID":"UID-0529","ID_WEBGIS":"ANL-BNK-PPU-SIM-001","POV_KE":1,"LAT":1.136302,"LON":104.045495,"JARAK_M":27.1,"STATUS_POV":"ubah","JML_POV":3,"POV_MEAN":40.6,"POV_MEDIAN":40.9,"POV_MIN":27.1,"POV_MAKS":53.7,"TIPE":"Tidak Bersinyal","JENIS":"Persimpangan","NAMA_JALAN":"Jl. Pasir Putih","KELURAHAN":"SADAI","KECAMATAN":"BENGKONG","PRIORITAS":"PRIORITAS 3","SURVEYOR":"wahyu","WAKTU":"2026-09-02T03:55:20.503Z","CARA_COCOK":"ID","JARAK_COCOK_M":0.0},"geometry":{"type":"Point","coordinates":[104.045495,1.136302]}},{"type":"Feature","id":"ANL-BNK-PPU-SIM-001-POV-02","properties":{"fid":99,"ID_POV":"ANL-BNK-PPU-SIM-001-POV-02","ID_TITIK":"ANL-BNK-PPU-SIM-001","UID":"UID-0529","ID_WEBGIS":"ANL-BNK-PPU-SIM-001","POV_KE":2,"LAT":1.136497,"LON":104.045864,"JARAK_M":40.9,"STATUS_POV":"ubah","JML_POV":3,"POV_MEAN":40.6,"POV_MEDIAN":40.9,"POV_MIN":27.1,"POV_MAKS":53.7,"TIPE":"Tidak Bersinyal","JENIS":"Persimpangan","NAMA_JALAN":"Jl. Pasir Putih","KELURAHAN":"SADAI","KECAMATAN":"BENGKONG","PRIORITAS":"PRIORITAS 3","SURVEYOR":"wahyu","WAKTU":"2026-09-02T03:55:20.503Z","CARA_COCOK":"ID","JARAK_COCOK_M":0.0},"geometry":{"type":"Point","coordinates":[104.045864,1.136497]}},{"type":"Feature","id":"ANL-BNK-PPU-SIM-001-POV-03","properties":{"fid":100,"ID_POV":"ANL-BNK-PPU-SIM-001-POV-03","ID_TITIK":"ANL-BNK-PPU-SIM-001","UID":"UID-0529","ID_WEBGIS":"ANL-BNK-PPU-SIM-001","POV_KE":3,"LAT":1.136123,"LON":104.045732,"JARAK_M":53.7,"STATUS_POV":"ubah","JML_POV":3,"POV_MEAN":40.6,"POV_MEDIAN":40.9,"POV_MIN":27.1,"POV_MAKS":53.7,"TIPE":"Tidak Bersinyal","JENIS":"Persimpangan","NAMA_JALAN":"Jl. Pasir Putih","KELURAHAN":"SADAI","KECAMATAN":"BENGKONG","PRIORITAS":"PRIORITAS 3","SURVEYOR":"wahyu","WAKTU":"2026-09-02T03:55:20.503Z","CARA_COCOK":"ID","JARAK_COCOK_M":0.0},"geometry":{"type":"Point","coordinates":[104.045732,1.136123]}},{"type":"Feature","id":"ANL-BNK-PPU-SIM-002-POV-01","properties":{"fid":101,"ID_POV":"ANL-BNK-PPU-SIM-002-POV-01","ID_TITIK":"ANL-BNK-PPU-SIM-002","UID":"UID-0530","ID_WEBGIS":"ANL-BNK-PPU-SIM-007","POV_KE":1,"LAT":1.14977,"LON":104.049357,"JARAK_M":46.8,"STATUS_POV":"ubah","JML_POV":3,"POV_MEAN":57.8,"POV_MEDIAN":51.1,"POV_MIN":46.8,"POV_MAKS":75.6,"TIPE":"Tidak Bersinyal","JENIS":"Persimpangan","NAMA_JALAN":"Jl. Pasir Putih","KELURAHAN":"SADAI","KECAMATAN":"BENGKONG","PRIORITAS":"PRIORITAS 2","SURVEYOR":"Faiq","WAKTU":"2026-09-04T03:41:08.078Z","CARA_COCOK":"ID","JARAK_COCOK_M":0.0},"geometry":{"type":"Point","coordinates":[104.049357,1.14977]}},{"type":"Feature","id":"ANL-BNK-PPU-SIM-002-POV-02","properties":{"fid":102,"ID_POV":"ANL-BNK-PPU-SIM-002-POV-02","ID_TITIK":"ANL-BNK-PPU-SIM-002","UID":"UID-0530","ID_WEBGIS":"ANL-BNK-PPU-SIM-007","POV_KE":2,"LAT":1.15058,"LON":104.049674,"JARAK_M":75.6,"STATUS_POV":"ubah","JML_POV":3,"POV_MEAN":57.8,"POV_MEDIAN":51.1,"POV_MIN":46.8,"POV_MAKS":75.6,"TIPE":"Tidak Bersinyal","JENIS":"Persimpangan","NAMA_JALAN":"Jl. Pasir Putih","KELURAHAN":"SADAI","KECAMATAN":"BENGKONG","PRIORITAS":"PRIORITAS 2","SURVEYOR":"Faiq","WAKTU":"2026-09-04T03:41:08.078Z","CARA_COCOK":"ID","JARAK_COCOK_M":0.0},"geometry":{"type":"Point","coordinates":[104.049674,1.15058]}},{"type":"Feature","id":"ANL-BNK-PPU-SIM-002-POV-03","properties":{"fid":103,"ID_POV":"ANL-BNK-PPU-SIM-002-POV-03","ID_TITIK":"ANL-BNK-PPU-SIM-002","UID":"UID-0530","ID_WEBGIS":"ANL-BNK-PPU-SIM-007","POV_KE":3,"LAT":1.149662,"LON":104.050146,"JARAK_M":51.1,"STATUS_POV":"baru","JML_POV":3,"POV_MEAN":57.8,"POV_MEDIAN":51.1,"POV_MIN":46.8,"POV_MAKS":75.6,"TIPE":"Tidak Bersinyal","JENIS":"Persimpangan","NAMA_JALAN":"Jl. Pasir Putih","KELURAHAN":"SADAI","KECAMATAN":"BENGKONG","PRIORITAS":"PRIORITAS 2","SURVEYOR":"Faiq","WAKTU":"2026-09-04T03:41:08.078Z","CARA_COCOK":"ID","JARAK_COCOK_M":0.0},"geometry":{"type":"Point","coordinates":[104.050146,1.149662]}},{"type":"Feature","id":"ANL-BNK-PPU-SIM-003-POV-01","properties":{"fid":104,"ID_POV":"ANL-BNK-PPU-SIM-003-POV-01","ID_TITIK":"ANL-BNK-PPU-SIM-003","UID":"UID-0531","ID_WEBGIS":"ANL-BNK-PPU-SIM-008","POV_KE":1,"LAT":1.150129,"LON":104.050355,"JARAK_M":64.4,"STATUS_POV":"ubah","JML_POV":3,"POV_MEAN":61.5,"POV_MEDIAN":64.4,"POV_MIN":45.7,"POV_MAKS":74.5,"TIPE":"Bersinyal (ATCS)","JENIS":"Persimpangan","NAMA_JALAN":"Jl. Pasir Putih","KELURAHAN":"SADAI","KECAMATAN":"BENGKONG","PRIORITAS":"PRIORITAS 2","SURVEYOR":"Faiq","WAKTU":"2026-09-04T03:44:28.205Z","CARA_COCOK":"ID","JARAK_COCOK_M":0.0},"geometry":{"type":"Point","coordinates":[104.050355,1.150129]}},{"type":"Feature","id":"ANL-BNK-PPU-SIM-003-POV-02","properties":{"fid":105,"ID_POV":"ANL-BNK-PPU-SIM-003-POV-02","ID_TITIK":"ANL-BNK-PPU-SIM-003","UID":"UID-0531","ID_WEBGIS":"ANL-BNK-PPU-SIM-008","POV_KE":2,"LAT":1.150215,"LON":104.049663,"JARAK_M":74.5,"STATUS_POV":"ubah","JML_POV":3,"POV_MEAN":61.5,"POV_MEDIAN":64.4,"POV_MIN":45.7,"POV_MAKS":74.5,"TIPE":"Bersinyal (ATCS)","JENIS":"Persimpangan","NAMA_JALAN":"Jl. Pasir Putih","KELURAHAN":"SADAI","KECAMATAN":"BENGKONG","PRIORITAS":"PRIORITAS 2","SURVEYOR":"Faiq","WAKTU":"2026-09-04T03:44:28.205Z","CARA_COCOK":"ID","JARAK_COCOK_M":0.0},"geometry":{"type":"Point","coordinates":[104.049663,1.150215]}},{"type":"Feature","id":"ANL-BNK-PPU-SIM-003-POV-03","properties":{"fid":106,"ID_POV":"ANL-BNK-PPU-SIM-003-POV-03","ID_TITIK":"ANL-BNK-PPU-SIM-003","UID":"UID-0531","ID_WEBGIS":"ANL-BNK-PPU-SIM-008","POV_KE":3,"LAT":1.149793,"LON":104.049641,"JARAK_M":45.7,"STATUS_POV":"baru","JML_POV":3,"POV_MEAN":61.5,"POV_MEDIAN":64.4,"POV_MIN":45.7,"POV_MAKS":74.5,"TIPE":"Bersinyal (ATCS)","JENIS":"Persimpangan","NAMA_JALAN":"Jl. Pasir Putih","KELURAHAN":"SADAI","KECAMATAN":"BENGKONG","PRIORITAS":"PRIORITAS 2","SURVEYOR":"Faiq","WAKTU":"2026-09-04T03:44:28.205Z","CARA_COCOK":"ID","JARAK_COCOK_M":0.0},"geometry":{"type":"Point","coordinates":[104.049641,1.149793]}},{"type":"Feature","id":"ANL-BNK-SPA-SIM-001-POV-01","properties":{"fid":107,"ID_POV":"ANL-BNK-SPA-SIM-001-POV-01","ID_TITIK":"ANL-BNK-SPA-SIM-001","UID":"UID-0535","ID_WEBGIS":"ANL-BNK-SPA-SIM-009","POV_KE":1,"LAT":1.150207,"LON":104.025696,"JARAK_M":24.2,"STATUS_POV":"ubah","JML_POV":3,"POV_MEAN":36.8,"POV_MEDIAN":36.8,"POV_MIN":24.2,"POV_MAKS":49.5,"TIPE":"Bersinyal (ATCS)","JENIS":"Persimpangan","NAMA_JALAN":"Jl. Raya Sei Panas","KELURAHAN":"BENGKONG INDAH","KECAMATAN":"BENGKONG","PRIORITAS":"PRIORITAS 2","SURVEYOR":"Fitrah Ramadhan","WAKTU":"2026-09-02T12:56:39.567Z","CARA_COCOK":"ID","JARAK_COCOK_M":0.0},"geometry":{"type":"Point","coordinates":[104.025696,1.150207]}},{"type":"Feature","id":"ANL-BNK-SPA-SIM-001-POV-02","properties":{"fid":108,"ID_POV":"ANL-BNK-SPA-SIM-001-POV-02","ID_TITIK":"ANL-BNK-SPA-SIM-001","UID":"UID-0535","ID_WEBGIS":"ANL-BNK-SPA-SIM-009","POV_KE":2,"LAT":1.15058,"LON":104.025384,"JARAK_M":36.8,"STATUS_POV":"ubah","JML_POV":3,"POV_MEAN":36.8,"POV_MEDIAN":36.8,"POV_MIN":24.2,"POV_MAKS":49.5,"TIPE":"Bersinyal (ATCS)","JENIS":"Persimpangan","NAMA_JALAN":"Jl. Raya Sei Panas","KELURAHAN":"BENGKONG INDAH","KECAMATAN":"BENGKONG","PRIORITAS":"PRIORITAS 2","SURVEYOR":"Fitrah Ramadhan","WAKTU":"2026-09-02T12:56:39.567Z","CARA_COCOK":"ID","JARAK_COCOK_M":0.0},"geometry":{"type":"Point","coordinates":[104.025384,1.15058]}},{"type":"Feature","id":"ANL-BNK-SPA-SIM-001-POV-03","properties":{"fid":109,"ID_POV":"ANL-BNK-SPA-SIM-001-POV-03","ID_TITIK":"ANL-BNK-SPA-SIM-001","UID":"UID-0535","ID_WEBGIS":"ANL-BNK-SPA-SIM-009","POV_KE":3,"LAT":1.150306,"LON":104.025247,"JARAK_M":49.5,"STATUS_POV":"ubah","JML_POV":3,"POV_MEAN":36.8,"POV_MEDIAN":36.8,"POV_MIN":24.2,"POV_MAKS":49.5,"TIPE":"Bersinyal (ATCS)","JENIS":"Persimpangan","NAMA_JALAN":"Jl. Raya Sei Panas","KELURAHAN":"BENGKONG INDAH","KECAMATAN":"BENGKONG","PRIORITAS":"PRIORITAS 2","SURVEYOR":"Fitrah Ramadhan","WAKTU":"2026-09-02T12:56:39.567Z","CARA_COCOK":"ID","JARAK_COCOK_M":0.0},"geometry":{"type":"Point","coordinates":[104.025247,1.150306]}},{"type":"Feature","id":"ANL-BNK-SUM-SIM-001-POV-01","properties":{"fid":110,"ID_POV":"ANL-BNK-SUM-SIM-001-POV-01","ID_TITIK":"ANL-BNK-SUM-SIM-001","UID":"UID-0539","ID_WEBGIS":"ANL-BNK-SUM-SIM-002","POV_KE":1,"LAT":1.16026,"LON":104.01697,"JARAK_M":50.4,"STATUS_POV":"ubah","JML_POV":3,"POV_MEAN":33.0,"POV_MEDIAN":27.1,"POV_MIN":21.4,"POV_MAKS":50.4,"TIPE":"Tidak Bersinyal","JENIS":"Persimpangan","NAMA_JALAN":"Jl. Sumatera","KELURAHAN":"TANJUNG BUNTU","KECAMATAN":"BENGKONG","PRIORITAS":"PRIORITAS 1","SURVEYOR":"Fitrah Ramadhan","WAKTU":"2026-09-02T13:11:58.806Z","CARA_COCOK":"ID","JARAK_COCOK_M":0.0},"geometry":{"type":"Point","coordinates":[104.01697,1.16026]}},{"type":"Feature","id":"ANL-BNK-SUM-SIM-001-POV-02","properties":{"fid":111,"ID_POV":"ANL-BNK-SUM-SIM-001-POV-02","ID_TITIK":"ANL-BNK-SUM-SIM-001","UID":"UID-0539","ID_WEBGIS":"ANL-BNK-SUM-SIM-002","POV_KE":2,"LAT":1.160789,"LON":104.016806,"JARAK_M":21.4,"STATUS_POV":"ubah","JML_POV":3,"POV_MEAN":33.0,"POV_MEDIAN":27.1,"POV_MIN":21.4,"POV_MAKS":50.4,"TIPE":"Tidak Bersinyal","JENIS":"Persimpangan","NAMA_JALAN":"Jl. Sumatera","KELURAHAN":"TANJUNG BUNTU","KECAMATAN":"BENGKONG","PRIORITAS":"PRIORITAS 1","SURVEYOR":"Fitrah Ramadhan","WAKTU":"2026-09-02T13:11:58.806Z","CARA_COCOK":"ID","JARAK_COCOK_M":0.0},"geometry":{"type":"Point","coordinates":[104.016806,1.160789]}},{"type":"Feature","id":"ANL-BNK-SUM-SIM-001-POV-03","properties":{"fid":112,"ID_POV":"ANL-BNK-SUM-SIM-001-POV-03","ID_TITIK":"ANL-BNK-SUM-SIM-001","UID":"UID-0539","ID_WEBGIS":"ANL-BNK-SUM-SIM-002","POV_KE":3,"LAT":1.160605,"LON":104.017202,"JARAK_M":27.1,"STATUS_POV":"baru","JML_POV":3,"POV_MEAN":33.0,"POV_MEDIAN":27.1,"POV_MIN":21.4,"POV_MAKS":50.4,"TIPE":"Tidak Bersinyal","JENIS":"Persimpangan","NAMA_JALAN":"Jl. Sumatera","KELURAHAN":"TANJUNG BUNTU","KECAMATAN":"BENGKONG","PRIORITAS":"PRIORITAS 1","SURVEYOR":"Fitrah Ramadhan","WAKTU":"2026-09-02T13:11:58.806Z","CARA_COCOK":"ID","JARAK_COCOK_M":0.0},"geometry":{"type":"Point","coordinates":[104.017202,1.160605]}},{"type":"Feature","id":"ANL-BNK-SUM-SIM-002-POV-01","properties":{"fid":113,"ID_POV":"ANL-BNK-SUM-SIM-002-POV-01","ID_TITIK":"ANL-BNK-SUM-SIM-002","UID":"UID-0540","ID_WEBGIS":"ANL-BNK-SUM-SIM-005","POV_KE":1,"LAT":1.15815,"LON":104.025005,"JARAK_M":49.0,"STATUS_POV":"ubah","JML_POV":3,"POV_MEAN":39.2,"POV_MEDIAN":36.2,"POV_MIN":32.4,"POV_MAKS":49.0,"TIPE":"Tidak Bersinyal","JENIS":"Persimpangan","NAMA_JALAN":"Jl. Sumatera","KELURAHAN":"TANJUNG BUNTU","KECAMATAN":"BENGKONG","PRIORITAS":"PRIORITAS 3","SURVEYOR":"wahyu","WAKTU":"2026-09-02T02:54:21.256Z","CARA_COCOK":"ID","JARAK_COCOK_M":0.0},"geometry":{"type":"Point","coordinates":[104.025005,1.15815]}},{"type":"Feature","id":"ANL-BNK-SUM-SIM-002-POV-02","properties":{"fid":114,"ID_POV":"ANL-BNK-SUM-SIM-002-POV-02","ID_TITIK":"ANL-BNK-SUM-SIM-002","UID":"UID-0540","ID_WEBGIS":"ANL-BNK-SUM-SIM-005","POV_KE":2,"LAT":1.158409,"LON":104.025228,"JARAK_M":32.4,"STATUS_POV":"ubah","JML_POV":3,"POV_MEAN":39.2,"POV_MEDIAN":36.2,"POV_MIN":32.4,"POV_MAKS":49.0,"TIPE":"Tidak Bersinyal","JENIS":"Persimpangan","NAMA_JALAN":"Jl. Sumatera","KELURAHAN":"TANJUNG BUNTU","KECAMATAN":"BENGKONG","PRIORITAS":"PRIORITAS 3","SURVEYOR":"wahyu","WAKTU":"2026-09-02T02:54:21.256Z","CARA_COCOK":"ID","JARAK_COCOK_M":0.0},"geometry":{"type":"Point","coordinates":[104.025228,1.158409]}},{"type":"Feature","id":"ANL-BNK-SUM-SIM-002-POV-03","properties":{"fid":115,"ID_POV":"ANL-BNK-SUM-SIM-002-POV-03","ID_TITIK":"ANL-BNK-SUM-SIM-002","UID":"UID-0540","ID_WEBGIS":"ANL-BNK-SUM-SIM-005","POV_KE":3,"LAT":1.158454,"LON":104.024705,"JARAK_M":36.2,"STATUS_POV":"ubah","JML_POV":3,"POV_MEAN":39.2,"POV_MEDIAN":36.2,"POV_MIN":32.4,"POV_MAKS":49.0,"TIPE":"Tidak Bersinyal","JENIS":"Persimpangan","NAMA_JALAN":"Jl. Sumatera","KELURAHAN":"TANJUNG BUNTU","KECAMATAN":"BENGKONG","PRIORITAS":"PRIORITAS 3","SURVEYOR":"wahyu","WAKTU":"2026-09-02T02:54:21.256Z","CARA_COCOK":"ID","JARAK_COCOK_M":0.0},"geometry":{"type":"Point","coordinates":[104.024705,1.158454]}},{"type":"Feature","id":"ANL-BNK-SUM-SIM-003-POV-01","properties":{"fid":116,"ID_POV":"ANL-BNK-SUM-SIM-003-POV-01","ID_TITIK":"ANL-BNK-SUM-SIM-003","UID":"UID-0541","ID_WEBGIS":"ANL-BNK-SUM-SIM-006","POV_KE":1,"LAT":1.158466,"LON":104.024753,"JARAK_M":30.1,"STATUS_POV":"ubah","JML_POV":3,"POV_MEAN":31.2,"POV_MEDIAN":30.1,"POV_MIN":19.7,"POV_MAKS":43.8,"TIPE":"Tidak Bersinyal","JENIS":"Persimpangan","NAMA_JALAN":"Jl. Raya Sei Panas","KELURAHAN":"BENGKONG LAUT","KECAMATAN":"BENGKONG","PRIORITAS":"PRIORITAS 3","SURVEYOR":"wahyu","WAKTU":"2026-09-02T00:04:54.992Z","CARA_COCOK":"ID","JARAK_COCOK_M":0.0},"geometry":{"type":"Point","coordinates":[104.024753,1.158466]}},{"type":"Feature","id":"ANL-BNK-SUM-SIM-003-POV-02","properties":{"fid":117,"ID_POV":"ANL-BNK-SUM-SIM-003-POV-02","ID_TITIK":"ANL-BNK-SUM-SIM-003","UID":"UID-0541","ID_WEBGIS":"ANL-BNK-SUM-SIM-006","POV_KE":2,"LAT":1.158405,"LON":104.025239,"JARAK_M":43.8,"STATUS_POV":"ubah","JML_POV":3,"POV_MEAN":31.2,"POV_MEDIAN":30.1,"POV_MIN":19.7,"POV_MAKS":43.8,"TIPE":"Tidak Bersinyal","JENIS":"Persimpangan","NAMA_JALAN":"Jl. Raya Sei Panas","KELURAHAN":"BENGKONG LAUT","KECAMATAN":"BENGKONG","PRIORITAS":"PRIORITAS 3","SURVEYOR":"wahyu","WAKTU":"2026-09-02T00:04:54.992Z","CARA_COCOK":"ID","JARAK_COCOK_M":0.0},"geometry":{"type":"Point","coordinates":[104.025239,1.158405]}},{"type":"Feature","id":"ANL-BNK-SUM-SIM-003-POV-03","properties":{"fid":118,"ID_POV":"ANL-BNK-SUM-SIM-003-POV-03","ID_TITIK":"ANL-BNK-SUM-SIM-003","UID":"UID-0541","ID_WEBGIS":"ANL-BNK-SUM-SIM-006","POV_KE":3,"LAT":1.158107,"LON":104.025013,"JARAK_M":19.7,"STATUS_POV":"ubah","JML_POV":3,"POV_MEAN":31.2,"POV_MEDIAN":30.1,"POV_MIN":19.7,"POV_MAKS":43.8,"TIPE":"Tidak Bersinyal","JENIS":"Persimpangan","NAMA_JALAN":"Jl. Raya Sei Panas","KELURAHAN":"BENGKONG LAUT","KECAMATAN":"BENGKONG","PRIORITAS":"PRIORITAS 3","SURVEYOR":"wahyu","WAKTU":"2026-09-02T00:04:54.992Z","CARA_COCOK":"ID","JARAK_COCOK_M":0.0},"geometry":{"type":"Point","coordinates":[104.025013,1.158107]}},{"type":"Feature","id":"ANL-BNK-SUM-SIM-004-POV-01","properties":{"fid":119,"ID_POV":"ANL-BNK-SUM-SIM-004-POV-01","ID_TITIK":"ANL-BNK-SUM-SIM-004","UID":"UID-0542","ID_WEBGIS":"ANL-BNK-SUM-SIM-007","POV_KE":1,"LAT":1.159642,"LON":104.033673,"JARAK_M":56.3,"STATUS_POV":"ubah","JML_POV":3,"POV_MEAN":32.3,"POV_MEDIAN":25.3,"POV_MIN":15.2,"POV_MAKS":56.3,"TIPE":"Tidak Bersinyal","JENIS":"Persimpangan","NAMA_JALAN":"Jl. Sumatera","KELURAHAN":"TANJUNG BUNTU","KECAMATAN":"BENGKONG","PRIORITAS":"PRIORITAS 3","SURVEYOR":"wahyu","WAKTU":"2026-09-02T04:02:23.037Z","CARA_COCOK":"ID","JARAK_COCOK_M":0.0},"geometry":{"type":"Point","coordinates":[104.033673,1.159642]}},{"type":"Feature","id":"ANL-BNK-SUM-SIM-004-POV-02","properties":{"fid":120,"ID_POV":"ANL-BNK-SUM-SIM-004-POV-02","ID_TITIK":"ANL-BNK-SUM-SIM-004","UID":"UID-0542","ID_WEBGIS":"ANL-BNK-SUM-SIM-007","POV_KE":2,"LAT":1.159965,"LON":104.033597,"JARAK_M":25.3,"STATUS_POV":"ubah","JML_POV":3,"POV_MEAN":32.3,"POV_MEDIAN":25.3,"POV_MIN":15.2,"POV_MAKS":56.3,"TIPE":"Tidak Bersinyal","JENIS":"Persimpangan","NAMA_JALAN":"Jl. Sumatera","KELURAHAN":"TANJUNG BUNTU","KECAMATAN":"BENGKONG","PRIORITAS":"PRIORITAS 3","SURVEYOR":"wahyu","WAKTU":"2026-09-02T04:02:23.037Z","CARA_COCOK":"ID","JARAK_COCOK_M":0.0},"geometry":{"type":"Point","coordinates":[104.033597,1.159965]}},{"type":"Feature","id":"ANL-BNK-SUM-SIM-004-POV-03","properties":{"fid":121,"ID_POV":"ANL-BNK-SUM-SIM-004-POV-03","ID_TITIK":"ANL-BNK-SUM-SIM-004","UID":"UID-0542","ID_WEBGIS":"ANL-BNK-SUM-SIM-007","POV_KE":3,"LAT":1.160051,"LON":104.033838,"JARAK_M":15.2,"STATUS_POV":"ubah","JML_POV":3,"POV_MEAN":32.3,"POV_MEDIAN":25.3,"POV_MIN":15.2,"POV_MAKS":56.3,"TIPE":"Tidak Bersinyal","JENIS":"Persimpangan","NAMA_JALAN":"Jl. Sumatera","KELURAHAN":"TANJUNG BUNTU","KECAMATAN":"BENGKONG","PRIORITAS":"PRIORITAS 3","SURVEYOR":"wahyu","WAKTU":"2026-09-02T04:02:23.037Z","CARA_COCOK":"ID","JARAK_COCOK_M":0.0},"geometry":{"type":"Point","coordinates":[104.033838,1.160051]}},{"type":"Feature","id":"ANL-BNK-SUM-SIM-005-POV-01","properties":{"fid":122,"ID_POV":"ANL-BNK-SUM-SIM-005-POV-01","ID_TITIK":"ANL-BNK-SUM-SIM-005","UID":"UID-0543","ID_WEBGIS":"ANL-BNK-SUM-SIM-008","POV_KE":1,"LAT":1.159977,"LON":104.033609,"JARAK_M":14.8,"STATUS_POV":"ubah","JML_POV":3,"POV_MEAN":15.3,"POV_MEDIAN":14.8,"POV_MIN":12.2,"POV_MAKS":18.8,"TIPE":"Tidak Bersinyal","JENIS":"Persimpangan","NAMA_JALAN":"Jl. Sumatera","KELURAHAN":"TANJUNG BUNTU","KECAMATAN":"BENGKONG","PRIORITAS":"PRIORITAS 3","SURVEYOR":"Fitrah Ramadhan","WAKTU":"2026-09-02T13:19:59.040Z","CARA_COCOK":"ID","JARAK_COCOK_M":0.0},"geometry":{"type":"Point","coordinates":[104.033609,1.159977]}},{"type":"Feature","id":"ANL-BNK-SUM-SIM-005-POV-02","properties":{"fid":123,"ID_POV":"ANL-BNK-SUM-SIM-005-POV-02","ID_TITIK":"ANL-BNK-SUM-SIM-005","UID":"UID-0543","ID_WEBGIS":"ANL-BNK-SUM-SIM-008","POV_KE":2,"LAT":1.160057,"LON":104.033789,"JARAK_M":18.8,"STATUS_POV":"ubah","JML_POV":3,"POV_MEAN":15.3,"POV_MEDIAN":14.8,"POV_MIN":12.2,"POV_MAKS":18.8,"TIPE":"Tidak Bersinyal","JENIS":"Persimpangan","NAMA_JALAN":"Jl. Sumatera","KELURAHAN":"TANJUNG BUNTU","KECAMATAN":"BENGKONG","PRIORITAS":"PRIORITAS 3","SURVEYOR":"Fitrah Ramadhan","WAKTU":"2026-09-02T13:19:59.040Z","CARA_COCOK":"ID","JARAK_COCOK_M":0.0},"geometry":{"type":"Point","coordinates":[104.033789,1.160057]}},{"type":"Feature","id":"ANL-BNK-SUM-SIM-005-POV-03","properties":{"fid":124,"ID_POV":"ANL-BNK-SUM-SIM-005-POV-03","ID_TITIK":"ANL-BNK-SUM-SIM-005","UID":"UID-0543","ID_WEBGIS":"ANL-BNK-SUM-SIM-008","POV_KE":3,"LAT":1.160009,"LON":104.033674,"JARAK_M":12.2,"STATUS_POV":"baru","JML_POV":3,"POV_MEAN":15.3,"POV_MEDIAN":14.8,"POV_MIN":12.2,"POV_MAKS":18.8,"TIPE":"Tidak Bersinyal","JENIS":"Persimpangan","NAMA_JALAN":"Jl. Sumatera","KELURAHAN":"TANJUNG BUNTU","KECAMATAN":"BENGKONG","PRIORITAS":"PRIORITAS 3","SURVEYOR":"Fitrah Ramadhan","WAKTU":"2026-09-02T13:19:59.040Z","CARA_COCOK":"ID","JARAK_COCOK_M":0.0},"geometry":{"type":"Point","coordinates":[104.033674,1.160009]}},{"type":"Feature","id":"ANL-BNK-SUM-SIM-006-POV-01","properties":{"fid":125,"ID_POV":"ANL-BNK-SUM-SIM-006-POV-01","ID_TITIK":"ANL-BNK-SUM-SIM-006","UID":"UID-0544","ID_WEBGIS":"ANL-BNK-SUM-SIM-009","POV_KE":1,"LAT":1.15992,"LON":104.03358,"JARAK_M":18.2,"STATUS_POV":"ubah","JML_POV":3,"POV_MEAN":25.8,"POV_MEDIAN":20.6,"POV_MIN":18.2,"POV_MAKS":38.6,"TIPE":"Tidak Bersinyal","JENIS":"Persimpangan","NAMA_JALAN":"Jl. Sumatera","KELURAHAN":"BENGKONG LAUT","KECAMATAN":"BENGKONG","PRIORITAS":"PRIORITAS 3","SURVEYOR":"Fitrah Ramadhan","WAKTU":"2026-09-02T13:29:35.213Z","CARA_COCOK":"ID","JARAK_COCOK_M":0.0},"geometry":{"type":"Point","coordinates":[104.03358,1.15992]}},{"type":"Feature","id":"ANL-BNK-SUM-SIM-006-POV-02","properties":{"fid":126,"ID_POV":"ANL-BNK-SUM-SIM-006-POV-02","ID_TITIK":"ANL-BNK-SUM-SIM-006","UID":"UID-0544","ID_WEBGIS":"ANL-BNK-SUM-SIM-009","POV_KE":2,"LAT":1.160163,"LON":104.033674,"JARAK_M":20.6,"STATUS_POV":"ubah","JML_POV":3,"POV_MEAN":25.8,"POV_MEDIAN":20.6,"POV_MIN":18.2,"POV_MAKS":38.6,"TIPE":"Tidak Bersinyal","JENIS":"Persimpangan","NAMA_JALAN":"Jl. Sumatera","KELURAHAN":"BENGKONG LAUT","KECAMATAN":"BENGKONG","PRIORITAS":"PRIORITAS 3","SURVEYOR":"Fitrah Ramadhan","WAKTU":"2026-09-02T13:29:35.213Z","CARA_COCOK":"ID","JARAK_COCOK_M":0.0},"geometry":{"type":"Point","coordinates":[104.033674,1.160163]}},{"type":"Feature","id":"ANL-BNK-SUM-SIM-006-POV-03","properties":{"fid":127,"ID_POV":"ANL-BNK-SUM-SIM-006-POV-03","ID_TITIK":"ANL-BNK-SUM-SIM-006","UID":"UID-0544","ID_WEBGIS":"ANL-BNK-SUM-SIM-009","POV_KE":3,"LAT":1.159777,"LON":104.033453,"JARAK_M":38.6,"STATUS_POV":"baru","JML_POV":3,"POV_MEAN":25.8,"POV_MEDIAN":20.6,"POV_MIN":18.2,"POV_MAKS":38.6,"TIPE":"Tidak Bersinyal","JENIS":"Persimpangan","NAMA_JALAN":"Jl. Sumatera","KELURAHAN":"BENGKONG LAUT","KECAMATAN":"BENGKONG","PRIORITAS":"PRIORITAS 3","SURVEYOR":"Fitrah Ramadhan","WAKTU":"2026-09-02T13:29:35.213Z","CARA_COCOK":"ID","JARAK_COCOK_M":0.0},"geometry":{"type":"Point","coordinates":[104.033453,1.159777]}},{"type":"Feature","id":"ANL-BNK-SUM-SIM-007-POV-01","properties":{"fid":128,"ID_POV":"ANL-BNK-SUM-SIM-007-POV-01","ID_TITIK":"ANL-BNK-SUM-SIM-007","UID":"UID-0545","ID_WEBGIS":"ANL-BNK-SUM-SIM-010","POV_KE":1,"LAT":1.158953,"LON":104.037361,"JARAK_M":20.0,"STATUS_POV":"ubah","JML_POV":3,"POV_MEAN":20.6,"POV_MEDIAN":20.0,"POV_MIN":10.4,"POV_MAKS":31.5,"TIPE":"Tidak Bersinyal","JENIS":"Persimpangan","NAMA_JALAN":"Jl. Sumatera","KELURAHAN":"TANJUNG BUNTU","KECAMATAN":"BENGKONG","PRIORITAS":"PRIORITAS 3","SURVEYOR":"Fitrah Ramadhan","WAKTU":"2026-09-02T13:36:08.147Z","CARA_COCOK":"ID","JARAK_COCOK_M":0.0},"geometry":{"type":"Point","coordinates":[104.037361,1.158953]}},{"type":"Feature","id":"ANL-BNK-SUM-SIM-007-POV-02","properties":{"fid":129,"ID_POV":"ANL-BNK-SUM-SIM-007-POV-02","ID_TITIK":"ANL-BNK-SUM-SIM-007","UID":"UID-0545","ID_WEBGIS":"ANL-BNK-SUM-SIM-010","POV_KE":2,"LAT":1.1588,"LON":104.037283,"JARAK_M":31.5,"STATUS_POV":"ubah","JML_POV":3,"POV_MEAN":20.6,"POV_MEDIAN":20.0,"POV_MIN":10.4,"POV_MAKS":31.5,"TIPE":"Tidak Bersinyal","JENIS":"Persimpangan","NAMA_JALAN":"Jl. Sumatera","KELURAHAN":"TANJUNG BUNTU","KECAMATAN":"BENGKONG","PRIORITAS":"PRIORITAS 3","SURVEYOR":"Fitrah Ramadhan","WAKTU":"2026-09-02T13:36:08.147Z","CARA_COCOK":"ID","JARAK_COCOK_M":0.0},"geometry":{"type":"Point","coordinates":[104.037283,1.1588]}},{"type":"Feature","id":"ANL-BNK-SUM-SIM-007-POV-03","properties":{"fid":130,"ID_POV":"ANL-BNK-SUM-SIM-007-POV-03","ID_TITIK":"ANL-BNK-SUM-SIM-007","UID":"UID-0545","ID_WEBGIS":"ANL-BNK-SUM-SIM-010","POV_KE":3,"LAT":1.159002,"LON":104.03718,"JARAK_M":10.4,"STATUS_POV":"baru","JML_POV":3,"POV_MEAN":20.6,"POV_MEDIAN":20.0,"POV_MIN":10.4,"POV_MAKS":31.5,"TIPE":"Tidak Bersinyal","JENIS":"Persimpangan","NAMA_JALAN":"Jl. Sumatera","KELURAHAN":"TANJUNG BUNTU","KECAMATAN":"BENGKONG","PRIORITAS":"PRIORITAS 3","SURVEYOR":"Fitrah Ramadhan","WAKTU":"2026-09-02T13:36:08.147Z","CARA_COCOK":"ID","JARAK_COCOK_M":0.0},"geometry":{"type":"Point","coordinates":[104.03718,1.159002]}},{"type":"Feature","id":"ANL-BNK-SUM-SIM-008-POV-01","properties":{"fid":131,"ID_POV":"ANL-BNK-SUM-SIM-008-POV-01","ID_TITIK":"ANL-BNK-SUM-SIM-008","UID":"UID-0546","ID_WEBGIS":"ANL-BNK-SUM-SIM-011","POV_KE":1,"LAT":1.159135,"LON":104.037145,"JARAK_M":39.8,"STATUS_POV":"ubah","JML_POV":3,"POV_MEAN":23.4,"POV_MEDIAN":16.5,"POV_MIN":14.0,"POV_MAKS":39.8,"TIPE":"Tidak Bersinyal","JENIS":"Persimpangan","NAMA_JALAN":"Jl. Sumatera","KELURAHAN":"TANJUNG BUNTU","KECAMATAN":"BENGKONG","PRIORITAS":"PRIORITAS 3","SURVEYOR":"Fitrah Ramadhan","WAKTU":"2026-09-02T13:38:23.824Z","CARA_COCOK":"ID","JARAK_COCOK_M":0.0},"geometry":{"type":"Point","coordinates":[104.037145,1.159135]}},{"type":"Feature","id":"ANL-BNK-SUM-SIM-008-POV-02","properties":{"fid":132,"ID_POV":"ANL-BNK-SUM-SIM-008-POV-02","ID_TITIK":"ANL-BNK-SUM-SIM-008","UID":"UID-0546","ID_WEBGIS":"ANL-BNK-SUM-SIM-011","POV_KE":2,"LAT":1.158973,"LON":104.037405,"JARAK_M":14.0,"STATUS_POV":"ubah","JML_POV":3,"POV_MEAN":23.4,"POV_MEDIAN":16.5,"POV_MIN":14.0,"POV_MAKS":39.8,"TIPE":"Tidak Bersinyal","JENIS":"Persimpangan","NAMA_JALAN":"Jl. Sumatera","KELURAHAN":"TANJUNG BUNTU","KECAMATAN":"BENGKONG","PRIORITAS":"PRIORITAS 3","SURVEYOR":"Fitrah Ramadhan","WAKTU":"2026-09-02T13:38:23.824Z","CARA_COCOK":"ID","JARAK_COCOK_M":0.0},"geometry":{"type":"Point","coordinates":[104.037405,1.158973]}},{"type":"Feature","id":"ANL-BNK-SUM-SIM-008-POV-03","properties":{"fid":133,"ID_POV":"ANL-BNK-SUM-SIM-008-POV-03","ID_TITIK":"ANL-BNK-SUM-SIM-008","UID":"UID-0546","ID_WEBGIS":"ANL-BNK-SUM-SIM-011","POV_KE":3,"LAT":1.158714,"LON":104.037315,"JARAK_M":16.5,"STATUS_POV":"ubah","JML_POV":3,"POV_MEAN":23.4,"POV_MEDIAN":16.5,"POV_MIN":14.0,"POV_MAKS":39.8,"TIPE":"Tidak Bersinyal","JENIS":"Persimpangan","NAMA_JALAN":"Jl. Sumatera","KELURAHAN":"TANJUNG BUNTU","KECAMATAN":"BENGKONG","PRIORITAS":"PRIORITAS 3","SURVEYOR":"Fitrah Ramadhan","WAKTU":"2026-09-02T13:38:23.824Z","CARA_COCOK":"ID","JARAK_COCOK_M":0.0},"geometry":{"type":"Point","coordinates":[104.037315,1.158714]}},{"type":"Feature","id":"ANL-BNK-SUM-SIM-009-POV-01","properties":{"fid":134,"ID_POV":"ANL-BNK-SUM-SIM-009-POV-01","ID_TITIK":"ANL-BNK-SUM-SIM-009","UID":"UID-0547","ID_WEBGIS":"ANL-BNK-SUM-SIM-012","POV_KE":1,"LAT":1.15873,"LON":104.037318,"JARAK_M":24.6,"STATUS_POV":"ubah","JML_POV":3,"POV_MEAN":25.5,"POV_MEDIAN":24.6,"POV_MIN":20.5,"POV_MAKS":31.5,"TIPE":"Tidak Bersinyal","JENIS":"Persimpangan","NAMA_JALAN":"Jl. Sumatera","KELURAHAN":"BENGKONG LAUT","KECAMATAN":"BENGKONG","PRIORITAS":"PRIORITAS 3","SURVEYOR":"wahyu","WAKTU":"2026-09-02T05:25:47.932Z","CARA_COCOK":"ID","JARAK_COCOK_M":0.0},"geometry":{"type":"Point","coordinates":[104.037318,1.15873]}},{"type":"Feature","id":"ANL-BNK-SUM-SIM-009-POV-02","properties":{"fid":135,"ID_POV":"ANL-BNK-SUM-SIM-009-POV-02","ID_TITIK":"ANL-BNK-SUM-SIM-009","UID":"UID-0547","ID_WEBGIS":"ANL-BNK-SUM-SIM-012","POV_KE":2,"LAT":1.158987,"LON":104.037427,"JARAK_M":31.5,"STATUS_POV":"ubah","JML_POV":3,"POV_MEAN":25.5,"POV_MEDIAN":24.6,"POV_MIN":20.5,"POV_MAKS":31.5,"TIPE":"Tidak Bersinyal","JENIS":"Persimpangan","NAMA_JALAN":"Jl. Sumatera","KELURAHAN":"BENGKONG LAUT","KECAMATAN":"BENGKONG","PRIORITAS":"PRIORITAS 3","SURVEYOR":"wahyu","WAKTU":"2026-09-02T05:25:47.932Z","CARA_COCOK":"ID","JARAK_COCOK_M":0.0},"geometry":{"type":"Point","coordinates":[104.037427,1.158987]}},{"type":"Feature","id":"ANL-BNK-SUM-SIM-009-POV-03","properties":{"fid":136,"ID_POV":"ANL-BNK-SUM-SIM-009-POV-03","ID_TITIK":"ANL-BNK-SUM-SIM-009","UID":"UID-0547","ID_WEBGIS":"ANL-BNK-SUM-SIM-012","POV_KE":3,"LAT":1.159071,"LON":104.037169,"JARAK_M":20.5,"STATUS_POV":"ubah","JML_POV":3,"POV_MEAN":25.5,"POV_MEDIAN":24.6,"POV_MIN":20.5,"POV_MAKS":31.5,"TIPE":"Tidak Bersinyal","JENIS":"Persimpangan","NAMA_JALAN":"Jl. Sumatera","KELURAHAN":"BENGKONG LAUT","KECAMATAN":"BENGKONG","PRIORITAS":"PRIORITAS 3","SURVEYOR":"wahyu","WAKTU":"2026-09-02T05:25:47.932Z","CARA_COCOK":"ID","JARAK_COCOK_M":0.0},"geometry":{"type":"Point","coordinates":[104.037169,1.159071]}},{"type":"Feature","id":"ANL-BNK-SUM-SIM-010-POV-01","properties":{"fid":137,"ID_POV":"ANL-BNK-SUM-SIM-010-POV-01","ID_TITIK":"ANL-BNK-SUM-SIM-010","UID":"UID-0548","ID_WEBGIS":"ANL-BNK-SUM-SIM-013","POV_KE":1,"LAT":1.157203,"LON":104.03913,"JARAK_M":41.3,"STATUS_POV":"ubah","JML_POV":3,"POV_MEAN":28.3,"POV_MEDIAN":32.5,"POV_MIN":11.2,"POV_MAKS":41.3,"TIPE":"Tidak Bersinyal","JENIS":"Persimpangan","NAMA_JALAN":"Jl. Sumatera","KELURAHAN":"SADAI","KECAMATAN":"BENGKONG","PRIORITAS":"PRIORITAS 3","SURVEYOR":"Fitrah Ramadhan","WAKTU":"2026-09-02T13:50:03.181Z","CARA_COCOK":"ID","JARAK_COCOK_M":0.0},"geometry":{"type":"Point","coordinates":[104.03913,1.157203]}},{"type":"Feature","id":"ANL-BNK-SUM-SIM-010-POV-02","properties":{"fid":138,"ID_POV":"ANL-BNK-SUM-SIM-010-POV-02","ID_TITIK":"ANL-BNK-SUM-SIM-010","UID":"UID-0548","ID_WEBGIS":"ANL-BNK-SUM-SIM-013","POV_KE":2,"LAT":1.157376,"LON":104.03917,"JARAK_M":32.5,"STATUS_POV":"ubah","JML_POV":3,"POV_MEAN":28.3,"POV_MEDIAN":32.5,"POV_MIN":11.2,"POV_MAKS":41.3,"TIPE":"Tidak Bersinyal","JENIS":"Persimpangan","NAMA_JALAN":"Jl. Sumatera","KELURAHAN":"SADAI","KECAMATAN":"BENGKONG","PRIORITAS":"PRIORITAS 3","SURVEYOR":"Fitrah Ramadhan","WAKTU":"2026-09-02T13:50:03.181Z","CARA_COCOK":"ID","JARAK_COCOK_M":0.0},"geometry":{"type":"Point","coordinates":[104.03917,1.157376]}},{"type":"Feature","id":"ANL-BNK-SUM-SIM-010-POV-03","properties":{"fid":139,"ID_POV":"ANL-BNK-SUM-SIM-010-POV-03","ID_TITIK":"ANL-BNK-SUM-SIM-010","UID":"UID-0548","ID_WEBGIS":"ANL-BNK-SUM-SIM-013","POV_KE":3,"LAT":1.157412,"LON":104.038852,"JARAK_M":11.2,"STATUS_POV":"baru","JML_POV":3,"POV_MEAN":28.3,"POV_MEDIAN":32.5,"POV_MIN":11.2,"POV_MAKS":41.3,"TIPE":"Tidak Bersinyal","JENIS":"Persimpangan","NAMA_JALAN":"Jl. Sumatera","KELURAHAN":"SADAI","KECAMATAN":"BENGKONG","PRIORITAS":"PRIORITAS 3","SURVEYOR":"Fitrah Ramadhan","WAKTU":"2026-09-02T13:50:03.181Z","CARA_COCOK":"ID","JARAK_COCOK_M":0.0},"geometry":{"type":"Point","coordinates":[104.038852,1.157412]}},{"type":"Feature","id":"ANL-BNK-SUM-SIM-011-POV-01","properties":{"fid":140,"ID_POV":"ANL-BNK-SUM-SIM-011-POV-01","ID_TITIK":"ANL-BNK-SUM-SIM-011","UID":"UID-0549","ID_WEBGIS":"ANL-BNK-SUM-SIM-014","POV_KE":1,"LAT":1.157451,"LON":104.038864,"JARAK_M":33.9,"STATUS_POV":"ubah","JML_POV":3,"POV_MEAN":19.8,"POV_MEDIAN":13.4,"POV_MIN":12.2,"POV_MAKS":33.9,"TIPE":"Tidak Bersinyal","JENIS":"Persimpangan","NAMA_JALAN":"Jl. Sumatera","KELURAHAN":"SADAI","KECAMATAN":"BENGKONG","PRIORITAS":"PRIORITAS 3","SURVEYOR":"Fitrah Ramadhan","WAKTU":"2026-09-02T13:52:06.413Z","CARA_COCOK":"ID","JARAK_COCOK_M":0.0},"geometry":{"type":"Point","coordinates":[104.038864,1.157451]}},{"type":"Feature","id":"ANL-BNK-SUM-SIM-011-POV-02","properties":{"fid":141,"ID_POV":"ANL-BNK-SUM-SIM-011-POV-02","ID_TITIK":"ANL-BNK-SUM-SIM-011","UID":"UID-0549","ID_WEBGIS":"ANL-BNK-SUM-SIM-014","POV_KE":2,"LAT":1.157181,"LON":104.039096,"JARAK_M":13.4,"STATUS_POV":"ubah","JML_POV":3,"POV_MEAN":19.8,"POV_MEDIAN":13.4,"POV_MIN":12.2,"POV_MAKS":33.9,"TIPE":"Tidak Bersinyal","JENIS":"Persimpangan","NAMA_JALAN":"Jl. Sumatera","KELURAHAN":"SADAI","KECAMATAN":"BENGKONG","PRIORITAS":"PRIORITAS 3","SURVEYOR":"Fitrah Ramadhan","WAKTU":"2026-09-02T13:52:06.413Z","CARA_COCOK":"ID","JARAK_COCOK_M":0.0},"geometry":{"type":"Point","coordinates":[104.039096,1.157181]}},{"type":"Feature","id":"ANL-BNK-SUM-SIM-011-POV-03","properties":{"fid":142,"ID_POV":"ANL-BNK-SUM-SIM-011-POV-03","ID_TITIK":"ANL-BNK-SUM-SIM-011","UID":"UID-0549","ID_WEBGIS":"ANL-BNK-SUM-SIM-014","POV_KE":3,"LAT":1.157407,"LON":104.039126,"JARAK_M":12.2,"STATUS_POV":"baru","JML_POV":3,"POV_MEAN":19.8,"POV_MEDIAN":13.4,"POV_MIN":12.2,"POV_MAKS":33.9,"TIPE":"Tidak Bersinyal","JENIS":"Persimpangan","NAMA_JALAN":"Jl. Sumatera","KELURAHAN":"SADAI","KECAMATAN":"BENGKONG","PRIORITAS":"PRIORITAS 3","SURVEYOR":"Fitrah Ramadhan","WAKTU":"2026-09-02T13:52:06.413Z","CARA_COCOK":"ID","JARAK_COCOK_M":0.0},"geometry":{"type":"Point","coordinates":[104.039126,1.157407]}},{"type":"Feature","id":"ANL-BNK-SUM-SIM-012-POV-01","properties":{"fid":143,"ID_POV":"ANL-BNK-SUM-SIM-012-POV-01","ID_TITIK":"ANL-BNK-SUM-SIM-012","UID":"UID-0550","ID_WEBGIS":"ANL-BNK-SUM-SIM-015","POV_KE":1,"LAT":1.157219,"LON":104.039111,"JARAK_M":21.3,"STATUS_POV":"ubah","JML_POV":3,"POV_MEAN":25.5,"POV_MEDIAN":26.6,"POV_MIN":21.3,"POV_MAKS":28.5,"TIPE":"Tidak Bersinyal","JENIS":"Persimpangan","NAMA_JALAN":"Jl. Sumatera","KELURAHAN":"SADAI","KECAMATAN":"BENGKONG","PRIORITAS":"PRIORITAS 3","SURVEYOR":"Fitrah Ramadhan","WAKTU":"2026-09-02T13:53:09.296Z","CARA_COCOK":"ID","JARAK_COCOK_M":0.0},"geometry":{"type":"Point","coordinates":[104.039111,1.157219]}},{"type":"Feature","id":"ANL-BNK-SUM-SIM-012-POV-02","properties":{"fid":144,"ID_POV":"ANL-BNK-SUM-SIM-012-POV-02","ID_TITIK":"ANL-BNK-SUM-SIM-012","UID":"UID-0550","ID_WEBGIS":"ANL-BNK-SUM-SIM-015","POV_KE":2,"LAT":1.157368,"LON":104.039174,"JARAK_M":28.5,"STATUS_POV":"ubah","JML_POV":3,"POV_MEAN":25.5,"POV_MEDIAN":26.6,"POV_MIN":21.3,"POV_MAKS":28.5,"TIPE":"Tidak Bersinyal","JENIS":"Persimpangan","NAMA_JALAN":"Jl. Sumatera","KELURAHAN":"SADAI","KECAMATAN":"BENGKONG","PRIORITAS":"PRIORITAS 3","SURVEYOR":"Fitrah Ramadhan","WAKTU":"2026-09-02T13:53:09.296Z","CARA_COCOK":"ID","JARAK_COCOK_M":0.0},"geometry":{"type":"Point","coordinates":[104.039174,1.157368]}},{"type":"Feature","id":"ANL-BNK-SUM-SIM-012-POV-03","properties":{"fid":145,"ID_POV":"ANL-BNK-SUM-SIM-012-POV-03","ID_TITIK":"ANL-BNK-SUM-SIM-012","UID":"UID-0550","ID_WEBGIS":"ANL-BNK-SUM-SIM-015","POV_KE":3,"LAT":1.15749,"LON":104.038808,"JARAK_M":26.6,"STATUS_POV":"ubah","JML_POV":3,"POV_MEAN":25.5,"POV_MEDIAN":26.6,"POV_MIN":21.3,"POV_MAKS":28.5,"TIPE":"Tidak Bersinyal","JENIS":"Persimpangan","NAMA_JALAN":"Jl. Sumatera","KELURAHAN":"SADAI","KECAMATAN":"BENGKONG","PRIORITAS":"PRIORITAS 3","SURVEYOR":"Fitrah Ramadhan","WAKTU":"2026-09-02T13:53:09.296Z","CARA_COCOK":"ID","JARAK_COCOK_M":0.0},"geometry":{"type":"Point","coordinates":[104.038808,1.15749]}},{"type":"Feature","id":"ANL-BNK-SUM-SIM-013-POV-01","properties":{"fid":146,"ID_POV":"ANL-BNK-SUM-SIM-013-POV-01","ID_TITIK":"ANL-BNK-SUM-SIM-013","UID":"UID-0551","ID_WEBGIS":"ANL-BNK-SUM-SIM-016","POV_KE":1,"LAT":1.155663,"LON":104.041164,"JARAK_M":15.8,"STATUS_POV":"ubah","JML_POV":3,"POV_MEAN":20.5,"POV_MEDIAN":19.0,"POV_MIN":15.8,"POV_MAKS":26.7,"TIPE":"Tidak Bersinyal","JENIS":"Persimpangan","NAMA_JALAN":"Jl. Sumatera","KELURAHAN":"SADAI","KECAMATAN":"BENGKONG","PRIORITAS":"PRIORITAS 3","SURVEYOR":"wahyu","WAKTU":"2026-09-02T05:31:48.659Z","CARA_COCOK":"ID","JARAK_COCOK_M":0.0},"geometry":{"type":"Point","coordinates":[104.041164,1.155663]}},{"type":"Feature","id":"ANL-BNK-SUM-SIM-013-POV-02","properties":{"fid":147,"ID_POV":"ANL-BNK-SUM-SIM-013-POV-02","ID_TITIK":"ANL-BNK-SUM-SIM-013","UID":"UID-0551","ID_WEBGIS":"ANL-BNK-SUM-SIM-016","POV_KE":2,"LAT":1.15589,"LON":104.04089,"JARAK_M":26.7,"STATUS_POV":"asli","JML_POV":3,"POV_MEAN":20.5,"POV_MEDIAN":19.0,"POV_MIN":15.8,"POV_MAKS":26.7,"TIPE":"Tidak Bersinyal","JENIS":"Persimpangan","NAMA_JALAN":"Jl. Sumatera","KELURAHAN":"SADAI","KECAMATAN":"BENGKONG","PRIORITAS":"PRIORITAS 3","SURVEYOR":"wahyu","WAKTU":"2026-09-02T05:31:48.659Z","CARA_COCOK":"ID","JARAK_COCOK_M":0.0},"geometry":{"type":"Point","coordinates":[104.04089,1.15589]}},{"type":"Feature","id":"ANL-BNK-SUM-SIM-013-POV-03","properties":{"fid":148,"ID_POV":"ANL-BNK-SUM-SIM-013-POV-03","ID_TITIK":"ANL-BNK-SUM-SIM-013","UID":"UID-0551","ID_WEBGIS":"ANL-BNK-SUM-SIM-016","POV_KE":3,"LAT":1.155671,"LON":104.040991,"JARAK_M":19.0,"STATUS_POV":"ubah","JML_POV":3,"POV_MEAN":20.5,"POV_MEDIAN":19.0,"POV_MIN":15.8,"POV_MAKS":26.7,"TIPE":"Tidak Bersinyal","JENIS":"Persimpangan","NAMA_JALAN":"Jl. Sumatera","KELURAHAN":"SADAI","KECAMATAN":"BENGKONG","PRIORITAS":"PRIORITAS 3","SURVEYOR":"wahyu","WAKTU":"2026-09-02T05:31:48.659Z","CARA_COCOK":"ID","JARAK_COCOK_M":0.0},"geometry":{"type":"Point","coordinates":[104.040991,1.155671]}},{"type":"Feature","id":"ANL-BNK-SUM-SIM-014-POV-01","properties":{"fid":149,"ID_POV":"ANL-BNK-SUM-SIM-014-POV-01","ID_TITIK":"ANL-BNK-SUM-SIM-014","UID":"UID-0552","ID_WEBGIS":"ANL-BNK-SUM-SIM-017","POV_KE":1,"LAT":1.15583,"LON":104.040969,"JARAK_M":10.4,"STATUS_POV":"ubah","JML_POV":3,"POV_MEAN":11.4,"POV_MEDIAN":10.4,"POV_MIN":9.0,"POV_MAKS":14.9,"TIPE":"Tidak Bersinyal","JENIS":"Persimpangan","NAMA_JALAN":"Jl. Sumatera","KELURAHAN":"SADAI","KECAMATAN":"BENGKONG","PRIORITAS":"PRIORITAS 3","SURVEYOR":"Fitrah Ramadhan","WAKTU":"2026-09-02T13:58:32.184Z","CARA_COCOK":"ID","JARAK_COCOK_M":0.0},"geometry":{"type":"Point","coordinates":[104.040969,1.15583]}},{"type":"Feature","id":"ANL-BNK-SUM-SIM-014-POV-02","properties":{"fid":150,"ID_POV":"ANL-BNK-SUM-SIM-014-POV-02","ID_TITIK":"ANL-BNK-SUM-SIM-014","UID":"UID-0552","ID_WEBGIS":"ANL-BNK-SUM-SIM-017","POV_KE":2,"LAT":1.155706,"LON":104.041119,"JARAK_M":14.9,"STATUS_POV":"ubah","JML_POV":3,"POV_MEAN":11.4,"POV_MEDIAN":10.4,"POV_MIN":9.0,"POV_MAKS":14.9,"TIPE":"Tidak Bersinyal","JENIS":"Persimpangan","NAMA_JALAN":"Jl. Sumatera","KELURAHAN":"SADAI","KECAMATAN":"BENGKONG","PRIORITAS":"PRIORITAS 3","SURVEYOR":"Fitrah Ramadhan","WAKTU":"2026-09-02T13:58:32.184Z","CARA_COCOK":"ID","JARAK_COCOK_M":0.0},"geometry":{"type":"Point","coordinates":[104.041119,1.155706]}},{"type":"Feature","id":"ANL-BNK-SUM-SIM-014-POV-03","properties":{"fid":151,"ID_POV":"ANL-BNK-SUM-SIM-014-POV-03","ID_TITIK":"ANL-BNK-SUM-SIM-014","UID":"UID-0552","ID_WEBGIS":"ANL-BNK-SUM-SIM-017","POV_KE":3,"LAT":1.155799,"LON":104.041044,"JARAK_M":9.0,"STATUS_POV":"baru","JML_POV":3,"POV_MEAN":11.4,"POV_MEDIAN":10.4,"POV_MIN":9.0,"POV_MAKS":14.9,"TIPE":"Tidak Bersinyal","JENIS":"Persimpangan","NAMA_JALAN":"Jl. Sumatera","KELURAHAN":"SADAI","KECAMATAN":"BENGKONG","PRIORITAS":"PRIORITAS 3","SURVEYOR":"Fitrah Ramadhan","WAKTU":"2026-09-02T13:58:32.184Z","CARA_COCOK":"ID","JARAK_COCOK_M":0.0},"geometry":{"type":"Point","coordinates":[104.041044,1.155799]}},{"type":"Feature","id":"ANL-BNK-SUM-SIM-015-POV-01","properties":{"fid":152,"ID_POV":"ANL-BNK-SUM-SIM-015-POV-01","ID_TITIK":"ANL-BNK-SUM-SIM-015","UID":"UID-0553","ID_WEBGIS":"ANL-BNK-SUM-SIM-018","POV_KE":1,"LAT":1.155696,"LON":104.041021,"JARAK_M":8.4,"STATUS_POV":"ubah","JML_POV":3,"POV_MEAN":11.4,"POV_MEDIAN":8.4,"POV_MIN":8.4,"POV_MAKS":17.5,"TIPE":"Tidak Bersinyal","JENIS":"Persimpangan","NAMA_JALAN":"Jl. Sumatera","KELURAHAN":"SADAI","KECAMATAN":"BENGKONG","PRIORITAS":"PRIORITAS 3","SURVEYOR":"Fitrah Ramadhan","WAKTU":"2026-09-02T13:59:24.066Z","CARA_COCOK":"ID","JARAK_COCOK_M":0.0},"geometry":{"type":"Point","coordinates":[104.041021,1.155696]}},{"type":"Feature","id":"ANL-BNK-SUM-SIM-015-POV-02","properties":{"fid":153,"ID_POV":"ANL-BNK-SUM-SIM-015-POV-02","ID_TITIK":"ANL-BNK-SUM-SIM-015","UID":"UID-0553","ID_WEBGIS":"ANL-BNK-SUM-SIM-018","POV_KE":2,"LAT":1.155802,"LON":104.041014,"JARAK_M":17.5,"STATUS_POV":"ubah","JML_POV":3,"POV_MEAN":11.4,"POV_MEDIAN":8.4,"POV_MIN":8.4,"POV_MAKS":17.5,"TIPE":"Tidak Bersinyal","JENIS":"Persimpangan","NAMA_JALAN":"Jl. Sumatera","KELURAHAN":"SADAI","KECAMATAN":"BENGKONG","PRIORITAS":"PRIORITAS 3","SURVEYOR":"Fitrah Ramadhan","WAKTU":"2026-09-02T13:59:24.066Z","CARA_COCOK":"ID","JARAK_COCOK_M":0.0},"geometry":{"type":"Point","coordinates":[104.041014,1.155802]}},{"type":"Feature","id":"ANL-BNK-SUM-SIM-015-POV-03","properties":{"fid":154,"ID_POV":"ANL-BNK-SUM-SIM-015-POV-03","ID_TITIK":"ANL-BNK-SUM-SIM-015","UID":"UID-0553","ID_WEBGIS":"ANL-BNK-SUM-SIM-018","POV_KE":3,"LAT":1.155728,"LON":104.041129,"JARAK_M":8.4,"STATUS_POV":"baru","JML_POV":3,"POV_MEAN":11.4,"POV_MEDIAN":8.4,"POV_MIN":8.4,"POV_MAKS":17.5,"TIPE":"Tidak Bersinyal","JENIS":"Persimpangan","NAMA_JALAN":"Jl. Sumatera","KELURAHAN":"SADAI","KECAMATAN":"BENGKONG","PRIORITAS":"PRIORITAS 3","SURVEYOR":"Fitrah Ramadhan","WAKTU":"2026-09-02T13:59:24.066Z","CARA_COCOK":"ID","JARAK_COCOK_M":0.0},"geometry":{"type":"Point","coordinates":[104.041129,1.155728]}},{"type":"Feature","id":"ANL-BNK-YSU-SIM-001-POV-01","properties":{"fid":155,"ID_POV":"ANL-BNK-YSU-SIM-001-POV-01","ID_TITIK":"ANL-BNK-YSU-SIM-001","UID":"UID-0558","ID_WEBGIS":"ANL-BNK-YSU-SIM-003","POV_KE":1,"LAT":1.153076,"LON":104.020413,"JARAK_M":31.2,"STATUS_POV":"ubah","JML_POV":3,"POV_MEAN":39.6,"POV_MEDIAN":42.2,"POV_MIN":31.2,"POV_MAKS":45.5,"TIPE":"Bersinyal (OSM)","JENIS":"Persimpangan","NAMA_JALAN":"Jl. Yos Sudarso","KELURAHAN":"BENGKONG LAUT","KECAMATAN":"BENGKONG","PRIORITAS":"PRIORITAS 1","SURVEYOR":"wahyu","WAKTU":"2026-09-02T05:00:42.701Z","CARA_COCOK":"ID","JARAK_COCOK_M":0.0},"geometry":{"type":"Point","coordinates":[104.020413,1.153076]}},{"type":"Feature","id":"ANL-BNK-YSU-SIM-001-POV-02","properties":{"fid":156,"ID_POV":"ANL-BNK-YSU-SIM-001-POV-02","ID_TITIK":"ANL-BNK-YSU-SIM-001","UID":"UID-0558","ID_WEBGIS":"ANL-BNK-YSU-SIM-003","POV_KE":2,"LAT":1.152763,"LON":104.020365,"JARAK_M":45.5,"STATUS_POV":"ubah","JML_POV":3,"POV_MEAN":39.6,"POV_MEDIAN":42.2,"POV_MIN":31.2,"POV_MAKS":45.5,"TIPE":"Bersinyal (OSM)","JENIS":"Persimpangan","NAMA_JALAN":"Jl. Yos Sudarso","KELURAHAN":"BENGKONG LAUT","KECAMATAN":"BENGKONG","PRIORITAS":"PRIORITAS 1","SURVEYOR":"wahyu","WAKTU":"2026-09-02T05:00:42.701Z","CARA_COCOK":"ID","JARAK_COCOK_M":0.0},"geometry":{"type":"Point","coordinates":[104.020365,1.152763]}},{"type":"Feature","id":"ANL-BNK-YSU-SIM-001-POV-03","properties":{"fid":157,"ID_POV":"ANL-BNK-YSU-SIM-001-POV-03","ID_TITIK":"ANL-BNK-YSU-SIM-001","UID":"UID-0558","ID_WEBGIS":"ANL-BNK-YSU-SIM-003","POV_KE":3,"LAT":1.15265,"LON":104.02079,"JARAK_M":42.2,"STATUS_POV":"asli","JML_POV":3,"POV_MEAN":39.6,"POV_MEDIAN":42.2,"POV_MIN":31.2,"POV_MAKS":45.5,"TIPE":"Bersinyal (OSM)","JENIS":"Persimpangan","NAMA_JALAN":"Jl. Yos Sudarso","KELURAHAN":"BENGKONG LAUT","KECAMATAN":"BENGKONG","PRIORITAS":"PRIORITAS 1","SURVEYOR":"wahyu","WAKTU":"2026-09-02T05:00:42.701Z","CARA_COCOK":"ID","JARAK_COCOK_M":0.0},"geometry":{"type":"Point","coordinates":[104.02079,1.15265]}},{"type":"Feature","id":"ANL-BNK-YSU-SIM-002-POV-01","properties":{"fid":158,"ID_POV":"ANL-BNK-YSU-SIM-002-POV-01","ID_TITIK":"ANL-BNK-YSU-SIM-002","UID":"UID-0559","ID_WEBGIS":"ANL-BNK-YSU-SIM-004","POV_KE":1,"LAT":1.150059,"LON":104.022642,"JARAK_M":51.4,"STATUS_POV":"ubah","JML_POV":3,"POV_MEAN":35.9,"POV_MEDIAN":33.3,"POV_MIN":22.9,"POV_MAKS":51.4,"TIPE":"Tidak Bersinyal","JENIS":"Persimpangan","NAMA_JALAN":"Jl. Yos Sudarso","KELURAHAN":"BENGKONG LAUT","KECAMATAN":"BENGKONG","PRIORITAS":"PRIORITAS 1","SURVEYOR":"Fitrah Ramadhan","WAKTU":"2026-09-02T14:03:50.089Z","CARA_COCOK":"ID","JARAK_COCOK_M":0.0},"geometry":{"type":"Point","coordinates":[104.022642,1.150059]}},{"type":"Feature","id":"ANL-BNK-YSU-SIM-002-POV-02","properties":{"fid":159,"ID_POV":"ANL-BNK-YSU-SIM-002-POV-02","ID_TITIK":"ANL-BNK-YSU-SIM-002","UID":"UID-0559","ID_WEBGIS":"ANL-BNK-YSU-SIM-004","POV_KE":2,"LAT":1.150526,"LON":104.022602,"JARAK_M":22.9,"STATUS_POV":"ubah","JML_POV":3,"POV_MEAN":35.9,"POV_MEDIAN":33.3,"POV_MIN":22.9,"POV_MAKS":51.4,"TIPE":"Tidak Bersinyal","JENIS":"Persimpangan","NAMA_JALAN":"Jl. Yos Sudarso","KELURAHAN":"BENGKONG LAUT","KECAMATAN":"BENGKONG","PRIORITAS":"PRIORITAS 1","SURVEYOR":"Fitrah Ramadhan","WAKTU":"2026-09-02T14:03:50.089Z","CARA_COCOK":"ID","JARAK_COCOK_M":0.0},"geometry":{"type":"Point","coordinates":[104.022602,1.150526]}},{"type":"Feature","id":"ANL-BNK-YSU-SIM-002-POV-03","properties":{"fid":160,"ID_POV":"ANL-BNK-YSU-SIM-002-POV-03","ID_TITIK":"ANL-BNK-YSU-SIM-002","UID":"UID-0559","ID_WEBGIS":"ANL-BNK-YSU-SIM-004","POV_KE":3,"LAT":1.150307,"LON":104.023041,"JARAK_M":33.3,"STATUS_POV":"ubah","JML_POV":3,"POV_MEAN":35.9,"POV_MEDIAN":33.3,"POV_MIN":22.9,"POV_MAKS":51.4,"TIPE":"Tidak Bersinyal","JENIS":"Persimpangan","NAMA_JALAN":"Jl. Yos Sudarso","KELURAHAN":"BENGKONG LAUT","KECAMATAN":"BENGKONG","PRIORITAS":"PRIORITAS 1","SURVEYOR":"Fitrah Ramadhan","WAKTU":"2026-09-02T14:03:50.089Z","CARA_COCOK":"ID","JARAK_COCOK_M":0.0},"geometry":{"type":"Point","coordinates":[104.023041,1.150307]}},{"type":"Feature","id":"ANL-BNK-YSU-SIM-003-POV-01","properties":{"fid":161,"ID_POV":"ANL-BNK-YSU-SIM-003-POV-01","ID_TITIK":"ANL-BNK-YSU-SIM-003","UID":"UID-0560","ID_WEBGIS":"ANL-BNK-YSU-SIM-005","POV_KE":1,"LAT":1.150498,"LON":104.022608,"JARAK_M":69.6,"STATUS_POV":"baru","JML_POV":3,"POV_MEAN":50.4,"POV_MEDIAN":54.7,"POV_MIN":26.8,"POV_MAKS":69.6,"TIPE":"Tidak Bersinyal","JENIS":"Persimpangan","NAMA_JALAN":"Jl. Yos Sudarso","KELURAHAN":"BENGKONG INDAH","KECAMATAN":"BENGKONG","PRIORITAS":"PRIORITAS 3","SURVEYOR":"wahyu","WAKTU":"2026-09-02T04:45:09.601Z","CARA_COCOK":"ID","JARAK_COCOK_M":0.0},"geometry":{"type":"Point","coordinates":[104.022608,1.150498]}},{"type":"Feature","id":"ANL-BNK-YSU-SIM-003-POV-02","properties":{"fid":162,"ID_POV":"ANL-BNK-YSU-SIM-003-POV-02","ID_TITIK":"ANL-BNK-YSU-SIM-003","UID":"UID-0560","ID_WEBGIS":"ANL-BNK-YSU-SIM-005","POV_KE":2,"LAT":1.150461,"LON":104.022766,"JARAK_M":54.7,"STATUS_POV":"baru","JML_POV":3,"POV_MEAN":50.4,"POV_MEDIAN":54.7,"POV_MIN":26.8,"POV_MAKS":69.6,"TIPE":"Tidak Bersinyal","JENIS":"Persimpangan","NAMA_JALAN":"Jl. Yos Sudarso","KELURAHAN":"BENGKONG INDAH","KECAMATAN":"BENGKONG","PRIORITAS":"PRIORITAS 3","SURVEYOR":"wahyu","WAKTU":"2026-09-02T04:45:09.601Z","CARA_COCOK":"ID","JARAK_COCOK_M":0.0},"geometry":{"type":"Point","coordinates":[104.022766,1.150461]}},{"type":"Feature","id":"ANL-BNK-YSU-SIM-003-POV-03","properties":{"fid":163,"ID_POV":"ANL-BNK-YSU-SIM-003-POV-03","ID_TITIK":"ANL-BNK-YSU-SIM-003","UID":"UID-0560","ID_WEBGIS":"ANL-BNK-YSU-SIM-005","POV_KE":3,"LAT":1.150305,"LON":104.023122,"JARAK_M":26.8,"STATUS_POV":"baru","JML_POV":3,"POV_MEAN":50.4,"POV_MEDIAN":54.7,"POV_MIN":26.8,"POV_MAKS":69.6,"TIPE":"Tidak Bersinyal","JENIS":"Persimpangan","NAMA_JALAN":"Jl. Yos Sudarso","KELURAHAN":"BENGKONG INDAH","KECAMATAN":"BENGKONG","PRIORITAS":"PRIORITAS 3","SURVEYOR":"wahyu","WAKTU":"2026-09-02T04:45:09.601Z","CARA_COCOK":"ID","JARAK_COCOK_M":0.0},"geometry":{"type":"Point","coordinates":[104.023122,1.150305]}},{"type":"Feature","id":"ANL-BTK-ABU-SIM-001-POV-01","properties":{"fid":164,"ID_POV":"ANL-BTK-ABU-SIM-001-POV-01","ID_TITIK":"ANL-BTK-ABU-SIM-001","UID":"UID-0578","ID_WEBGIS":"ANL-BTK-ABU-SIM-005","POV_KE":1,"LAT":1.114578,"LON":104.090438,"JARAK_M":13.9,"STATUS_POV":"ubah","JML_POV":3,"POV_MEAN":17.1,"POV_MEDIAN":13.9,"POV_MIN":9.6,"POV_MAKS":27.9,"TIPE":"Tidak Bersinyal","JENIS":"Persimpangan","NAMA_JALAN":"Jl. Raja M. Saleh","KELURAHAN":"BELIAN","KECAMATAN":"BATAM KOTA","PRIORITAS":"PRIORITAS 2","SURVEYOR":"Budi","WAKTU":"2026-09-03T01:13:37.015Z","CARA_COCOK":"ID","JARAK_COCOK_M":0.0},"geometry":{"type":"Point","coordinates":[104.090438,1.114578]}},{"type":"Feature","id":"ANL-BTK-ABU-SIM-001-POV-02","properties":{"fid":165,"ID_POV":"ANL-BTK-ABU-SIM-001-POV-02","ID_TITIK":"ANL-BTK-ABU-SIM-001","UID":"UID-0578","ID_WEBGIS":"ANL-BTK-ABU-SIM-005","POV_KE":2,"LAT":1.114704,"LON":104.090258,"JARAK_M":27.9,"STATUS_POV":"ubah","JML_POV":3,"POV_MEAN":17.1,"POV_MEDIAN":13.9,"POV_MIN":9.6,"POV_MAKS":27.9,"TIPE":"Tidak Bersinyal","JENIS":"Persimpangan","NAMA_JALAN":"Jl. Raja M. Saleh","KELURAHAN":"BELIAN","KECAMATAN":"BATAM KOTA","PRIORITAS":"PRIORITAS 2","SURVEYOR":"Budi","WAKTU":"2026-09-03T01:13:37.015Z","CARA_COCOK":"ID","JARAK_COCOK_M":0.0},"geometry":{"type":"Point","coordinates":[104.090258,1.114704]}},{"type":"Feature","id":"ANL-BTK-ABU-SIM-001-POV-03","properties":{"fid":166,"ID_POV":"ANL-BTK-ABU-SIM-001-POV-03","ID_TITIK":"ANL-BTK-ABU-SIM-001","UID":"UID-0578","ID_WEBGIS":"ANL-BTK-ABU-SIM-005","POV_KE":3,"LAT":1.114756,"LON":104.090463,"JARAK_M":9.6,"STATUS_POV":"baru","JML_POV":3,"POV_MEAN":17.1,"POV_MEDIAN":13.9,"POV_MIN":9.6,"POV_MAKS":27.9,"TIPE":"Tidak Bersinyal","JENIS":"Persimpangan","NAMA_JALAN":"Jl. Raja M. Saleh","KELURAHAN":"BELIAN","KECAMATAN":"BATAM KOTA","PRIORITAS":"PRIORITAS 2","SURVEYOR":"Budi","WAKTU":"2026-09-03T01:13:37.015Z","CARA_COCOK":"ID","JARAK_COCOK_M":0.0},"geometry":{"type":"Point","coordinates":[104.090463,1.114756]}},{"type":"Feature","id":"ANL-BTK-DML-SIM-001-POV-01","properties":{"fid":167,"ID_POV":"ANL-BTK-DML-SIM-001-POV-01","ID_TITIK":"ANL-BTK-DML-SIM-001","UID":"UID-0593","ID_WEBGIS":"ANL-BTK-DML-SIM-008","POV_KE":1,"LAT":1.107104,"LON":104.048314,"JARAK_M":28.8,"STATUS_POV":"ubah","JML_POV":3,"POV_MEAN":27.8,"POV_MEDIAN":28.8,"POV_MIN":25.3,"POV_MAKS":29.3,"TIPE":"Tidak Bersinyal","JENIS":"Persimpangan","NAMA_JALAN":"Jl. Simp. Duta Mas - Legenda Malaka","KELURAHAN":"BALOI PERMAI","KECAMATAN":"BATAM KOTA","PRIORITAS":"PRIORITAS 2","SURVEYOR":"wahyu","WAKTU":"2026-09-02T05:14:12.834Z","CARA_COCOK":"ID","JARAK_COCOK_M":0.0},"geometry":{"type":"Point","coordinates":[104.048314,1.107104]}},{"type":"Feature","id":"ANL-BTK-DML-SIM-001-POV-02","properties":{"fid":168,"ID_POV":"ANL-BTK-DML-SIM-001-POV-02","ID_TITIK":"ANL-BTK-DML-SIM-001","UID":"UID-0593","ID_WEBGIS":"ANL-BTK-DML-SIM-008","POV_KE":2,"LAT":1.107203,"LON":104.047987,"JARAK_M":25.3,"STATUS_POV":"ubah","JML_POV":3,"POV_MEAN":27.8,"POV_MEDIAN":28.8,"POV_MIN":25.3,"POV_MAKS":29.3,"TIPE":"Tidak Bersinyal","JENIS":"Persimpangan","NAMA_JALAN":"Jl. Simp. Duta Mas - Legenda Malaka","KELURAHAN":"BALOI PERMAI","KECAMATAN":"BATAM KOTA","PRIORITAS":"PRIORITAS 2","SURVEYOR":"wahyu","WAKTU":"2026-09-02T05:14:12.834Z","CARA_COCOK":"ID","JARAK_COCOK_M":0.0},"geometry":{"type":"Point","coordinates":[104.047987,1.107203]}},{"type":"Feature","id":"ANL-BTK-DML-SIM-001-POV-03","properties":{"fid":169,"ID_POV":"ANL-BTK-DML-SIM-001-POV-03","ID_TITIK":"ANL-BTK-DML-SIM-001","UID":"UID-0593","ID_WEBGIS":"ANL-BTK-DML-SIM-008","POV_KE":3,"LAT":1.106809,"LON":104.048266,"JARAK_M":29.3,"STATUS_POV":"ubah","JML_POV":3,"POV_MEAN":27.8,"POV_MEDIAN":28.8,"POV_MIN":25.3,"POV_MAKS":29.3,"TIPE":"Tidak Bersinyal","JENIS":"Persimpangan","NAMA_JALAN":"Jl. Simp. Duta Mas - Legenda Malaka","KELURAHAN":"BALOI PERMAI","KECAMATAN":"BATAM KOTA","PRIORITAS":"PRIORITAS 2","SURVEYOR":"wahyu","WAKTU":"2026-09-02T05:14:12.834Z","CARA_COCOK":"ID","JARAK_COCOK_M":0.0},"geometry":{"type":"Point","coordinates":[104.048266,1.106809]}},{"type":"Feature","id":"ANL-BTK-DML-SIM-002-POV-01","properties":{"fid":170,"ID_POV":"ANL-BTK-DML-SIM-002-POV-01","ID_TITIK":"ANL-BTK-DML-SIM-002","UID":"UID-0594","ID_WEBGIS":"ANL-BTK-DML-SIM-009","POV_KE":1,"LAT":1.106801,"LON":104.048276,"JARAK_M":44.1,"STATUS_POV":"ubah","JML_POV":3,"POV_MEAN":29.0,"POV_MEDIAN":22.7,"POV_MIN":20.2,"POV_MAKS":44.1,"TIPE":"Tidak Bersinyal","JENIS":"Persimpangan","NAMA_JALAN":"Jl. Pelayaran Batam","KELURAHAN":"BALOI PERMAI","KECAMATAN":"BATAM KOTA","PRIORITAS":"PRIORITAS 2","SURVEYOR":"Budi","WAKTU":"2026-09-03T01:21:39.023Z","CARA_COCOK":"ID","JARAK_COCOK_M":0.0},"geometry":{"type":"Point","coordinates":[104.048276,1.106801]}},{"type":"Feature","id":"ANL-BTK-DML-SIM-002-POV-02","properties":{"fid":171,"ID_POV":"ANL-BTK-DML-SIM-002-POV-02","ID_TITIK":"ANL-BTK-DML-SIM-002","UID":"UID-0594","ID_WEBGIS":"ANL-BTK-DML-SIM-009","POV_KE":2,"LAT":1.107238,"LON":104.047965,"JARAK_M":22.7,"STATUS_POV":"ubah","JML_POV":3,"POV_MEAN":29.0,"POV_MEDIAN":22.7,"POV_MIN":20.2,"POV_MAKS":44.1,"TIPE":"Tidak Bersinyal","JENIS":"Persimpangan","NAMA_JALAN":"Jl. Pelayaran Batam","KELURAHAN":"BALOI PERMAI","KECAMATAN":"BATAM KOTA","PRIORITAS":"PRIORITAS 2","SURVEYOR":"Budi","WAKTU":"2026-09-03T01:21:39.023Z","CARA_COCOK":"ID","JARAK_COCOK_M":0.0},"geometry":{"type":"Point","coordinates":[104.047965,1.107238]}},{"type":"Feature","id":"ANL-BTK-DML-SIM-002-POV-03","properties":{"fid":172,"ID_POV":"ANL-BTK-DML-SIM-002-POV-03","ID_TITIK":"ANL-BTK-DML-SIM-002","UID":"UID-0594","ID_WEBGIS":"ANL-BTK-DML-SIM-009","POV_KE":3,"LAT":1.107072,"LON":104.048306,"JARAK_M":20.2,"STATUS_POV":"baru","JML_POV":3,"POV_MEAN":29.0,"POV_MEDIAN":22.7,"POV_MIN":20.2,"POV_MAKS":44.1,"TIPE":"Tidak Bersinyal","JENIS":"Persimpangan","NAMA_JALAN":"Jl. Pelayaran Batam","KELURAHAN":"BALOI PERMAI","KECAMATAN":"BATAM KOTA","PRIORITAS":"PRIORITAS 2","SURVEYOR":"Budi","WAKTU":"2026-09-03T01:21:39.023Z","CARA_COCOK":"ID","JARAK_COCOK_M":0.0},"geometry":{"type":"Point","coordinates":[104.048306,1.107072]}},{"type":"Feature","id":"ANL-BTK-EPU-SIM-001-POV-01","properties":{"fid":173,"ID_POV":"ANL-BTK-EPU-SIM-001-POV-01","ID_TITIK":"ANL-BTK-EPU-SIM-001","UID":"UID-0704","ID_WEBGIS":"ANL-BTK-EPU-SIM-010","POV_KE":1,"LAT":1.129998,"LON":104.056716,"JARAK_M":35.1,"STATUS_POV":"asli","JML_POV":3,"POV_MEAN":30.8,"POV_MEDIAN":30.0,"POV_MIN":27.4,"POV_MAKS":35.1,"TIPE":"Tidak Bersinyal","JENIS":"Persimpangan","NAMA_JALAN":"Jl. Engku Putri Utara","KELURAHAN":"BELIAN","KECAMATAN":"BATAM KOTA","PRIORITAS":"PRIORITAS 2","SURVEYOR":"wahyu","WAKTU":"2026-09-02T03:14:13.546Z","CARA_COCOK":"ID","JARAK_COCOK_M":0.0},"geometry":{"type":"Point","coordinates":[104.056716,1.129998]}},{"type":"Feature","id":"ANL-BTK-EPU-SIM-001-POV-02","properties":{"fid":174,"ID_POV":"ANL-BTK-EPU-SIM-001-POV-02","ID_TITIK":"ANL-BTK-EPU-SIM-001","UID":"UID-0704","ID_WEBGIS":"ANL-BTK-EPU-SIM-010","POV_KE":2,"LAT":1.130189,"LON":104.056436,"JARAK_M":30.0,"STATUS_POV":"asli","JML_POV":3,"POV_MEAN":30.8,"POV_MEDIAN":30.0,"POV_MIN":27.4,"POV_MAKS":35.1,"TIPE":"Tidak Bersinyal","JENIS":"Persimpangan","NAMA_JALAN":"Jl. Engku Putri Utara","KELURAHAN":"BELIAN","KECAMATAN":"BATAM KOTA","PRIORITAS":"PRIORITAS 2","SURVEYOR":"wahyu","WAKTU":"2026-09-02T03:14:13.546Z","CARA_COCOK":"ID","JARAK_COCOK_M":0.0},"geometry":{"type":"Point","coordinates":[104.056436,1.130189]}},{"type":"Feature","id":"ANL-BTK-EPU-SIM-001-POV-03","properties":{"fid":175,"ID_POV":"ANL-BTK-EPU-SIM-001-POV-03","ID_TITIK":"ANL-BTK-EPU-SIM-001","UID":"UID-0704","ID_WEBGIS":"ANL-BTK-EPU-SIM-010","POV_KE":3,"LAT":1.130216,"LON":104.056904,"JARAK_M":27.4,"STATUS_POV":"baru","JML_POV":3,"POV_MEAN":30.8,"POV_MEDIAN":30.0,"POV_MIN":27.4,"POV_MAKS":35.1,"TIPE":"Tidak Bersinyal","JENIS":"Persimpangan","NAMA_JALAN":"Jl. Engku Putri Utara","KELURAHAN":"BELIAN","KECAMATAN":"BATAM KOTA","PRIORITAS":"PRIORITAS 2","SURVEYOR":"wahyu","WAKTU":"2026-09-02T03:14:13.546Z","CARA_COCOK":"ID","JARAK_COCOK_M":0.0},"geometry":{"type":"Point","coordinates":[104.056904,1.130216]}},{"type":"Feature","id":"ANL-BTK-EPU-SIM-002-POV-01","properties":{"fid":176,"ID_POV":"ANL-BTK-EPU-SIM-002-POV-01","ID_TITIK":"ANL-BTK-EPU-SIM-002","UID":"UID-0705","ID_WEBGIS":"ANL-BTK-EPU-SIM-011","POV_KE":1,"LAT":1.13003,"LON":104.056723,"JARAK_M":14.4,"STATUS_POV":"ubah","JML_POV":3,"POV_MEAN":21.9,"POV_MEDIAN":19.1,"POV_MIN":14.4,"POV_MAKS":32.1,"TIPE":"Tidak Bersinyal","JENIS":"Persimpangan","NAMA_JALAN":"Jl. Engku Putri Utara","KELURAHAN":"TELUK TERING","KECAMATAN":"BATAM KOTA","PRIORITAS":"PRIORITAS 2","SURVEYOR":"Budi","WAKTU":"2026-09-03T01:32:14.375Z","CARA_COCOK":"ID","JARAK_COCOK_M":0.0},"geometry":{"type":"Point","coordinates":[104.056723,1.13003]}},{"type":"Feature","id":"ANL-BTK-EPU-SIM-002-POV-02","properties":{"fid":177,"ID_POV":"ANL-BTK-EPU-SIM-002-POV-02","ID_TITIK":"ANL-BTK-EPU-SIM-002","UID":"UID-0705","ID_WEBGIS":"ANL-BTK-EPU-SIM-011","POV_KE":2,"LAT":1.130191,"LON":104.056862,"JARAK_M":32.1,"STATUS_POV":"ubah","JML_POV":3,"POV_MEAN":21.9,"POV_MEDIAN":19.1,"POV_MIN":14.4,"POV_MAKS":32.1,"TIPE":"Tidak Bersinyal","JENIS":"Persimpangan","NAMA_JALAN":"Jl. Engku Putri Utara","KELURAHAN":"TELUK TERING","KECAMATAN":"BATAM KOTA","PRIORITAS":"PRIORITAS 2","SURVEYOR":"Budi","WAKTU":"2026-09-03T01:32:14.375Z","CARA_COCOK":"ID","JARAK_COCOK_M":0.0},"geometry":{"type":"Point","coordinates":[104.056862,1.130191]}},{"type":"Feature","id":"ANL-BTK-EPU-SIM-002-POV-03","properties":{"fid":178,"ID_POV":"ANL-BTK-EPU-SIM-002-POV-03","ID_TITIK":"ANL-BTK-EPU-SIM-002","UID":"UID-0705","ID_WEBGIS":"ANL-BTK-EPU-SIM-011","POV_KE":3,"LAT":1.130227,"LON":104.056531,"JARAK_M":19.1,"STATUS_POV":"ubah","JML_POV":3,"POV_MEAN":21.9,"POV_MEDIAN":19.1,"POV_MIN":14.4,"POV_MAKS":32.1,"TIPE":"Tidak Bersinyal","JENIS":"Persimpangan","NAMA_JALAN":"Jl. Engku Putri Utara","KELURAHAN":"TELUK TERING","KECAMATAN":"BATAM KOTA","PRIORITAS":"PRIORITAS 2","SURVEYOR":"Budi","WAKTU":"2026-09-03T01:32:14.375Z","CARA_COCOK":"ID","JARAK_COCOK_M":0.0},"geometry":{"type":"Point","coordinates":[104.056531,1.130227]}},{"type":"Feature","id":"ANL-BTK-EPU-SIM-003-POV-01","properties":{"fid":179,"ID_POV":"ANL-BTK-EPU-SIM-003-POV-01","ID_TITIK":"ANL-BTK-EPU-SIM-003","UID":"UID-0706","ID_WEBGIS":"ANL-BTK-EPU-SIM-012","POV_KE":1,"LAT":1.127624,"LON":104.052664,"JARAK_M":51.5,"STATUS_POV":"baru","JML_POV":4,"POV_MEAN":42.7,"POV_MEDIAN":45.5,"POV_MIN":17.6,"POV_MAKS":62.2,"TIPE":"Bersinyal (ATCS)","JENIS":"Persimpangan","NAMA_JALAN":"Jl. Engku Putri","KELURAHAN":"TELUK TERING","KECAMATAN":"BATAM KOTA","PRIORITAS":"PRIORITAS 2","SURVEYOR":"wahyu","WAKTU":"2026-09-02T00:25:17.636Z","CARA_COCOK":"ID","JARAK_COCOK_M":0.0},"geometry":{"type":"Point","coordinates":[104.052664,1.127624]}},{"type":"Feature","id":"ANL-BTK-EPU-SIM-003-POV-02","properties":{"fid":180,"ID_POV":"ANL-BTK-EPU-SIM-003-POV-02","ID_TITIK":"ANL-BTK-EPU-SIM-003","UID":"UID-0706","ID_WEBGIS":"ANL-BTK-EPU-SIM-012","POV_KE":2,"LAT":1.127516,"LON":104.052377,"JARAK_M":62.2,"STATUS_POV":"baru","JML_POV":4,"POV_MEAN":42.7,"POV_MEDIAN":45.5,"POV_MIN":17.6,"POV_MAKS":62.2,"TIPE":"Bersinyal (ATCS)","JENIS":"Persimpangan","NAMA_JALAN":"Jl. Engku Putri","KELURAHAN":"TELUK TERING","KECAMATAN":"BATAM KOTA","PRIORITAS":"PRIORITAS 2","SURVEYOR":"wahyu","WAKTU":"2026-09-02T00:25:17.636Z","CARA_COCOK":"ID","JARAK_COCOK_M":0.0},"geometry":{"type":"Point","coordinates":[104.052377,1.127516]}},{"type":"Feature","id":"ANL-BTK-EPU-SIM-003-POV-03","properties":{"fid":181,"ID_POV":"ANL-BTK-EPU-SIM-003-POV-03","ID_TITIK":"ANL-BTK-EPU-SIM-003","UID":"UID-0706","ID_WEBGIS":"ANL-BTK-EPU-SIM-012","POV_KE":3,"LAT":1.127286,"LON":104.05249,"JARAK_M":39.6,"STATUS_POV":"baru","JML_POV":4,"POV_MEAN":42.7,"POV_MEDIAN":45.5,"POV_MIN":17.6,"POV_MAKS":62.2,"TIPE":"Bersinyal (ATCS)","JENIS":"Persimpangan","NAMA_JALAN":"Jl. Engku Putri","KELURAHAN":"TELUK TERING","KECAMATAN":"BATAM KOTA","PRIORITAS":"PRIORITAS 2","SURVEYOR":"wahyu","WAKTU":"2026-09-02T00:25:17.636Z","CARA_COCOK":"ID","JARAK_COCOK_M":0.0},"geometry":{"type":"Point","coordinates":[104.05249,1.127286]}},{"type":"Feature","id":"ANL-BTK-EPU-SIM-003-POV-04","properties":{"fid":182,"ID_POV":"ANL-BTK-EPU-SIM-003-POV-04","ID_TITIK":"ANL-BTK-EPU-SIM-003","UID":"UID-0706","ID_WEBGIS":"ANL-BTK-EPU-SIM-012","POV_KE":4,"LAT":1.127351,"LON":104.052833,"JARAK_M":17.6,"STATUS_POV":"baru","JML_POV":4,"POV_MEAN":42.7,"POV_MEDIAN":45.5,"POV_MIN":17.6,"POV_MAKS":62.2,"TIPE":"Bersinyal (ATCS)","JENIS":"Persimpangan","NAMA_JALAN":"Jl. Engku Putri","KELURAHAN":"TELUK TERING","KECAMATAN":"BATAM KOTA","PRIORITAS":"PRIORITAS 2","SURVEYOR":"wahyu","WAKTU":"2026-09-02T00:25:17.636Z","CARA_COCOK":"ID","JARAK_COCOK_M":0.0},"geometry":{"type":"Point","coordinates":[104.052833,1.127351]}},{"type":"Feature","id":"ANL-BTK-GMA-SIM-001-POV-01","properties":{"fid":183,"ID_POV":"ANL-BTK-GMA-SIM-001-POV-01","ID_TITIK":"ANL-BTK-GMA-SIM-001","UID":"UID-0709","ID_WEBGIS":"ANL-BTK-GMA-SIM-023","POV_KE":1,"LAT":1.122363,"LON":104.016229,"JARAK_M":28.1,"STATUS_POV":"asli","JML_POV":3,"POV_MEAN":23.2,"POV_MEDIAN":23.4,"POV_MIN":18.1,"POV_MAKS":28.1,"TIPE":"Tidak Bersinyal","JENIS":"Persimpangan","NAMA_JALAN":"Jl. Gajah Mada","KELURAHAN":"SUKAJADI","KECAMATAN":"BATAM KOTA","PRIORITAS":"PRIORITAS 1","SURVEYOR":"Budi","WAKTU":"2026-09-03T01:38:51.037Z","CARA_COCOK":"ID","JARAK_COCOK_M":0.0},"geometry":{"type":"Point","coordinates":[104.016229,1.122363]}},{"type":"Feature","id":"ANL-BTK-GMA-SIM-001-POV-02","properties":{"fid":184,"ID_POV":"ANL-BTK-GMA-SIM-001-POV-02","ID_TITIK":"ANL-BTK-GMA-SIM-001","UID":"UID-0709","ID_WEBGIS":"ANL-BTK-GMA-SIM-023","POV_KE":2,"LAT":1.122213,"LON":104.016213,"JARAK_M":23.4,"STATUS_POV":"ubah","JML_POV":3,"POV_MEAN":23.2,"POV_MEDIAN":23.4,"POV_MIN":18.1,"POV_MAKS":28.1,"TIPE":"Tidak Bersinyal","JENIS":"Persimpangan","NAMA_JALAN":"Jl. Gajah Mada","KELURAHAN":"SUKAJADI","KECAMATAN":"BATAM KOTA","PRIORITAS":"PRIORITAS 1","SURVEYOR":"Budi","WAKTU":"2026-09-03T01:38:51.037Z","CARA_COCOK":"ID","JARAK_COCOK_M":0.0},"geometry":{"type":"Point","coordinates":[104.016213,1.122213]}},{"type":"Feature","id":"ANL-BTK-GMA-SIM-001-POV-03","properties":{"fid":185,"ID_POV":"ANL-BTK-GMA-SIM-001-POV-03","ID_TITIK":"ANL-BTK-GMA-SIM-001","UID":"UID-0709","ID_WEBGIS":"ANL-BTK-GMA-SIM-023","POV_KE":3,"LAT":1.122363,"LON":104.016117,"JARAK_M":18.1,"STATUS_POV":"baru","JML_POV":3,"POV_MEAN":23.2,"POV_MEDIAN":23.4,"POV_MIN":18.1,"POV_MAKS":28.1,"TIPE":"Tidak Bersinyal","JENIS":"Persimpangan","NAMA_JALAN":"Jl. Gajah Mada","KELURAHAN":"SUKAJADI","KECAMATAN":"BATAM KOTA","PRIORITAS":"PRIORITAS 1","SURVEYOR":"Budi","WAKTU":"2026-09-03T01:38:51.037Z","CARA_COCOK":"ID","JARAK_COCOK_M":0.0},"geometry":{"type":"Point","coordinates":[104.016117,1.122363]}},{"type":"Feature","id":"ANL-BTK-HNA-SIM-001-POV-01","properties":{"fid":186,"ID_POV":"ANL-BTK-HNA-SIM-001-POV-01","ID_TITIK":"ANL-BTK-HNA-SIM-001","UID":"UID-0711","ID_WEBGIS":"ANL-BTK-HNA-SIM-007","POV_KE":1,"LAT":1.131106,"LON":104.103734,"JARAK_M":46.1,"STATUS_POV":"asli","JML_POV":3,"POV_MEAN":38.6,"POV_MEDIAN":45.2,"POV_MIN":24.6,"POV_MAKS":46.1,"TIPE":"Tidak Bersinyal","JENIS":"Persimpangan","NAMA_JALAN":"Jl. Hang Nadim","KELURAHAN":"BELIAN","KECAMATAN":"BATAM KOTA","PRIORITAS":"PRIORITAS 3","SURVEYOR":"wahyu","WAKTU":"2026-09-02T05:24:24.886Z","CARA_COCOK":"ID","JARAK_COCOK_M":0.0},"geometry":{"type":"Point","coordinates":[104.103734,1.131106]}},{"type":"Feature","id":"ANL-BTK-HNA-SIM-001-POV-02","properties":{"fid":187,"ID_POV":"ANL-BTK-HNA-SIM-001-POV-02","ID_TITIK":"ANL-BTK-HNA-SIM-001","UID":"UID-0711","ID_WEBGIS":"ANL-BTK-HNA-SIM-007","POV_KE":2,"LAT":1.13114,"LON":104.103406,"JARAK_M":45.2,"STATUS_POV":"ubah","JML_POV":3,"POV_MEAN":38.6,"POV_MEDIAN":45.2,"POV_MIN":24.6,"POV_MAKS":46.1,"TIPE":"Tidak Bersinyal","JENIS":"Persimpangan","NAMA_JALAN":"Jl. Hang Nadim","KELURAHAN":"BELIAN","KECAMATAN":"BATAM KOTA","PRIORITAS":"PRIORITAS 3","SURVEYOR":"wahyu","WAKTU":"2026-09-02T05:24:24.886Z","CARA_COCOK":"ID","JARAK_COCOK_M":0.0},"geometry":{"type":"Point","coordinates":[104.103406,1.13114]}},{"type":"Feature","id":"ANL-BTK-HNA-SIM-001-POV-03","properties":{"fid":188,"ID_POV":"ANL-BTK-HNA-SIM-001-POV-03","ID_TITIK":"ANL-BTK-HNA-SIM-001","UID":"UID-0711","ID_WEBGIS":"ANL-BTK-HNA-SIM-007","POV_KE":3,"LAT":1.130869,"LON":104.103334,"JARAK_M":24.6,"STATUS_POV":"ubah","JML_POV":3,"POV_MEAN":38.6,"POV_MEDIAN":45.2,"POV_MIN":24.6,"POV_MAKS":46.1,"TIPE":"Tidak Bersinyal","JENIS":"Persimpangan","NAMA_JALAN":"Jl. Hang Nadim","KELURAHAN":"BELIAN","KECAMATAN":"BATAM KOTA","PRIORITAS":"PRIORITAS 3","SURVEYOR":"wahyu","WAKTU":"2026-09-02T05:24:24.886Z","CARA_COCOK":"ID","JARAK_COCOK_M":0.0},"geometry":{"type":"Point","coordinates":[104.103334,1.130869]}},{"type":"Feature","id":"ANL-BTK-HTU-SIM-001-POV-01","properties":{"fid":189,"ID_POV":"ANL-BTK-HTU-SIM-001-POV-01","ID_TITIK":"ANL-BTK-HTU-SIM-001","UID":"UID-0720","ID_WEBGIS":"ANL-BTK-HTU-SIM-001","POV_KE":1,"LAT":1.100545,"LON":104.095148,"JARAK_M":83.5,"STATUS_POV":"ubah","JML_POV":3,"POV_MEAN":52.5,"POV_MEDIAN":48.3,"POV_MIN":25.6,"POV_MAKS":83.5,"TIPE":"Tidak Bersinyal","JENIS":"Persimpangan","NAMA_JALAN":"Jl. Mayjen Sudarsono","KELURAHAN":"BELIAN","KECAMATAN":"BATAM KOTA","PRIORITAS":"PRIORITAS 3","SURVEYOR":"wahyu","WAKTU":"2026-09-02T02:31:06.447Z","CARA_COCOK":"ID","JARAK_COCOK_M":0.0},"geometry":{"type":"Point","coordinates":[104.095148,1.100545]}},{"type":"Feature","id":"ANL-BTK-HTU-SIM-001-POV-02","properties":{"fid":190,"ID_POV":"ANL-BTK-HTU-SIM-001-POV-02","ID_TITIK":"ANL-BTK-HTU-SIM-001","UID":"UID-0720","ID_WEBGIS":"ANL-BTK-HTU-SIM-001","POV_KE":2,"LAT":1.10073,"LON":104.094799,"JARAK_M":48.3,"STATUS_POV":"ubah","JML_POV":3,"POV_MEAN":52.5,"POV_MEDIAN":48.3,"POV_MIN":25.6,"POV_MAKS":83.5,"TIPE":"Tidak Bersinyal","JENIS":"Persimpangan","NAMA_JALAN":"Jl. Mayjen Sudarsono","KELURAHAN":"BELIAN","KECAMATAN":"BATAM KOTA","PRIORITAS":"PRIORITAS 3","SURVEYOR":"wahyu","WAKTU":"2026-09-02T02:31:06.447Z","CARA_COCOK":"ID","JARAK_COCOK_M":0.0},"geometry":{"type":"Point","coordinates":[104.094799,1.10073]}},{"type":"Feature","id":"ANL-BTK-HTU-SIM-001-POV-03","properties":{"fid":191,"ID_POV":"ANL-BTK-HTU-SIM-001-POV-03","ID_TITIK":"ANL-BTK-HTU-SIM-001","UID":"UID-0720","ID_WEBGIS":"ANL-BTK-HTU-SIM-001","POV_KE":3,"LAT":1.100992,"LON":104.094547,"JARAK_M":25.6,"STATUS_POV":"ubah","JML_POV":3,"POV_MEAN":52.5,"POV_MEDIAN":48.3,"POV_MIN":25.6,"POV_MAKS":83.5,"TIPE":"Tidak Bersinyal","JENIS":"Persimpangan","NAMA_JALAN":"Jl. Mayjen Sudarsono","KELURAHAN":"BELIAN","KECAMATAN":"BATAM KOTA","PRIORITAS":"PRIORITAS 3","SURVEYOR":"wahyu","WAKTU":"2026-09-02T02:31:06.447Z","CARA_COCOK":"ID","JARAK_COCOK_M":0.0},"geometry":{"type":"Point","coordinates":[104.094547,1.100992]}},{"type":"Feature","id":"ANL-BTK-HTU-SIM-002-POV-01","properties":{"fid":192,"ID_POV":"ANL-BTK-HTU-SIM-002-POV-01","ID_TITIK":"ANL-BTK-HTU-SIM-002","UID":"UID-0721","ID_WEBGIS":"ANL-BTK-HTU-SIM-002","POV_KE":1,"LAT":1.114567,"LON":104.098576,"JARAK_M":30.5,"STATUS_POV":"ubah","JML_POV":3,"POV_MEAN":23.5,"POV_MEDIAN":25.9,"POV_MIN":14.2,"POV_MAKS":30.5,"TIPE":"Tidak Bersinyal","JENIS":"Persimpangan","NAMA_JALAN":"Jl. Raja M. Saleh","KELURAHAN":"BELIAN","KECAMATAN":"BATAM KOTA","PRIORITAS":"PRIORITAS 3","SURVEYOR":"Budi","WAKTU":"2026-09-03T01:50:22.003Z","CARA_COCOK":"ID","JARAK_COCOK_M":0.0},"geometry":{"type":"Point","coordinates":[104.098576,1.114567]}},{"type":"Feature","id":"ANL-BTK-HTU-SIM-002-POV-02","properties":{"fid":193,"ID_POV":"ANL-BTK-HTU-SIM-002-POV-02","ID_TITIK":"ANL-BTK-HTU-SIM-002","UID":"UID-0721","ID_WEBGIS":"ANL-BTK-HTU-SIM-002","POV_KE":2,"LAT":1.114315,"LON":104.098305,"JARAK_M":25.9,"STATUS_POV":"ubah","JML_POV":3,"POV_MEAN":23.5,"POV_MEDIAN":25.9,"POV_MIN":14.2,"POV_MAKS":30.5,"TIPE":"Tidak Bersinyal","JENIS":"Persimpangan","NAMA_JALAN":"Jl. Raja M. Saleh","KELURAHAN":"BELIAN","KECAMATAN":"BATAM KOTA","PRIORITAS":"PRIORITAS 3","SURVEYOR":"Budi","WAKTU":"2026-09-03T01:50:22.003Z","CARA_COCOK":"ID","JARAK_COCOK_M":0.0},"geometry":{"type":"Point","coordinates":[104.098305,1.114315]}},{"type":"Feature","id":"ANL-BTK-HTU-SIM-002-POV-03","properties":{"fid":194,"ID_POV":"ANL-BTK-HTU-SIM-002-POV-03","ID_TITIK":"ANL-BTK-HTU-SIM-002","UID":"UID-0721","ID_WEBGIS":"ANL-BTK-HTU-SIM-002","POV_KE":3,"LAT":1.114492,"LON":104.098187,"JARAK_M":14.2,"STATUS_POV":"baru","JML_POV":3,"POV_MEAN":23.5,"POV_MEDIAN":25.9,"POV_MIN":14.2,"POV_MAKS":30.5,"TIPE":"Tidak Bersinyal","JENIS":"Persimpangan","NAMA_JALAN":"Jl. Raja M. Saleh","KELURAHAN":"BELIAN","KECAMATAN":"BATAM KOTA","PRIORITAS":"PRIORITAS 3","SURVEYOR":"Budi","WAKTU":"2026-09-03T01:50:22.003Z","CARA_COCOK":"ID","JARAK_COCOK_M":0.0},"geometry":{"type":"Point","coordinates":[104.098187,1.114492]}},{"type":"Feature","id":"ANL-BTK-ISU-SIM-001-POV-01","properties":{"fid":195,"ID_POV":"ANL-BTK-ISU-SIM-001-POV-01","ID_TITIK":"ANL-BTK-ISU-SIM-001","UID":"UID-0795","ID_WEBGIS":"ANL-BTK-ISU-SIM-012","POV_KE":1,"LAT":1.133521,"LON":104.047222,"JARAK_M":39.7,"STATUS_POV":"ubah","JML_POV":3,"POV_MEAN":29.6,"POV_MEDIAN":24.9,"POV_MIN":24.1,"POV_MAKS":39.7,"TIPE":"Tidak Bersinyal","JENIS":"Persimpangan","NAMA_JALAN":"Jl. Ibnu Sutowo","KELURAHAN":"TELUK TERING","KECAMATAN":"BATAM KOTA","PRIORITAS":"PRIORITAS 3","SURVEYOR":"wahyu","WAKTU":"2026-09-02T04:10:36.209Z","CARA_COCOK":"ID","JARAK_COCOK_M":0.0},"geometry":{"type":"Point","coordinates":[104.047222,1.133521]}},{"type":"Feature","id":"ANL-BTK-ISU-SIM-001-POV-02","properties":{"fid":196,"ID_POV":"ANL-BTK-ISU-SIM-001-POV-02","ID_TITIK":"ANL-BTK-ISU-SIM-001","UID":"UID-0795","ID_WEBGIS":"ANL-BTK-ISU-SIM-012","POV_KE":2,"LAT":1.133719,"LON":104.047351,"JARAK_M":24.1,"STATUS_POV":"ubah","JML_POV":3,"POV_MEAN":29.6,"POV_MEDIAN":24.9,"POV_MIN":24.1,"POV_MAKS":39.7,"TIPE":"Tidak Bersinyal","JENIS":"Persimpangan","NAMA_JALAN":"Jl. Ibnu Sutowo","KELURAHAN":"TELUK TERING","KECAMATAN":"BATAM KOTA","PRIORITAS":"PRIORITAS 3","SURVEYOR":"wahyu","WAKTU":"2026-09-02T04:10:36.209Z","CARA_COCOK":"ID","JARAK_COCOK_M":0.0},"geometry":{"type":"Point","coordinates":[104.047351,1.133719]}},{"type":"Feature","id":"ANL-BTK-ISU-SIM-001-POV-03","properties":{"fid":197,"ID_POV":"ANL-BTK-ISU-SIM-001-POV-03","ID_TITIK":"ANL-BTK-ISU-SIM-001","UID":"UID-0795","ID_WEBGIS":"ANL-BTK-ISU-SIM-012","POV_KE":3,"LAT":1.133472,"LON":104.047418,"JARAK_M":24.9,"STATUS_POV":"ubah","JML_POV":3,"POV_MEAN":29.6,"POV_MEDIAN":24.9,"POV_MIN":24.1,"POV_MAKS":39.7,"TIPE":"Tidak Bersinyal","JENIS":"Persimpangan","NAMA_JALAN":"Jl. Ibnu Sutowo","KELURAHAN":"TELUK TERING","KECAMATAN":"BATAM KOTA","PRIORITAS":"PRIORITAS 3","SURVEYOR":"wahyu","WAKTU":"2026-09-02T04:10:36.209Z","CARA_COCOK":"ID","JARAK_COCOK_M":0.0},"geometry":{"type":"Point","coordinates":[104.047418,1.133472]}},{"type":"Feature","id":"ANL-BTK-ISU-SIM-002-POV-01","properties":{"fid":198,"ID_POV":"ANL-BTK-ISU-SIM-002-POV-01","ID_TITIK":"ANL-BTK-ISU-SIM-002","UID":"UID-0796","ID_WEBGIS":"ANL-BTK-ISU-SIM-013","POV_KE":1,"LAT":1.133491,"LON":104.047202,"JARAK_M":14.6,"STATUS_POV":"ubah","JML_POV":3,"POV_MEAN":22.3,"POV_MEDIAN":24.1,"POV_MIN":14.6,"POV_MAKS":28.3,"TIPE":"Tidak Bersinyal","JENIS":"Persimpangan","NAMA_JALAN":"Jl. Ibnu Sutowo","KELURAHAN":"TELUK TERING","KECAMATAN":"BATAM KOTA","PRIORITAS":"PRIORITAS 3","SURVEYOR":"Budi","WAKTU":"2026-09-03T01:54:46.915Z","CARA_COCOK":"ID","JARAK_COCOK_M":0.0},"geometry":{"type":"Point","coordinates":[104.047202,1.133491]}},{"type":"Feature","id":"ANL-BTK-ISU-SIM-002-POV-02","properties":{"fid":199,"ID_POV":"ANL-BTK-ISU-SIM-002-POV-02","ID_TITIK":"ANL-BTK-ISU-SIM-002","UID":"UID-0796","ID_WEBGIS":"ANL-BTK-ISU-SIM-013","POV_KE":2,"LAT":1.133492,"LON":104.047423,"JARAK_M":24.1,"STATUS_POV":"ubah","JML_POV":3,"POV_MEAN":22.3,"POV_MEDIAN":24.1,"POV_MIN":14.6,"POV_MAKS":28.3,"TIPE":"Tidak Bersinyal","JENIS":"Persimpangan","NAMA_JALAN":"Jl. Ibnu Sutowo","KELURAHAN":"TELUK TERING","KECAMATAN":"BATAM KOTA","PRIORITAS":"PRIORITAS 3","SURVEYOR":"Budi","WAKTU":"2026-09-03T01:54:46.915Z","CARA_COCOK":"ID","JARAK_COCOK_M":0.0},"geometry":{"type":"Point","coordinates":[104.047423,1.133492]}},{"type":"Feature","id":"ANL-BTK-ISU-SIM-002-POV-03","properties":{"fid":200,"ID_POV":"ANL-BTK-ISU-SIM-002-POV-03","ID_TITIK":"ANL-BTK-ISU-SIM-002","UID":"UID-0796","ID_WEBGIS":"ANL-BTK-ISU-SIM-013","POV_KE":3,"LAT":1.133607,"LON":104.047498,"JARAK_M":28.3,"STATUS_POV":"baru","JML_POV":3,"POV_MEAN":22.3,"POV_MEDIAN":24.1,"POV_MIN":14.6,"POV_MAKS":28.3,"TIPE":"Tidak Bersinyal","JENIS":"Persimpangan","NAMA_JALAN":"Jl. Ibnu Sutowo","KELURAHAN":"TELUK TERING","KECAMATAN":"BATAM KOTA","PRIORITAS":"PRIORITAS 3","SURVEYOR":"Budi","WAKTU":"2026-09-03T01:54:46.915Z","CARA_COCOK":"ID","JARAK_COCOK_M":0.0},"geometry":{"type":"Point","coordinates":[104.047498,1.133607]}},{"type":"Feature","id":"ANL-BTK-JAY-SIM-001-POV-01","properties":{"fid":201,"ID_POV":"ANL-BTK-JAY-SIM-001-POV-01","ID_TITIK":"ANL-BTK-JAY-SIM-001","UID":"UID-0810","ID_WEBGIS":"ANL-BTK-JAY-SIM-001","POV_KE":1,"LAT":1.11107,"LON":104.042142,"JARAK_M":90.1,"STATUS_POV":"baru","JML_POV":3,"POV_MEAN":75.4,"POV_MEDIAN":90.1,"POV_MIN":38.6,"POV_MAKS":97.5,"TIPE":"Bersinyal (ATCS + OSM)","JENIS":"Persimpangan","NAMA_JALAN":"Jl. Jend. Ahmad Yani","KELURAHAN":"TAMAN BALOI","KECAMATAN":"BATAM KOTA","PRIORITAS":"PRIORITAS 2","SURVEYOR":"Budi","WAKTU":"2026-09-03T02:03:02.684Z","CARA_COCOK":"ID","JARAK_COCOK_M":0.0},"geometry":{"type":"Point","coordinates":[104.042142,1.11107]}},{"type":"Feature","id":"ANL-BTK-JAY-SIM-001-POV-02","properties":{"fid":202,"ID_POV":"ANL-BTK-JAY-SIM-001-POV-02","ID_TITIK":"ANL-BTK-JAY-SIM-001","UID":"UID-0810","ID_WEBGIS":"ANL-BTK-JAY-SIM-001","POV_KE":2,"LAT":1.110783,"LON":104.042222,"JARAK_M":97.5,"STATUS_POV":"baru","JML_POV":3,"POV_MEAN":75.4,"POV_MEDIAN":90.1,"POV_MIN":38.6,"POV_MAKS":97.5,"TIPE":"Bersinyal (ATCS + OSM)","JENIS":"Persimpangan","NAMA_JALAN":"Jl. Jend. Ahmad Yani","KELURAHAN":"TAMAN BALOI","KECAMATAN":"BATAM KOTA","PRIORITAS":"PRIORITAS 2","SURVEYOR":"Budi","WAKTU":"2026-09-03T02:03:02.684Z","CARA_COCOK":"ID","JARAK_COCOK_M":0.0},"geometry":{"type":"Point","coordinates":[104.042222,1.110783]}},{"type":"Feature","id":"ANL-BTK-JAY-SIM-001-POV-03","properties":{"fid":203,"ID_POV":"ANL-BTK-JAY-SIM-001-POV-03","ID_TITIK":"ANL-BTK-JAY-SIM-001","UID":"UID-0810","ID_WEBGIS":"ANL-BTK-JAY-SIM-001","POV_KE":3,"LAT":1.111191,"LON":104.041179,"JARAK_M":38.6,"STATUS_POV":"baru","JML_POV":3,"POV_MEAN":75.4,"POV_MEDIAN":90.1,"POV_MIN":38.6,"POV_MAKS":97.5,"TIPE":"Bersinyal (ATCS + OSM)","JENIS":"Persimpangan","NAMA_JALAN":"Jl. Jend. Ahmad Yani","KELURAHAN":"TAMAN BALOI","KECAMATAN":"BATAM KOTA","PRIORITAS":"PRIORITAS 2","SURVEYOR":"Budi","WAKTU":"2026-09-03T02:03:02.684Z","CARA_COCOK":"ID","JARAK_COCOK_M":0.0},"geometry":{"type":"Point","coordinates":[104.041179,1.111191]}},{"type":"Feature","id":"ANL-BTK-JAY-SIM-002-POV-01","properties":{"fid":204,"ID_POV":"ANL-BTK-JAY-SIM-002-POV-01","ID_TITIK":"ANL-BTK-JAY-SIM-002","UID":"UID-0811","ID_WEBGIS":"ANL-BTK-JAY-SIM-002","POV_KE":1,"LAT":1.127616,"LON":104.052662,"JARAK_M":51.6,"STATUS_POV":"baru","JML_POV":4,"POV_MEAN":37.0,"POV_MEDIAN":38.4,"POV_MIN":17.5,"POV_MAKS":53.6,"TIPE":"Bersinyal (ATCS)","JENIS":"Persimpangan","NAMA_JALAN":"Jl. Jend. Ahmad Yani","KELURAHAN":"TELUK TERING","KECAMATAN":"BATAM KOTA","PRIORITAS":"PRIORITAS 2","SURVEYOR":"wahyu","WAKTU":"2026-09-02T00:27:30.762Z","CARA_COCOK":"ID","JARAK_COCOK_M":0.0},"geometry":{"type":"Point","coordinates":[104.052662,1.127616]}},{"type":"Feature","id":"ANL-BTK-JAY-SIM-002-POV-02","properties":{"fid":205,"ID_POV":"ANL-BTK-JAY-SIM-002-POV-02","ID_TITIK":"ANL-BTK-JAY-SIM-002","UID":"UID-0811","ID_WEBGIS":"ANL-BTK-JAY-SIM-002","POV_KE":2,"LAT":1.127353,"LON":104.052801,"JARAK_M":53.6,"STATUS_POV":"baru","JML_POV":4,"POV_MEAN":37.0,"POV_MEDIAN":38.4,"POV_MIN":17.5,"POV_MAKS":53.6,"TIPE":"Bersinyal (ATCS)","JENIS":"Persimpangan","NAMA_JALAN":"Jl. Jend. Ahmad Yani","KELURAHAN":"TELUK TERING","KECAMATAN":"BATAM KOTA","PRIORITAS":"PRIORITAS 2","SURVEYOR":"wahyu","WAKTU":"2026-09-02T00:27:30.762Z","CARA_COCOK":"ID","JARAK_COCOK_M":0.0},"geometry":{"type":"Point","coordinates":[104.052801,1.127353]}},{"type":"Feature","id":"ANL-BTK-JAY-SIM-002-POV-03","properties":{"fid":206,"ID_POV":"ANL-BTK-JAY-SIM-002-POV-03","ID_TITIK":"ANL-BTK-JAY-SIM-002","UID":"UID-0811","ID_WEBGIS":"ANL-BTK-JAY-SIM-002","POV_KE":3,"LAT":1.127514,"LON":104.052396,"JARAK_M":25.2,"STATUS_POV":"baru","JML_POV":4,"POV_MEAN":37.0,"POV_MEDIAN":38.4,"POV_MIN":17.5,"POV_MAKS":53.6,"TIPE":"Bersinyal (ATCS)","JENIS":"Persimpangan","NAMA_JALAN":"Jl. Jend. Ahmad Yani","KELURAHAN":"TELUK TERING","KECAMATAN":"BATAM KOTA","PRIORITAS":"PRIORITAS 2","SURVEYOR":"wahyu","WAKTU":"2026-09-02T00:27:30.762Z","CARA_COCOK":"ID","JARAK_COCOK_M":0.0},"geometry":{"type":"Point","coordinates":[104.052396,1.127514]}},{"type":"Feature","id":"ANL-BTK-JAY-SIM-002-POV-04","properties":{"fid":207,"ID_POV":"ANL-BTK-JAY-SIM-002-POV-04","ID_TITIK":"ANL-BTK-JAY-SIM-002","UID":"UID-0811","ID_WEBGIS":"ANL-BTK-JAY-SIM-002","POV_KE":4,"LAT":1.127291,"LON":104.052479,"JARAK_M":17.5,"STATUS_POV":"baru","JML_POV":4,"POV_MEAN":37.0,"POV_MEDIAN":38.4,"POV_MIN":17.5,"POV_MAKS":53.6,"TIPE":"Bersinyal (ATCS)","JENIS":"Persimpangan","NAMA_JALAN":"Jl. Jend. Ahmad Yani","KELURAHAN":"TELUK TERING","KECAMATAN":"BATAM KOTA","PRIORITAS":"PRIORITAS 2","SURVEYOR":"wahyu","WAKTU":"2026-09-02T00:27:30.762Z","CARA_COCOK":"ID","JARAK_COCOK_M":0.0},"geometry":{"type":"Point","coordinates":[104.052479,1.127291]}},{"type":"Feature","id":"ANL-BTK-KOP-SIM-001-POV-01","properties":{"fid":208,"ID_POV":"ANL-BTK-KOP-SIM-001-POV-01","ID_TITIK":"ANL-BTK-KOP-SIM-001","UID":"UID-0987","ID_WEBGIS":"ANL-BTK-KOP-SIM-022","POV_KE":1,"LAT":1.124519,"LON":104.026183,"JARAK_M":24.3,"STATUS_POV":"ubah","JML_POV":4,"POV_MEAN":39.5,"POV_MEDIAN":42.3,"POV_MIN":24.3,"POV_MAKS":48.9,"TIPE":"Tidak Bersinyal","JENIS":"Persimpangan","NAMA_JALAN":"Jl. Raja H.Fisabilillah","KELURAHAN":"TAMAN BALOI","KECAMATAN":"BATAM KOTA","PRIORITAS":"PRIORITAS 2","SURVEYOR":"Budi","WAKTU":"2026-09-03T02:13:16.663Z","CARA_COCOK":"ID","JARAK_COCOK_M":0.0},"geometry":{"type":"Point","coordinates":[104.026183,1.124519]}},{"type":"Feature","id":"ANL-BTK-KOP-SIM-001-POV-02","properties":{"fid":209,"ID_POV":"ANL-BTK-KOP-SIM-001-POV-02","ID_TITIK":"ANL-BTK-KOP-SIM-001","UID":"UID-0987","ID_WEBGIS":"ANL-BTK-KOP-SIM-022","POV_KE":2,"LAT":1.124962,"LON":104.025719,"JARAK_M":47.7,"STATUS_POV":"ubah","JML_POV":4,"POV_MEAN":39.5,"POV_MEDIAN":42.3,"POV_MIN":24.3,"POV_MAKS":48.9,"TIPE":"Tidak Bersinyal","JENIS":"Persimpangan","NAMA_JALAN":"Jl. Raja H.Fisabilillah","KELURAHAN":"TAMAN BALOI","KECAMATAN":"BATAM KOTA","PRIORITAS":"PRIORITAS 2","SURVEYOR":"Budi","WAKTU":"2026-09-03T02:13:16.663Z","CARA_COCOK":"ID","JARAK_COCOK_M":0.0},"geometry":{"type":"Point","coordinates":[104.025719,1.124962]}},{"type":"Feature","id":"ANL-BTK-KOP-SIM-001-POV-03","properties":{"fid":210,"ID_POV":"ANL-BTK-KOP-SIM-001-POV-03","ID_TITIK":"ANL-BTK-KOP-SIM-001","UID":"UID-0987","ID_WEBGIS":"ANL-BTK-KOP-SIM-022","POV_KE":3,"LAT":1.124744,"LON":104.026312,"JARAK_M":36.9,"STATUS_POV":"ubah","JML_POV":4,"POV_MEAN":39.5,"POV_MEDIAN":42.3,"POV_MIN":24.3,"POV_MAKS":48.9,"TIPE":"Tidak Bersinyal","JENIS":"Persimpangan","NAMA_JALAN":"Jl. Raja H.Fisabilillah","KELURAHAN":"TAMAN BALOI","KECAMATAN":"BATAM KOTA","PRIORITAS":"PRIORITAS 2","SURVEYOR":"Budi","WAKTU":"2026-09-03T02:13:16.663Z","CARA_COCOK":"ID","JARAK_COCOK_M":0.0},"geometry":{"type":"Point","coordinates":[104.026312,1.124744]}},{"type":"Feature","id":"ANL-BTK-KOP-SIM-001-POV-04","properties":{"fid":211,"ID_POV":"ANL-BTK-KOP-SIM-001-POV-04","ID_TITIK":"ANL-BTK-KOP-SIM-001","UID":"UID-0987","ID_WEBGIS":"ANL-BTK-KOP-SIM-022","POV_KE":4,"LAT":1.125074,"LON":104.026033,"JARAK_M":48.9,"STATUS_POV":"ubah","JML_POV":4,"POV_MEAN":39.5,"POV_MEDIAN":42.3,"POV_MIN":24.3,"POV_MAKS":48.9,"TIPE":"Tidak Bersinyal","JENIS":"Persimpangan","NAMA_JALAN":"Jl. Raja H.Fisabilillah","KELURAHAN":"TAMAN BALOI","KECAMATAN":"BATAM KOTA","PRIORITAS":"PRIORITAS 2","SURVEYOR":"Budi","WAKTU":"2026-09-03T02:13:16.663Z","CARA_COCOK":"ID","JARAK_COCOK_M":0.0},"geometry":{"type":"Point","coordinates":[104.026033,1.125074]}},{"type":"Feature","id":"ANL-BTK-PPU-SIM-001-POV-01","properties":{"fid":212,"ID_POV":"ANL-BTK-PPU-SIM-001-POV-01","ID_TITIK":"ANL-BTK-PPU-SIM-001","UID":"UID-1063","ID_WEBGIS":"ANL-BTK-PPU-SIM-014","POV_KE":1,"LAT":1.136222,"LON":104.045425,"JARAK_M":39.5,"STATUS_POV":"ubah","JML_POV":3,"POV_MEAN":31.9,"POV_MEDIAN":29.7,"POV_MIN":26.5,"POV_MAKS":39.5,"TIPE":"Tidak Bersinyal","JENIS":"Persimpangan","NAMA_JALAN":"Jl. Pasir Putih","KELURAHAN":"TELUK TERING","KECAMATAN":"BATAM KOTA","PRIORITAS":"PRIORITAS 3","SURVEYOR":"Budi","WAKTU":"2026-09-03T02:18:53.518Z","CARA_COCOK":"ID","JARAK_COCOK_M":0.0},"geometry":{"type":"Point","coordinates":[104.045425,1.136222]}},{"type":"Feature","id":"ANL-BTK-PPU-SIM-001-POV-02","properties":{"fid":213,"ID_POV":"ANL-BTK-PPU-SIM-001-POV-02","ID_TITIK":"ANL-BTK-PPU-SIM-001","UID":"UID-1063","ID_WEBGIS":"ANL-BTK-PPU-SIM-014","POV_KE":2,"LAT":1.136042,"LON":104.04575,"JARAK_M":26.5,"STATUS_POV":"ubah","JML_POV":3,"POV_MEAN":31.9,"POV_MEDIAN":29.7,"POV_MIN":26.5,"POV_MAKS":39.5,"TIPE":"Tidak Bersinyal","JENIS":"Persimpangan","NAMA_JALAN":"Jl. Pasir Putih","KELURAHAN":"TELUK TERING","KECAMATAN":"BATAM KOTA","PRIORITAS":"PRIORITAS 3","SURVEYOR":"Budi","WAKTU":"2026-09-03T02:18:53.518Z","CARA_COCOK":"ID","JARAK_COCOK_M":0.0},"geometry":{"type":"Point","coordinates":[104.04575,1.136042]}},{"type":"Feature","id":"ANL-BTK-PPU-SIM-001-POV-03","properties":{"fid":214,"ID_POV":"ANL-BTK-PPU-SIM-001-POV-03","ID_TITIK":"ANL-BTK-PPU-SIM-001","UID":"UID-1063","ID_WEBGIS":"ANL-BTK-PPU-SIM-014","POV_KE":3,"LAT":1.136369,"LON":104.045524,"JARAK_M":29.7,"STATUS_POV":"baru","JML_POV":3,"POV_MEAN":31.9,"POV_MEDIAN":29.7,"POV_MIN":26.5,"POV_MAKS":39.5,"TIPE":"Tidak Bersinyal","JENIS":"Persimpangan","NAMA_JALAN":"Jl. Pasir Putih","KELURAHAN":"TELUK TERING","KECAMATAN":"BATAM KOTA","PRIORITAS":"PRIORITAS 3","SURVEYOR":"Budi","WAKTU":"2026-09-03T02:18:53.518Z","CARA_COCOK":"ID","JARAK_COCOK_M":0.0},"geometry":{"type":"Point","coordinates":[104.045524,1.136369]}},{"type":"Feature","id":"ANL-BTK-RFI-SIM-001-POV-01","properties":{"fid":215,"ID_POV":"ANL-BTK-RFI-SIM-001-POV-01","ID_TITIK":"ANL-BTK-RFI-SIM-001","UID":"UID-1147","ID_WEBGIS":"ANL-BTK-RFI-SIM-015","POV_KE":1,"LAT":1.132134,"LON":104.045454,"JARAK_M":39.5,"STATUS_POV":"baru","JML_POV":3,"POV_MEAN":28.9,"POV_MEDIAN":25.8,"POV_MIN":21.4,"POV_MAKS":39.5,"TIPE":"Tidak Bersinyal","JENIS":"Persimpangan","NAMA_JALAN":"Jl. Raja H.Fisabilillah","KELURAHAN":"TELUK TERING","KECAMATAN":"BATAM KOTA","PRIORITAS":"PRIORITAS 3","SURVEYOR":"wahyu","WAKTU":"2026-09-02T04:12:55.997Z","CARA_COCOK":"ID","JARAK_COCOK_M":0.0},"geometry":{"type":"Point","coordinates":[104.045454,1.132134]}},{"type":"Feature","id":"ANL-BTK-RFI-SIM-001-POV-02","properties":{"fid":216,"ID_POV":"ANL-BTK-RFI-SIM-001-POV-02","ID_TITIK":"ANL-BTK-RFI-SIM-001","UID":"UID-1147","ID_WEBGIS":"ANL-BTK-RFI-SIM-015","POV_KE":2,"LAT":1.132195,"LON":104.045159,"JARAK_M":21.4,"STATUS_POV":"baru","JML_POV":3,"POV_MEAN":28.9,"POV_MEDIAN":25.8,"POV_MIN":21.4,"POV_MAKS":39.5,"TIPE":"Tidak Bersinyal","JENIS":"Persimpangan","NAMA_JALAN":"Jl. Raja H.Fisabilillah","KELURAHAN":"TELUK TERING","KECAMATAN":"BATAM KOTA","PRIORITAS":"PRIORITAS 3","SURVEYOR":"wahyu","WAKTU":"2026-09-02T04:12:55.997Z","CARA_COCOK":"ID","JARAK_COCOK_M":0.0},"geometry":{"type":"Point","coordinates":[104.045159,1.132195]}},{"type":"Feature","id":"ANL-BTK-RFI-SIM-001-POV-03","properties":{"fid":217,"ID_POV":"ANL-BTK-RFI-SIM-001-POV-03","ID_TITIK":"ANL-BTK-RFI-SIM-001","UID":"UID-1147","ID_WEBGIS":"ANL-BTK-RFI-SIM-015","POV_KE":3,"LAT":1.131883,"LON":104.04532,"JARAK_M":25.8,"STATUS_POV":"baru","JML_POV":3,"POV_MEAN":28.9,"POV_MEDIAN":25.8,"POV_MIN":21.4,"POV_MAKS":39.5,"TIPE":"Tidak Bersinyal","JENIS":"Persimpangan","NAMA_JALAN":"Jl. Raja H.Fisabilillah","KELURAHAN":"TELUK TERING","KECAMATAN":"BATAM KOTA","PRIORITAS":"PRIORITAS 3","SURVEYOR":"wahyu","WAKTU":"2026-09-02T04:12:55.997Z","CARA_COCOK":"ID","JARAK_COCOK_M":0.0},"geometry":{"type":"Point","coordinates":[104.04532,1.131883]}},{"type":"Feature","id":"ANL-BTK-RFI-SIM-002-POV-01","properties":{"fid":218,"ID_POV":"ANL-BTK-RFI-SIM-002-POV-01","ID_TITIK":"ANL-BTK-RFI-SIM-002","UID":"UID-1148","ID_WEBGIS":"ANL-BTK-RFI-SIM-019","POV_KE":1,"LAT":1.129317,"LON":104.037816,"JARAK_M":55.1,"STATUS_POV":"ubah","JML_POV":3,"POV_MEAN":40.3,"POV_MEDIAN":34.0,"POV_MIN":31.9,"POV_MAKS":55.1,"TIPE":"Tidak Bersinyal","JENIS":"Persimpangan","NAMA_JALAN":"Jl. Raja H.Fisabilillah","KELURAHAN":"TELUK TERING","KECAMATAN":"BATAM KOTA","PRIORITAS":"PRIORITAS 2","SURVEYOR":"Budi","WAKTU":"2026-09-03T02:23:40.124Z","CARA_COCOK":"ID","JARAK_COCOK_M":0.0},"geometry":{"type":"Point","coordinates":[104.037816,1.129317]}},{"type":"Feature","id":"ANL-BTK-RFI-SIM-002-POV-02","properties":{"fid":219,"ID_POV":"ANL-BTK-RFI-SIM-002-POV-02","ID_TITIK":"ANL-BTK-RFI-SIM-002","UID":"UID-1148","ID_WEBGIS":"ANL-BTK-RFI-SIM-019","POV_KE":2,"LAT":1.128976,"LON":104.038325,"JARAK_M":31.9,"STATUS_POV":"asli","JML_POV":3,"POV_MEAN":40.3,"POV_MEDIAN":34.0,"POV_MIN":31.9,"POV_MAKS":55.1,"TIPE":"Tidak Bersinyal","JENIS":"Persimpangan","NAMA_JALAN":"Jl. Raja H.Fisabilillah","KELURAHAN":"TELUK TERING","KECAMATAN":"BATAM KOTA","PRIORITAS":"PRIORITAS 2","SURVEYOR":"Budi","WAKTU":"2026-09-03T02:23:40.124Z","CARA_COCOK":"ID","JARAK_COCOK_M":0.0},"geometry":{"type":"Point","coordinates":[104.038325,1.128976]}},{"type":"Feature","id":"ANL-BTK-RFI-SIM-002-POV-03","properties":{"fid":220,"ID_POV":"ANL-BTK-RFI-SIM-002-POV-03","ID_TITIK":"ANL-BTK-RFI-SIM-002","UID":"UID-1148","ID_WEBGIS":"ANL-BTK-RFI-SIM-019","POV_KE":3,"LAT":1.129121,"LON":104.038038,"JARAK_M":34.0,"STATUS_POV":"baru","JML_POV":3,"POV_MEAN":40.3,"POV_MEDIAN":34.0,"POV_MIN":31.9,"POV_MAKS":55.1,"TIPE":"Tidak Bersinyal","JENIS":"Persimpangan","NAMA_JALAN":"Jl. Raja H.Fisabilillah","KELURAHAN":"TELUK TERING","KECAMATAN":"BATAM KOTA","PRIORITAS":"PRIORITAS 2","SURVEYOR":"Budi","WAKTU":"2026-09-03T02:23:40.124Z","CARA_COCOK":"ID","JARAK_COCOK_M":0.0},"geometry":{"type":"Point","coordinates":[104.038038,1.129121]}},{"type":"Feature","id":"ANL-BTK-RFI-SIM-003-POV-01","properties":{"fid":221,"ID_POV":"ANL-BTK-RFI-SIM-003-POV-01","ID_TITIK":"ANL-BTK-RFI-SIM-003","UID":"UID-1149","ID_WEBGIS":"ANL-BTK-RFI-SIM-020","POV_KE":1,"LAT":1.129425,"LON":104.038312,"JARAK_M":43.7,"STATUS_POV":"ubah","JML_POV":3,"POV_MEAN":45.8,"POV_MEDIAN":43.7,"POV_MIN":22.5,"POV_MAKS":71.3,"TIPE":"Tidak Bersinyal","JENIS":"Persimpangan","NAMA_JALAN":"Jl. Raja H.Fisabilillah","KELURAHAN":"TELUK TERING","KECAMATAN":"BATAM KOTA","PRIORITAS":"PRIORITAS 2","SURVEYOR":"wahyu","WAKTU":"2026-09-02T03:27:11.032Z","CARA_COCOK":"ID","JARAK_COCOK_M":0.0},"geometry":{"type":"Point","coordinates":[104.038312,1.129425]}},{"type":"Feature","id":"ANL-BTK-RFI-SIM-003-POV-02","properties":{"fid":222,"ID_POV":"ANL-BTK-RFI-SIM-003-POV-02","ID_TITIK":"ANL-BTK-RFI-SIM-003","UID":"UID-1149","ID_WEBGIS":"ANL-BTK-RFI-SIM-020","POV_KE":2,"LAT":1.128983,"LON":104.038321,"JARAK_M":71.3,"STATUS_POV":"asli","JML_POV":3,"POV_MEAN":45.8,"POV_MEDIAN":43.7,"POV_MIN":22.5,"POV_MAKS":71.3,"TIPE":"Tidak Bersinyal","JENIS":"Persimpangan","NAMA_JALAN":"Jl. Raja H.Fisabilillah","KELURAHAN":"TELUK TERING","KECAMATAN":"BATAM KOTA","PRIORITAS":"PRIORITAS 2","SURVEYOR":"wahyu","WAKTU":"2026-09-02T03:27:11.032Z","CARA_COCOK":"ID","JARAK_COCOK_M":0.0},"geometry":{"type":"Point","coordinates":[104.038321,1.128983]}},{"type":"Feature","id":"ANL-BTK-RFI-SIM-003-POV-03","properties":{"fid":223,"ID_POV":"ANL-BTK-RFI-SIM-003-POV-03","ID_TITIK":"ANL-BTK-RFI-SIM-003","UID":"UID-1149","ID_WEBGIS":"ANL-BTK-RFI-SIM-020","POV_KE":3,"LAT":1.129317,"LON":104.037814,"JARAK_M":22.5,"STATUS_POV":"ubah","JML_POV":3,"POV_MEAN":45.8,"POV_MEDIAN":43.7,"POV_MIN":22.5,"POV_MAKS":71.3,"TIPE":"Tidak Bersinyal","JENIS":"Persimpangan","NAMA_JALAN":"Jl. Raja H.Fisabilillah","KELURAHAN":"TELUK TERING","KECAMATAN":"BATAM KOTA","PRIORITAS":"PRIORITAS 2","SURVEYOR":"wahyu","WAKTU":"2026-09-02T03:27:11.032Z","CARA_COCOK":"ID","JARAK_COCOK_M":0.0},"geometry":{"type":"Point","coordinates":[104.037814,1.129317]}},{"type":"Feature","id":"ANL-BTK-RFI-SIM-004-POV-01","properties":{"fid":224,"ID_POV":"ANL-BTK-RFI-SIM-004-POV-01","ID_TITIK":"ANL-BTK-RFI-SIM-004","UID":"UID-1150","ID_WEBGIS":"ANL-BTK-RFI-SIM-021","POV_KE":1,"LAT":1.124975,"LON":104.025574,"JARAK_M":58.4,"STATUS_POV":"ubah","JML_POV":3,"POV_MEAN":57.2,"POV_MEDIAN":57.4,"POV_MIN":55.9,"POV_MAKS":58.4,"TIPE":"Tidak Bersinyal","JENIS":"Persimpangan","NAMA_JALAN":"Jl. Raja H.Fisabilillah","KELURAHAN":"SEI PANAS","KECAMATAN":"BATAM KOTA","PRIORITAS":"PRIORITAS 2","SURVEYOR":"wahyu","WAKTU":"2026-09-02T03:27:11.032Z","CARA_COCOK":"ID","JARAK_COCOK_M":0.0},"geometry":{"type":"Point","coordinates":[104.025574,1.124975]}},{"type":"Feature","id":"ANL-BTK-RFI-SIM-004-POV-02","properties":{"fid":225,"ID_POV":"ANL-BTK-RFI-SIM-004-POV-02","ID_TITIK":"ANL-BTK-RFI-SIM-004","UID":"UID-1150","ID_WEBGIS":"ANL-BTK-RFI-SIM-021","POV_KE":2,"LAT":1.124744,"LON":104.02646,"JARAK_M":55.9,"STATUS_POV":"asli","JML_POV":3,"POV_MEAN":57.2,"POV_MEDIAN":57.4,"POV_MIN":55.9,"POV_MAKS":58.4,"TIPE":"Tidak Bersinyal","JENIS":"Persimpangan","NAMA_JALAN":"Jl. Raja H.Fisabilillah","KELURAHAN":"SEI PANAS","KECAMATAN":"BATAM KOTA","PRIORITAS":"PRIORITAS 2","SURVEYOR":"wahyu","WAKTU":"2026-09-02T03:27:11.032Z","CARA_COCOK":"ID","JARAK_COCOK_M":0.0},"geometry":{"type":"Point","coordinates":[104.02646,1.124744]}},{"type":"Feature","id":"ANL-BTK-RFI-SIM-004-POV-03","properties":{"fid":226,"ID_POV":"ANL-BTK-RFI-SIM-004-POV-03","ID_TITIK":"ANL-BTK-RFI-SIM-004","UID":"UID-1150","ID_WEBGIS":"ANL-BTK-RFI-SIM-021","POV_KE":3,"LAT":1.124591,"LON":104.025928,"JARAK_M":57.4,"STATUS_POV":"ubah","JML_POV":3,"POV_MEAN":57.2,"POV_MEDIAN":57.4,"POV_MIN":55.9,"POV_MAKS":58.4,"TIPE":"Tidak Bersinyal","JENIS":"Persimpangan","NAMA_JALAN":"Jl. Raja H.Fisabilillah","KELURAHAN":"SEI PANAS","KECAMATAN":"BATAM KOTA","PRIORITAS":"PRIORITAS 2","SURVEYOR":"wahyu","WAKTU":"2026-09-02T03:27:11.032Z","CARA_COCOK":"ID","JARAK_COCOK_M":0.0},"geometry":{"type":"Point","coordinates":[104.025928,1.124591]}},{"type":"Feature","id":"ANL-BTK-RSA-SIM-001-POV-01","properties":{"fid":227,"ID_POV":"ANL-BTK-RSA-SIM-001-POV-01","ID_TITIK":"ANL-BTK-RSA-SIM-001","UID":"UID-1273","ID_WEBGIS":"ANL-BTK-RSA-SIM-003","POV_KE":1,"LAT":1.115281,"LON":104.092659,"JARAK_M":23.9,"STATUS_POV":"ubah","JML_POV":3,"POV_MEAN":30.8,"POV_MEDIAN":29.5,"POV_MIN":23.9,"POV_MAKS":39.0,"TIPE":"Tidak Bersinyal","JENIS":"Persimpangan","NAMA_JALAN":"Jl. Raja M. Saleh","KELURAHAN":"BELIAN","KECAMATAN":"BATAM KOTA","PRIORITAS":"PRIORITAS 2","SURVEYOR":"wahyu","WAKTU":"2026-09-02T05:21:52.015Z","CARA_COCOK":"ID","JARAK_COCOK_M":0.0},"geometry":{"type":"Point","coordinates":[104.092659,1.115281]}},{"type":"Feature","id":"ANL-BTK-RSA-SIM-001-POV-02","properties":{"fid":228,"ID_POV":"ANL-BTK-RSA-SIM-001-POV-02","ID_TITIK":"ANL-BTK-RSA-SIM-001","UID":"UID-1273","ID_WEBGIS":"ANL-BTK-RSA-SIM-003","POV_KE":2,"LAT":1.115098,"LON":104.092436,"JARAK_M":29.5,"STATUS_POV":"ubah","JML_POV":3,"POV_MEAN":30.8,"POV_MEDIAN":29.5,"POV_MIN":23.9,"POV_MAKS":39.0,"TIPE":"Tidak Bersinyal","JENIS":"Persimpangan","NAMA_JALAN":"Jl. Raja M. Saleh","KELURAHAN":"BELIAN","KECAMATAN":"BATAM KOTA","PRIORITAS":"PRIORITAS 2","SURVEYOR":"wahyu","WAKTU":"2026-09-02T05:21:52.015Z","CARA_COCOK":"ID","JARAK_COCOK_M":0.0},"geometry":{"type":"Point","coordinates":[104.092436,1.115098]}},{"type":"Feature","id":"ANL-BTK-RSA-SIM-001-POV-03","properties":{"fid":229,"ID_POV":"ANL-BTK-RSA-SIM-001-POV-03","ID_TITIK":"ANL-BTK-RSA-SIM-001","UID":"UID-1273","ID_WEBGIS":"ANL-BTK-RSA-SIM-003","POV_KE":3,"LAT":1.114898,"LON":104.092394,"JARAK_M":39.0,"STATUS_POV":"asli","JML_POV":3,"POV_MEAN":30.8,"POV_MEDIAN":29.5,"POV_MIN":23.9,"POV_MAKS":39.0,"TIPE":"Tidak Bersinyal","JENIS":"Persimpangan","NAMA_JALAN":"Jl. Raja M. Saleh","KELURAHAN":"BELIAN","KECAMATAN":"BATAM KOTA","PRIORITAS":"PRIORITAS 2","SURVEYOR":"wahyu","WAKTU":"2026-09-02T05:21:52.015Z","CARA_COCOK":"ID","JARAK_COCOK_M":0.0},"geometry":{"type":"Point","coordinates":[104.092394,1.114898]}},{"type":"Feature","id":"ANL-BTK-RSA-SIM-002-POV-01","properties":{"fid":230,"ID_POV":"ANL-BTK-RSA-SIM-002-POV-01","ID_TITIK":"ANL-BTK-RSA-SIM-002","UID":"UID-1274","ID_WEBGIS":"ANL-BTK-RSA-SIM-006","POV_KE":1,"LAT":1.114696,"LON":104.0906,"JARAK_M":23.3,"STATUS_POV":"ubah","JML_POV":3,"POV_MEAN":22.1,"POV_MEDIAN":23.3,"POV_MIN":18.3,"POV_MAKS":24.7,"TIPE":"Tidak Bersinyal","JENIS":"Persimpangan","NAMA_JALAN":"Jl. Raja M. Saleh","KELURAHAN":"BELIAN","KECAMATAN":"BATAM KOTA","PRIORITAS":"PRIORITAS 2","SURVEYOR":"wahyu","WAKTU":"2026-09-02T04:26:42.665Z","CARA_COCOK":"ID","JARAK_COCOK_M":0.0},"geometry":{"type":"Point","coordinates":[104.0906,1.114696]}},{"type":"Feature","id":"ANL-BTK-RSA-SIM-002-POV-02","properties":{"fid":231,"ID_POV":"ANL-BTK-RSA-SIM-002-POV-02","ID_TITIK":"ANL-BTK-RSA-SIM-002","UID":"UID-1274","ID_WEBGIS":"ANL-BTK-RSA-SIM-006","POV_KE":2,"LAT":1.114555,"LON":104.09043,"JARAK_M":24.7,"STATUS_POV":"asli","JML_POV":3,"POV_MEAN":22.1,"POV_MEDIAN":23.3,"POV_MIN":18.3,"POV_MAKS":24.7,"TIPE":"Tidak Bersinyal","JENIS":"Persimpangan","NAMA_JALAN":"Jl. Raja M. Saleh","KELURAHAN":"BELIAN","KECAMATAN":"BATAM KOTA","PRIORITAS":"PRIORITAS 2","SURVEYOR":"wahyu","WAKTU":"2026-09-02T04:26:42.665Z","CARA_COCOK":"ID","JARAK_COCOK_M":0.0},"geometry":{"type":"Point","coordinates":[104.09043,1.114555]}},{"type":"Feature","id":"ANL-BTK-RSA-SIM-002-POV-03","properties":{"fid":232,"ID_POV":"ANL-BTK-RSA-SIM-002-POV-03","ID_TITIK":"ANL-BTK-RSA-SIM-002","UID":"UID-1274","ID_WEBGIS":"ANL-BTK-RSA-SIM-006","POV_KE":3,"LAT":1.114711,"LON":104.090255,"JARAK_M":18.3,"STATUS_POV":"ubah","JML_POV":3,"POV_MEAN":22.1,"POV_MEDIAN":23.3,"POV_MIN":18.3,"POV_MAKS":24.7,"TIPE":"Tidak Bersinyal","JENIS":"Persimpangan","NAMA_JALAN":"Jl. Raja M. Saleh","KELURAHAN":"BELIAN","KECAMATAN":"BATAM KOTA","PRIORITAS":"PRIORITAS 2","SURVEYOR":"wahyu","WAKTU":"2026-09-02T04:26:42.665Z","CARA_COCOK":"ID","JARAK_COCOK_M":0.0},"geometry":{"type":"Point","coordinates":[104.090255,1.114711]}},{"type":"Feature","id":"ANL-BTK-RTA-SIM-001-POV-01","properties":{"fid":233,"ID_POV":"ANL-BTK-RTA-SIM-001-POV-01","ID_TITIK":"ANL-BTK-RTA-SIM-001","UID":"UID-1276","ID_WEBGIS":"ANL-BTK-RTA-SIM-017","POV_KE":1,"LAT":1.125889,"LON":104.044902,"JARAK_M":30.5,"STATUS_POV":"ubah","JML_POV":3,"POV_MEAN":32.3,"POV_MEDIAN":30.5,"POV_MIN":13.8,"POV_MAKS":52.6,"TIPE":"Tidak Bersinyal","JENIS":"Persimpangan","NAMA_JALAN":"Jl. Raja M.Tahir","KELURAHAN":"TELUK TERING","KECAMATAN":"BATAM KOTA","PRIORITAS":"PRIORITAS 2","SURVEYOR":"wahyu","WAKTU":"2026-09-02T03:56:09.145Z","CARA_COCOK":"ID","JARAK_COCOK_M":0.0},"geometry":{"type":"Point","coordinates":[104.044902,1.125889]}},{"type":"Feature","id":"ANL-BTK-RTA-SIM-001-POV-02","properties":{"fid":234,"ID_POV":"ANL-BTK-RTA-SIM-001-POV-02","ID_TITIK":"ANL-BTK-RTA-SIM-001","UID":"UID-1276","ID_WEBGIS":"ANL-BTK-RTA-SIM-017","POV_KE":2,"LAT":1.126048,"LON":104.044502,"JARAK_M":52.6,"STATUS_POV":"asli","JML_POV":3,"POV_MEAN":32.3,"POV_MEDIAN":30.5,"POV_MIN":13.8,"POV_MAKS":52.6,"TIPE":"Tidak Bersinyal","JENIS":"Persimpangan","NAMA_JALAN":"Jl. Raja M.Tahir","KELURAHAN":"TELUK TERING","KECAMATAN":"BATAM KOTA","PRIORITAS":"PRIORITAS 2","SURVEYOR":"wahyu","WAKTU":"2026-09-02T03:56:09.145Z","CARA_COCOK":"ID","JARAK_COCOK_M":0.0},"geometry":{"type":"Point","coordinates":[104.044502,1.126048]}},{"type":"Feature","id":"ANL-BTK-RTA-SIM-001-POV-03","properties":{"fid":235,"ID_POV":"ANL-BTK-RTA-SIM-001-POV-03","ID_TITIK":"ANL-BTK-RTA-SIM-001","UID":"UID-1276","ID_WEBGIS":"ANL-BTK-RTA-SIM-017","POV_KE":3,"LAT":1.126235,"LON":104.044867,"JARAK_M":13.8,"STATUS_POV":"ubah","JML_POV":3,"POV_MEAN":32.3,"POV_MEDIAN":30.5,"POV_MIN":13.8,"POV_MAKS":52.6,"TIPE":"Tidak Bersinyal","JENIS":"Persimpangan","NAMA_JALAN":"Jl. Raja M.Tahir","KELURAHAN":"TELUK TERING","KECAMATAN":"BATAM KOTA","PRIORITAS":"PRIORITAS 2","SURVEYOR":"wahyu","WAKTU":"2026-09-02T03:56:09.145Z","CARA_COCOK":"ID","JARAK_COCOK_M":0.0},"geometry":{"type":"Point","coordinates":[104.044867,1.126235]}},{"type":"Feature","id":"ANL-BTK-RTA-SIM-002-POV-01","properties":{"fid":236,"ID_POV":"ANL-BTK-RTA-SIM-002-POV-01","ID_TITIK":"ANL-BTK-RTA-SIM-002","UID":"UID-1277","ID_WEBGIS":"ANL-BTK-RTA-SIM-018","POV_KE":1,"LAT":1.125905,"LON":104.044886,"JARAK_M":40.4,"STATUS_POV":"ubah","JML_POV":3,"POV_MEAN":33.5,"POV_MEDIAN":31.6,"POV_MIN":28.6,"POV_MAKS":40.4,"TIPE":"Tidak Bersinyal","JENIS":"Persimpangan","NAMA_JALAN":"Jl. Raja M.Tahir","KELURAHAN":"TELUK TERING","KECAMATAN":"BATAM KOTA","PRIORITAS":"PRIORITAS 2","SURVEYOR":"wahyu","WAKTU":"2026-09-03T03:14:48.065Z","CARA_COCOK":"ID","JARAK_COCOK_M":0.0},"geometry":{"type":"Point","coordinates":[104.044886,1.125905]}},{"type":"Feature","id":"ANL-BTK-RTA-SIM-002-POV-02","properties":{"fid":237,"ID_POV":"ANL-BTK-RTA-SIM-002-POV-02","ID_TITIK":"ANL-BTK-RTA-SIM-002","UID":"UID-1277","ID_WEBGIS":"ANL-BTK-RTA-SIM-018","POV_KE":2,"LAT":1.126076,"LON":104.044533,"JARAK_M":28.6,"STATUS_POV":"ubah","JML_POV":3,"POV_MEAN":33.5,"POV_MEDIAN":31.6,"POV_MIN":28.6,"POV_MAKS":40.4,"TIPE":"Tidak Bersinyal","JENIS":"Persimpangan","NAMA_JALAN":"Jl. Raja M.Tahir","KELURAHAN":"TELUK TERING","KECAMATAN":"BATAM KOTA","PRIORITAS":"PRIORITAS 2","SURVEYOR":"wahyu","WAKTU":"2026-09-03T03:14:48.065Z","CARA_COCOK":"ID","JARAK_COCOK_M":0.0},"geometry":{"type":"Point","coordinates":[104.044533,1.126076]}},{"type":"Feature","id":"ANL-BTK-RTA-SIM-002-POV-03","properties":{"fid":238,"ID_POV":"ANL-BTK-RTA-SIM-002-POV-03","ID_TITIK":"ANL-BTK-RTA-SIM-002","UID":"UID-1277","ID_WEBGIS":"ANL-BTK-RTA-SIM-018","POV_KE":3,"LAT":1.126052,"LON":104.044953,"JARAK_M":31.6,"STATUS_POV":"baru","JML_POV":3,"POV_MEAN":33.5,"POV_MEDIAN":31.6,"POV_MIN":28.6,"POV_MAKS":40.4,"TIPE":"Tidak Bersinyal","JENIS":"Persimpangan","NAMA_JALAN":"Jl. Raja M.Tahir","KELURAHAN":"TELUK TERING","KECAMATAN":"BATAM KOTA","PRIORITAS":"PRIORITAS 2","SURVEYOR":"wahyu","WAKTU":"2026-09-03T03:14:48.065Z","CARA_COCOK":"ID","JARAK_COCOK_M":0.0},"geometry":{"type":"Point","coordinates":[104.044953,1.126052]}},{"type":"Feature","id":"ANL-BTK-TSU-SIM-001-POV-01","properties":{"fid":239,"ID_POV":"ANL-BTK-TSU-SIM-001-POV-01","ID_TITIK":"ANL-BTK-TSU-SIM-001","UID":"UID-1292","ID_WEBGIS":"ANL-BTK-TSU-SIM-004","POV_KE":1,"LAT":1.115324,"LON":104.092662,"JARAK_M":16.6,"STATUS_POV":"asli","JML_POV":3,"POV_MEAN":26.7,"POV_MEDIAN":31.5,"POV_MIN":16.6,"POV_MAKS":31.9,"TIPE":"Tidak Bersinyal","JENIS":"Persimpangan","NAMA_JALAN":"Jl. Raja M. Saleh","KELURAHAN":"BELIAN","KECAMATAN":"BATAM KOTA","PRIORITAS":"PRIORITAS 2","SURVEYOR":"wahyu","WAKTU":"2026-09-03T03:15:16.167Z","CARA_COCOK":"ID","JARAK_COCOK_M":0.0},"geometry":{"type":"Point","coordinates":[104.092662,1.115324]}},{"type":"Feature","id":"ANL-BTK-TSU-SIM-001-POV-02","properties":{"fid":240,"ID_POV":"ANL-BTK-TSU-SIM-001-POV-02","ID_TITIK":"ANL-BTK-TSU-SIM-001","UID":"UID-1292","ID_WEBGIS":"ANL-BTK-TSU-SIM-004","POV_KE":2,"LAT":1.115116,"LON":104.092492,"JARAK_M":31.9,"STATUS_POV":"ubah","JML_POV":3,"POV_MEAN":26.7,"POV_MEDIAN":31.5,"POV_MIN":16.6,"POV_MAKS":31.9,"TIPE":"Tidak Bersinyal","JENIS":"Persimpangan","NAMA_JALAN":"Jl. Raja M. Saleh","KELURAHAN":"BELIAN","KECAMATAN":"BATAM KOTA","PRIORITAS":"PRIORITAS 2","SURVEYOR":"wahyu","WAKTU":"2026-09-03T03:15:16.167Z","CARA_COCOK":"ID","JARAK_COCOK_M":0.0},"geometry":{"type":"Point","coordinates":[104.092492,1.115116]}},{"type":"Feature","id":"ANL-BTK-TSU-SIM-001-POV-03","properties":{"fid":241,"ID_POV":"ANL-BTK-TSU-SIM-001-POV-03","ID_TITIK":"ANL-BTK-TSU-SIM-001","UID":"UID-1292","ID_WEBGIS":"ANL-BTK-TSU-SIM-004","POV_KE":3,"LAT":1.115009,"LON":104.092565,"JARAK_M":31.5,"STATUS_POV":"baru","JML_POV":3,"POV_MEAN":26.7,"POV_MEDIAN":31.5,"POV_MIN":16.6,"POV_MAKS":31.9,"TIPE":"Tidak Bersinyal","JENIS":"Persimpangan","NAMA_JALAN":"Jl. Raja M. Saleh","KELURAHAN":"BELIAN","KECAMATAN":"BATAM KOTA","PRIORITAS":"PRIORITAS 2","SURVEYOR":"wahyu","WAKTU":"2026-09-03T03:15:16.167Z","CARA_COCOK":"ID","JARAK_COCOK_M":0.0},"geometry":{"type":"Point","coordinates":[104.092565,1.115009]}},{"type":"Feature","id":"ANL-SKP-GMA-SIM-001-POV-01","properties":{"fid":245,"ID_POV":"ANL-SKP-GMA-SIM-001-POV-01","ID_TITIK":"ANL-SKP-GMA-SIM-001","UID":"UID-1323","ID_WEBGIS":"ANL-LBJ-GMA-SIM-002","POV_KE":1,"LAT":1.108293,"LON":104.004682,"JARAK_M":27.0,"STATUS_POV":"ubah","JML_POV":3,"POV_MEAN":32.9,"POV_MEDIAN":27.0,"POV_MIN":12.8,"POV_MAKS":58.9,"TIPE":"Tidak Bersinyal","JENIS":"Persimpangan","NAMA_JALAN":"Jl. Gajah Mada","KELURAHAN":"TIBAN INDAH","KECAMATAN":"SEKUPANG","PRIORITAS":"PRIORITAS 2","SURVEYOR":"wahyu","WAKTU":"2026-09-03T03:39:08.558Z","CARA_COCOK":"ID","JARAK_COCOK_M":0.0},"geometry":{"type":"Point","coordinates":[104.004682,1.108293]}},{"type":"Feature","id":"ANL-SKP-GMA-SIM-001-POV-02","properties":{"fid":246,"ID_POV":"ANL-SKP-GMA-SIM-001-POV-02","ID_TITIK":"ANL-SKP-GMA-SIM-001","UID":"UID-1323","ID_WEBGIS":"ANL-LBJ-GMA-SIM-002","POV_KE":2,"LAT":1.108111,"LON":104.005144,"JARAK_M":58.9,"STATUS_POV":"ubah","JML_POV":3,"POV_MEAN":32.9,"POV_MEDIAN":27.0,"POV_MIN":12.8,"POV_MAKS":58.9,"TIPE":"Tidak Bersinyal","JENIS":"Persimpangan","NAMA_JALAN":"Jl. Gajah Mada","KELURAHAN":"TIBAN INDAH","KECAMATAN":"SEKUPANG","PRIORITAS":"PRIORITAS 2","SURVEYOR":"wahyu","WAKTU":"2026-09-03T03:39:08.558Z","CARA_COCOK":"ID","JARAK_COCOK_M":0.0},"geometry":{"type":"Point","coordinates":[104.005144,1.108111]}},{"type":"Feature","id":"ANL-SKP-GMA-SIM-001-POV-03","properties":{"fid":247,"ID_POV":"ANL-SKP-GMA-SIM-001-POV-03","ID_TITIK":"ANL-SKP-GMA-SIM-001","UID":"UID-1323","ID_WEBGIS":"ANL-LBJ-GMA-SIM-002","POV_KE":3,"LAT":1.108014,"LON":104.004723,"JARAK_M":12.8,"STATUS_POV":"baru","JML_POV":3,"POV_MEAN":32.9,"POV_MEDIAN":27.0,"POV_MIN":12.8,"POV_MAKS":58.9,"TIPE":"Tidak Bersinyal","JENIS":"Persimpangan","NAMA_JALAN":"Jl. Gajah Mada","KELURAHAN":"TIBAN INDAH","KECAMATAN":"SEKUPANG","PRIORITAS":"PRIORITAS 2","SURVEYOR":"wahyu","WAKTU":"2026-09-03T03:39:08.558Z","CARA_COCOK":"ID","JARAK_COCOK_M":0.0},"geometry":{"type":"Point","coordinates":[104.004723,1.108014]}},{"type":"Feature","id":"ANL-LBJ-GMA-SIM-001-POV-01","properties":{"fid":248,"ID_POV":"ANL-LBJ-GMA-SIM-001-POV-01","ID_TITIK":"ANL-LBJ-GMA-SIM-001","UID":"UID-1324","ID_WEBGIS":"ANL-LBJ-GMA-SIM-003","POV_KE":1,"LAT":1.122422,"LON":104.015816,"JARAK_M":38.3,"STATUS_POV":"ubah","JML_POV":3,"POV_MEAN":37.8,"POV_MEDIAN":38.0,"POV_MIN":37.0,"POV_MAKS":38.3,"TIPE":"Tidak Bersinyal","JENIS":"Persimpangan","NAMA_JALAN":"Jl. Gajah Mada","KELURAHAN":"BALOI INDAH","KECAMATAN":"LUBUK BAJA","PRIORITAS":"PRIORITAS 1","SURVEYOR":"BUDI","WAKTU":"2026-09-02T05:14:39.273Z","CARA_COCOK":"ID","JARAK_COCOK_M":0.0},"geometry":{"type":"Point","coordinates":[104.015816,1.122422]}},{"type":"Feature","id":"ANL-LBJ-GMA-SIM-001-POV-02","properties":{"fid":249,"ID_POV":"ANL-LBJ-GMA-SIM-001-POV-02","ID_TITIK":"ANL-LBJ-GMA-SIM-001","UID":"UID-1324","ID_WEBGIS":"ANL-LBJ-GMA-SIM-003","POV_KE":2,"LAT":1.122237,"LON":104.016146,"JARAK_M":38.0,"STATUS_POV":"ubah","JML_POV":3,"POV_MEAN":37.8,"POV_MEDIAN":38.0,"POV_MIN":37.0,"POV_MAKS":38.3,"TIPE":"Tidak Bersinyal","JENIS":"Persimpangan","NAMA_JALAN":"Jl. Gajah Mada","KELURAHAN":"BALOI INDAH","KECAMATAN":"LUBUK BAJA","PRIORITAS":"PRIORITAS 1","SURVEYOR":"BUDI","WAKTU":"2026-09-02T05:14:39.273Z","CARA_COCOK":"ID","JARAK_COCOK_M":0.0},"geometry":{"type":"Point","coordinates":[104.016146,1.122237]}},{"type":"Feature","id":"ANL-LBJ-GMA-SIM-001-POV-03","properties":{"fid":250,"ID_POV":"ANL-LBJ-GMA-SIM-001-POV-03","ID_TITIK":"ANL-LBJ-GMA-SIM-001","UID":"UID-1324","ID_WEBGIS":"ANL-LBJ-GMA-SIM-003","POV_KE":3,"LAT":1.122449,"LON":104.01643,"JARAK_M":37.0,"STATUS_POV":"ubah","JML_POV":3,"POV_MEAN":37.8,"POV_MEDIAN":38.0,"POV_MIN":37.0,"POV_MAKS":38.3,"TIPE":"Tidak Bersinyal","JENIS":"Persimpangan","NAMA_JALAN":"Jl. Gajah Mada","KELURAHAN":"BALOI INDAH","KECAMATAN":"LUBUK BAJA","PRIORITAS":"PRIORITAS 1","SURVEYOR":"BUDI","WAKTU":"2026-09-02T05:14:39.273Z","CARA_COCOK":"ID","JARAK_COCOK_M":0.0},"geometry":{"type":"Point","coordinates":[104.01643,1.122449]}},{"type":"Feature","id":"ANL-LBJ-IBO-SIM-001-POV-01","properties":{"fid":251,"ID_POV":"ANL-LBJ-IBO-SIM-001-POV-01","ID_TITIK":"ANL-LBJ-IBO-SIM-001","UID":"UID-1412","ID_WEBGIS":"ANL-LBJ-IBO-SIM-001","POV_KE":1,"LAT":1.147989,"LON":104.010197,"JARAK_M":57.0,"STATUS_POV":"baru","JML_POV":3,"POV_MEAN":41.7,"POV_MEDIAN":51.1,"POV_MIN":16.9,"POV_MAKS":57.0,"TIPE":"Bersinyal (ATCS + OSM)","JENIS":"Persimpangan","NAMA_JALAN":"Jl. Imam Bonjol","KELURAHAN":"LUBUK BAJA KOTA","KECAMATAN":"LUBUK BAJA","PRIORITAS":"PRIORITAS 2","SURVEYOR":"BUDI","WAKTU":"2026-09-02T01:50:41.226Z","CARA_COCOK":"ID","JARAK_COCOK_M":0.0},"geometry":{"type":"Point","coordinates":[104.010197,1.147989]}},{"type":"Feature","id":"ANL-LBJ-IBO-SIM-001-POV-02","properties":{"fid":252,"ID_POV":"ANL-LBJ-IBO-SIM-001-POV-02","ID_TITIK":"ANL-LBJ-IBO-SIM-001","UID":"UID-1412","ID_WEBGIS":"ANL-LBJ-IBO-SIM-001","POV_KE":2,"LAT":1.148212,"LON":104.009821,"JARAK_M":51.1,"STATUS_POV":"baru","JML_POV":3,"POV_MEAN":41.7,"POV_MEDIAN":51.1,"POV_MIN":16.9,"POV_MAKS":57.0,"TIPE":"Bersinyal (ATCS + OSM)","JENIS":"Persimpangan","NAMA_JALAN":"Jl. Imam Bonjol","KELURAHAN":"LUBUK BAJA KOTA","KECAMATAN":"LUBUK BAJA","PRIORITAS":"PRIORITAS 2","SURVEYOR":"BUDI","WAKTU":"2026-09-02T01:50:41.226Z","CARA_COCOK":"ID","JARAK_COCOK_M":0.0},"geometry":{"type":"Point","coordinates":[104.009821,1.148212]}},{"type":"Feature","id":"ANL-LBJ-IBO-SIM-001-POV-03","properties":{"fid":253,"ID_POV":"ANL-LBJ-IBO-SIM-001-POV-03","ID_TITIK":"ANL-LBJ-IBO-SIM-001","UID":"UID-1412","ID_WEBGIS":"ANL-LBJ-IBO-SIM-001","POV_KE":3,"LAT":1.147705,"LON":104.00988,"JARAK_M":16.9,"STATUS_POV":"baru","JML_POV":3,"POV_MEAN":41.7,"POV_MEDIAN":51.1,"POV_MIN":16.9,"POV_MAKS":57.0,"TIPE":"Bersinyal (ATCS + OSM)","JENIS":"Persimpangan","NAMA_JALAN":"Jl. Imam Bonjol","KELURAHAN":"LUBUK BAJA KOTA","KECAMATAN":"LUBUK BAJA","PRIORITAS":"PRIORITAS 2","SURVEYOR":"BUDI","WAKTU":"2026-09-02T01:50:41.226Z","CARA_COCOK":"ID","JARAK_COCOK_M":0.0},"geometry":{"type":"Point","coordinates":[104.00988,1.147705]}},{"type":"Feature","id":"ANL-LBJ-PEM-SIM-001-POV-01","properties":{"fid":257,"ID_POV":"ANL-LBJ-PEM-SIM-001-POV-01","ID_TITIK":"ANL-LBJ-PEM-SIM-001","UID":"UID-1430","ID_WEBGIS":"ANL-LBJ-PEM-SIM-001","POV_KE":1,"LAT":1.143637,"LON":104.012761,"JARAK_M":32.7,"STATUS_POV":"baru","JML_POV":3,"POV_MEAN":35.0,"POV_MEDIAN":32.7,"POV_MIN":19.8,"POV_MAKS":52.5,"TIPE":"Bersinyal (OSM)","JENIS":"Persimpangan","NAMA_JALAN":"Jl. Pembangunan","KELURAHAN":"LUBUK BAJA KOTA","KECAMATAN":"LUBUK BAJA","PRIORITAS":"PRIORITAS 2","SURVEYOR":"BUDI","WAKTU":"2026-09-02T01:41:41.238Z","CARA_COCOK":"ID","JARAK_COCOK_M":0.0},"geometry":{"type":"Point","coordinates":[104.012761,1.143637]}},{"type":"Feature","id":"ANL-LBJ-PEM-SIM-001-POV-02","properties":{"fid":258,"ID_POV":"ANL-LBJ-PEM-SIM-001-POV-02","ID_TITIK":"ANL-LBJ-PEM-SIM-001","UID":"UID-1430","ID_WEBGIS":"ANL-LBJ-PEM-SIM-001","POV_KE":2,"LAT":1.143192,"LON":104.012825,"JARAK_M":19.8,"STATUS_POV":"baru","JML_POV":3,"POV_MEAN":35.0,"POV_MEDIAN":32.7,"POV_MIN":19.8,"POV_MAKS":52.5,"TIPE":"Bersinyal (OSM)","JENIS":"Persimpangan","NAMA_JALAN":"Jl. Pembangunan","KELURAHAN":"LUBUK BAJA KOTA","KECAMATAN":"LUBUK BAJA","PRIORITAS":"PRIORITAS 2","SURVEYOR":"BUDI","WAKTU":"2026-09-02T01:41:41.238Z","CARA_COCOK":"ID","JARAK_COCOK_M":0.0},"geometry":{"type":"Point","coordinates":[104.012825,1.143192]}},{"type":"Feature","id":"ANL-LBJ-PEM-SIM-001-POV-03","properties":{"fid":259,"ID_POV":"ANL-LBJ-PEM-SIM-001-POV-03","ID_TITIK":"ANL-LBJ-PEM-SIM-001","UID":"UID-1430","ID_WEBGIS":"ANL-LBJ-PEM-SIM-001","POV_KE":3,"LAT":1.143336,"LON":104.013204,"JARAK_M":52.5,"STATUS_POV":"baru","JML_POV":3,"POV_MEAN":35.0,"POV_MEDIAN":32.7,"POV_MIN":19.8,"POV_MAKS":52.5,"TIPE":"Bersinyal (OSM)","JENIS":"Persimpangan","NAMA_JALAN":"Jl. Pembangunan","KELURAHAN":"LUBUK BAJA KOTA","KECAMATAN":"LUBUK BAJA","PRIORITAS":"PRIORITAS 2","SURVEYOR":"BUDI","WAKTU":"2026-09-02T01:41:41.238Z","CARA_COCOK":"ID","JARAK_COCOK_M":0.0},"geometry":{"type":"Point","coordinates":[104.013204,1.143336]}},{"type":"Feature","id":"ANL-LBJ-PEM-SIM-002-POV-01","properties":{"fid":260,"ID_POV":"ANL-LBJ-PEM-SIM-002-POV-01","ID_TITIK":"ANL-LBJ-PEM-SIM-002","UID":"UID-1431","ID_WEBGIS":"ANL-LBJ-PEM-SIM-002","POV_KE":1,"LAT":1.143664,"LON":104.012785,"JARAK_M":60.4,"STATUS_POV":"baru","JML_POV":4,"POV_MEAN":39.1,"POV_MEDIAN":39.3,"POV_MIN":17.6,"POV_MAKS":60.4,"TIPE":"Bersinyal (OSM)","JENIS":"Persimpangan","NAMA_JALAN":"Jl. Pembangunan","KELURAHAN":"LUBUK BAJA KOTA","KECAMATAN":"LUBUK BAJA","PRIORITAS":"PRIORITAS 2","SURVEYOR":"wahyu","WAKTU":"2026-09-03T04:10:47.186Z","CARA_COCOK":"ID","JARAK_COCOK_M":0.0},"geometry":{"type":"Point","coordinates":[104.012785,1.143664]}},{"type":"Feature","id":"ANL-LBJ-PEM-SIM-002-POV-02","properties":{"fid":261,"ID_POV":"ANL-LBJ-PEM-SIM-002-POV-02","ID_TITIK":"ANL-LBJ-PEM-SIM-002","UID":"UID-1431","ID_WEBGIS":"ANL-LBJ-PEM-SIM-002","POV_KE":2,"LAT":1.143205,"LON":104.012823,"JARAK_M":32.1,"STATUS_POV":"baru","JML_POV":4,"POV_MEAN":39.1,"POV_MEDIAN":39.3,"POV_MIN":17.6,"POV_MAKS":60.4,"TIPE":"Bersinyal (OSM)","JENIS":"Persimpangan","NAMA_JALAN":"Jl. Pembangunan","KELURAHAN":"LUBUK BAJA KOTA","KECAMATAN":"LUBUK BAJA","PRIORITAS":"PRIORITAS 2","SURVEYOR":"wahyu","WAKTU":"2026-09-03T04:10:47.186Z","CARA_COCOK":"ID","JARAK_COCOK_M":0.0},"geometry":{"type":"Point","coordinates":[104.012823,1.143205]}},{"type":"Feature","id":"ANL-LBJ-PEM-SIM-002-POV-03","properties":{"fid":262,"ID_POV":"ANL-LBJ-PEM-SIM-002-POV-03","ID_TITIK":"ANL-LBJ-PEM-SIM-002","UID":"UID-1431","ID_WEBGIS":"ANL-LBJ-PEM-SIM-002","POV_KE":3,"LAT":1.143639,"LON":104.013027,"JARAK_M":46.5,"STATUS_POV":"baru","JML_POV":4,"POV_MEAN":39.1,"POV_MEDIAN":39.3,"POV_MIN":17.6,"POV_MAKS":60.4,"TIPE":"Bersinyal (OSM)","JENIS":"Persimpangan","NAMA_JALAN":"Jl. Pembangunan","KELURAHAN":"LUBUK BAJA KOTA","KECAMATAN":"LUBUK BAJA","PRIORITAS":"PRIORITAS 2","SURVEYOR":"wahyu","WAKTU":"2026-09-03T04:10:47.186Z","CARA_COCOK":"ID","JARAK_COCOK_M":0.0},"geometry":{"type":"Point","coordinates":[104.013027,1.143639]}},{"type":"Feature","id":"ANL-LBJ-PEM-SIM-002-POV-04","properties":{"fid":263,"ID_POV":"ANL-LBJ-PEM-SIM-002-POV-04","ID_TITIK":"ANL-LBJ-PEM-SIM-002","UID":"UID-1431","ID_WEBGIS":"ANL-LBJ-PEM-SIM-002","POV_KE":4,"LAT":1.143347,"LON":104.013217,"JARAK_M":17.6,"STATUS_POV":"baru","JML_POV":4,"POV_MEAN":39.1,"POV_MEDIAN":39.3,"POV_MIN":17.6,"POV_MAKS":60.4,"TIPE":"Bersinyal (OSM)","JENIS":"Persimpangan","NAMA_JALAN":"Jl. Pembangunan","KELURAHAN":"LUBUK BAJA KOTA","KECAMATAN":"LUBUK BAJA","PRIORITAS":"PRIORITAS 2","SURVEYOR":"wahyu","WAKTU":"2026-09-03T04:10:47.186Z","CARA_COCOK":"ID","JARAK_COCOK_M":0.0},"geometry":{"type":"Point","coordinates":[104.013217,1.143347]}},{"type":"Feature","id":"ANL-LBJ-SAB-SIM-006-POV-01","properties":{"fid":267,"ID_POV":"ANL-LBJ-SAB-SIM-006-POV-01","ID_TITIK":"ANL-LBJ-SAB-SIM-006","UID":"UID-1455","ID_WEBGIS":"ANL-LBJ-SAB-SIM-001","POV_KE":1,"LAT":1.144892,"LON":104.017648,"JARAK_M":39.0,"STATUS_POV":"baru","JML_POV":3,"POV_MEAN":31.6,"POV_MEDIAN":29.9,"POV_MIN":25.8,"POV_MAKS":39.0,"TIPE":"Bersinyal (OSM)","JENIS":"Persimpangan","NAMA_JALAN":"Jl. Sultan Abdurrahman","KELURAHAN":"LUBUK BAJA KOTA","KECAMATAN":"LUBUK BAJA","PRIORITAS":"PRIORITAS 2","SURVEYOR":"wahyu","WAKTU":"2026-09-03T03:17:51.561Z","CARA_COCOK":"ID","JARAK_COCOK_M":0.0},"geometry":{"type":"Point","coordinates":[104.017648,1.144892]}},{"type":"Feature","id":"ANL-LBJ-SAB-SIM-006-POV-02","properties":{"fid":268,"ID_POV":"ANL-LBJ-SAB-SIM-006-POV-02","ID_TITIK":"ANL-LBJ-SAB-SIM-006","UID":"UID-1455","ID_WEBGIS":"ANL-LBJ-SAB-SIM-001","POV_KE":2,"LAT":1.145096,"LON":104.017442,"JARAK_M":25.8,"STATUS_POV":"baru","JML_POV":3,"POV_MEAN":31.6,"POV_MEDIAN":29.9,"POV_MIN":25.8,"POV_MAKS":39.0,"TIPE":"Bersinyal (OSM)","JENIS":"Persimpangan","NAMA_JALAN":"Jl. Sultan Abdurrahman","KELURAHAN":"LUBUK BAJA KOTA","KECAMATAN":"LUBUK BAJA","PRIORITAS":"PRIORITAS 2","SURVEYOR":"wahyu","WAKTU":"2026-09-03T03:17:51.561Z","CARA_COCOK":"ID","JARAK_COCOK_M":0.0},"geometry":{"type":"Point","coordinates":[104.017442,1.145096]}},{"type":"Feature","id":"ANL-LBJ-SAB-SIM-006-POV-03","properties":{"fid":269,"ID_POV":"ANL-LBJ-SAB-SIM-006-POV-03","ID_TITIK":"ANL-LBJ-SAB-SIM-006","UID":"UID-1455","ID_WEBGIS":"ANL-LBJ-SAB-SIM-001","POV_KE":3,"LAT":1.144674,"LON":104.01742,"JARAK_M":29.9,"STATUS_POV":"baru","JML_POV":3,"POV_MEAN":31.6,"POV_MEDIAN":29.9,"POV_MIN":25.8,"POV_MAKS":39.0,"TIPE":"Bersinyal (OSM)","JENIS":"Persimpangan","NAMA_JALAN":"Jl. Sultan Abdurrahman","KELURAHAN":"LUBUK BAJA KOTA","KECAMATAN":"LUBUK BAJA","PRIORITAS":"PRIORITAS 2","SURVEYOR":"wahyu","WAKTU":"2026-09-03T03:17:51.561Z","CARA_COCOK":"ID","JARAK_COCOK_M":0.0},"geometry":{"type":"Point","coordinates":[104.01742,1.144674]}},{"type":"Feature","id":"ANL-LBJ-SRI-SIM-001-POV-01","properties":{"fid":270,"ID_POV":"ANL-LBJ-SRI-SIM-001-POV-01","ID_TITIK":"ANL-LBJ-SRI-SIM-001","UID":"UID-1472","ID_WEBGIS":"ANL-LBJ-SRI-SIM-001","POV_KE":1,"LAT":1.144648,"LON":104.017439,"JARAK_M":48.1,"STATUS_POV":"baru","JML_POV":3,"POV_MEAN":27.5,"POV_MEDIAN":19.5,"POV_MIN":15.0,"POV_MAKS":48.1,"TIPE":"Bersinyal (OSM)","JENIS":"Persimpangan","NAMA_JALAN":"Jl. Sriwijaya","KELURAHAN":"KAMPUNG PELITA","KECAMATAN":"LUBUK BAJA","PRIORITAS":"PRIORITAS 2","SURVEYOR":"BUDI","WAKTU":"2026-09-02T03:41:25.922Z","CARA_COCOK":"ID","JARAK_COCOK_M":0.0},"geometry":{"type":"Point","coordinates":[104.017439,1.144648]}},{"type":"Feature","id":"ANL-LBJ-SRI-SIM-001-POV-02","properties":{"fid":271,"ID_POV":"ANL-LBJ-SRI-SIM-001-POV-02","ID_TITIK":"ANL-LBJ-SRI-SIM-001","UID":"UID-1472","ID_WEBGIS":"ANL-LBJ-SRI-SIM-001","POV_KE":2,"LAT":1.14512,"LON":104.017436,"JARAK_M":15.0,"STATUS_POV":"baru","JML_POV":3,"POV_MEAN":27.5,"POV_MEDIAN":19.5,"POV_MIN":15.0,"POV_MAKS":48.1,"TIPE":"Bersinyal (OSM)","JENIS":"Persimpangan","NAMA_JALAN":"Jl. Sriwijaya","KELURAHAN":"KAMPUNG PELITA","KECAMATAN":"LUBUK BAJA","PRIORITAS":"PRIORITAS 2","SURVEYOR":"BUDI","WAKTU":"2026-09-02T03:41:25.922Z","CARA_COCOK":"ID","JARAK_COCOK_M":0.0},"geometry":{"type":"Point","coordinates":[104.017436,1.14512]}},{"type":"Feature","id":"ANL-LBJ-SRI-SIM-001-POV-03","properties":{"fid":272,"ID_POV":"ANL-LBJ-SRI-SIM-001-POV-03","ID_TITIK":"ANL-LBJ-SRI-SIM-001","UID":"UID-1472","ID_WEBGIS":"ANL-LBJ-SRI-SIM-001","POV_KE":3,"LAT":1.144913,"LON":104.017648,"JARAK_M":19.5,"STATUS_POV":"baru","JML_POV":3,"POV_MEAN":27.5,"POV_MEDIAN":19.5,"POV_MIN":15.0,"POV_MAKS":48.1,"TIPE":"Bersinyal (OSM)","JENIS":"Persimpangan","NAMA_JALAN":"Jl. Sriwijaya","KELURAHAN":"KAMPUNG PELITA","KECAMATAN":"LUBUK BAJA","PRIORITAS":"PRIORITAS 2","SURVEYOR":"BUDI","WAKTU":"2026-09-02T03:41:25.922Z","CARA_COCOK":"ID","JARAK_COCOK_M":0.0},"geometry":{"type":"Point","coordinates":[104.017648,1.144913]}},{"type":"Feature","id":"ANL-LBJ-YSU-SIM-001-POV-01","properties":{"fid":273,"ID_POV":"ANL-LBJ-YSU-SIM-001-POV-01","ID_TITIK":"ANL-LBJ-YSU-SIM-001","UID":"UID-1479","ID_WEBGIS":"ANL-LBJ-YSU-SIM-004","POV_KE":1,"LAT":1.152669,"LON":104.020722,"JARAK_M":22.7,"STATUS_POV":"ubah","JML_POV":3,"POV_MEAN":28.9,"POV_MEDIAN":22.7,"POV_MIN":19.9,"POV_MAKS":44.1,"TIPE":"Bersinyal (OSM)","JENIS":"Persimpangan","NAMA_JALAN":"Jl. Yos Sudarso","KELURAHAN":"KAMPUNG PELITA","KECAMATAN":"LUBUK BAJA","PRIORITAS":"PRIORITAS 1","SURVEYOR":"BUDI","WAKTU":"2026-09-02T04:52:14.817Z","CARA_COCOK":"ID","JARAK_COCOK_M":0.0},"geometry":{"type":"Point","coordinates":[104.020722,1.152669]}},{"type":"Feature","id":"ANL-LBJ-YSU-SIM-001-POV-02","properties":{"fid":274,"ID_POV":"ANL-LBJ-YSU-SIM-001-POV-02","ID_TITIK":"ANL-LBJ-YSU-SIM-001","UID":"UID-1479","ID_WEBGIS":"ANL-LBJ-YSU-SIM-004","POV_KE":2,"LAT":1.15309,"LON":104.02043,"JARAK_M":44.1,"STATUS_POV":"ubah","JML_POV":3,"POV_MEAN":28.9,"POV_MEDIAN":22.7,"POV_MIN":19.9,"POV_MAKS":44.1,"TIPE":"Bersinyal (OSM)","JENIS":"Persimpangan","NAMA_JALAN":"Jl. Yos Sudarso","KELURAHAN":"KAMPUNG PELITA","KECAMATAN":"LUBUK BAJA","PRIORITAS":"PRIORITAS 1","SURVEYOR":"BUDI","WAKTU":"2026-09-02T04:52:14.817Z","CARA_COCOK":"ID","JARAK_COCOK_M":0.0},"geometry":{"type":"Point","coordinates":[104.02043,1.15309]}},{"type":"Feature","id":"ANL-LBJ-YSU-SIM-001-POV-03","properties":{"fid":275,"ID_POV":"ANL-LBJ-YSU-SIM-001-POV-03","ID_TITIK":"ANL-LBJ-YSU-SIM-001","UID":"UID-1479","ID_WEBGIS":"ANL-LBJ-YSU-SIM-004","POV_KE":3,"LAT":1.152762,"LON":104.020352,"JARAK_M":19.9,"STATUS_POV":"ubah","JML_POV":3,"POV_MEAN":28.9,"POV_MEDIAN":22.7,"POV_MIN":19.9,"POV_MAKS":44.1,"TIPE":"Bersinyal (OSM)","JENIS":"Persimpangan","NAMA_JALAN":"Jl. Yos Sudarso","KELURAHAN":"KAMPUNG PELITA","KECAMATAN":"LUBUK BAJA","PRIORITAS":"PRIORITAS 1","SURVEYOR":"BUDI","WAKTU":"2026-09-02T04:52:14.817Z","CARA_COCOK":"ID","JARAK_COCOK_M":0.0},"geometry":{"type":"Point","coordinates":[104.020352,1.152762]}},{"type":"Feature","id":"ANL-LBJ-YSU-SIM-002-POV-01","properties":{"fid":276,"ID_POV":"ANL-LBJ-YSU-SIM-002-POV-01","ID_TITIK":"ANL-LBJ-YSU-SIM-002","UID":"UID-1480","ID_WEBGIS":"ANL-LBJ-YSU-SIM-005","POV_KE":1,"LAT":1.150282,"LON":104.022819,"JARAK_M":40.4,"STATUS_POV":"ubah","JML_POV":3,"POV_MEAN":33.6,"POV_MEDIAN":34.3,"POV_MIN":26.1,"POV_MAKS":40.4,"TIPE":"Tidak Bersinyal","JENIS":"Persimpangan","NAMA_JALAN":"Jl. Yos Sudarso","KELURAHAN":"KAMPUNG PELITA","KECAMATAN":"LUBUK BAJA","PRIORITAS":"PRIORITAS 1","SURVEYOR":"wahyu","WAKTU":"2026-09-03T03:27:13.148Z","CARA_COCOK":"ID","JARAK_COCOK_M":0.0},"geometry":{"type":"Point","coordinates":[104.022819,1.150282]}},{"type":"Feature","id":"ANL-LBJ-YSU-SIM-002-POV-02","properties":{"fid":277,"ID_POV":"ANL-LBJ-YSU-SIM-002-POV-02","ID_TITIK":"ANL-LBJ-YSU-SIM-002","UID":"UID-1480","ID_WEBGIS":"ANL-LBJ-YSU-SIM-005","POV_KE":2,"LAT":1.150069,"LON":104.022654,"JARAK_M":34.3,"STATUS_POV":"ubah","JML_POV":3,"POV_MEAN":33.6,"POV_MEDIAN":34.3,"POV_MIN":26.1,"POV_MAKS":40.4,"TIPE":"Tidak Bersinyal","JENIS":"Persimpangan","NAMA_JALAN":"Jl. Yos Sudarso","KELURAHAN":"KAMPUNG PELITA","KECAMATAN":"LUBUK BAJA","PRIORITAS":"PRIORITAS 1","SURVEYOR":"wahyu","WAKTU":"2026-09-03T03:27:13.148Z","CARA_COCOK":"ID","JARAK_COCOK_M":0.0},"geometry":{"type":"Point","coordinates":[104.022654,1.150069]}},{"type":"Feature","id":"ANL-LBJ-YSU-SIM-002-POV-03","properties":{"fid":278,"ID_POV":"ANL-LBJ-YSU-SIM-002-POV-03","ID_TITIK":"ANL-LBJ-YSU-SIM-002","UID":"UID-1480","ID_WEBGIS":"ANL-LBJ-YSU-SIM-005","POV_KE":3,"LAT":1.15048,"LON":104.022613,"JARAK_M":26.1,"STATUS_POV":"baru","JML_POV":3,"POV_MEAN":33.6,"POV_MEDIAN":34.3,"POV_MIN":26.1,"POV_MAKS":40.4,"TIPE":"Tidak Bersinyal","JENIS":"Persimpangan","NAMA_JALAN":"Jl. Yos Sudarso","KELURAHAN":"KAMPUNG PELITA","KECAMATAN":"LUBUK BAJA","PRIORITAS":"PRIORITAS 1","SURVEYOR":"wahyu","WAKTU":"2026-09-03T03:27:13.148Z","CARA_COCOK":"ID","JARAK_COCOK_M":0.0},"geometry":{"type":"Point","coordinates":[104.022613,1.15048]}},{"type":"Feature","id":"ANL-NGS-CKA-SIM-009-POV-01","properties":{"fid":279,"ID_POV":"ANL-NGS-CKA-SIM-009-POV-01","ID_WEBGIS":"ANL-NGS-CKA-SIM-009","POV_KE":1,"LAT":1.075291,"LON":104.13103,"JARAK_M":32.5,"STATUS_POV":"ubah","JML_POV":3,"POV_MEAN":23.2,"POV_MEDIAN":23.5,"POV_MIN":13.6,"POV_MAKS":32.5,"TIPE":"Tidak Bersinyal","JENIS":"Persimpangan","NAMA_JALAN":"Jl. CPO Kabil","KELURAHAN":"KABIL","KECAMATAN":"NONGSA","PRIORITAS":"PRIORITAS 3","SURVEYOR":"wahyu","WAKTU":"2026-09-03T03:27:37.857Z","CARA_COCOK":"TIDAK COCOK","JARAK_COCOK_M":922.8},"geometry":{"type":"Point","coordinates":[104.13103,1.075291]}},{"type":"Feature","id":"ANL-NGS-CKA-SIM-009-POV-02","properties":{"fid":280,"ID_POV":"ANL-NGS-CKA-SIM-009-POV-02","ID_WEBGIS":"ANL-NGS-CKA-SIM-009","POV_KE":2,"LAT":1.075084,"LON":104.131229,"JARAK_M":23.5,"STATUS_POV":"ubah","JML_POV":3,"POV_MEAN":23.2,"POV_MEDIAN":23.5,"POV_MIN":13.6,"POV_MAKS":32.5,"TIPE":"Tidak Bersinyal","JENIS":"Persimpangan","NAMA_JALAN":"Jl. CPO Kabil","KELURAHAN":"KABIL","KECAMATAN":"NONGSA","PRIORITAS":"PRIORITAS 3","SURVEYOR":"wahyu","WAKTU":"2026-09-03T03:27:37.857Z","CARA_COCOK":"TIDAK COCOK","JARAK_COCOK_M":922.8},"geometry":{"type":"Point","coordinates":[104.131229,1.075084]}},{"type":"Feature","id":"ANL-NGS-CKA-SIM-009-POV-03","properties":{"fid":281,"ID_POV":"ANL-NGS-CKA-SIM-009-POV-03","ID_WEBGIS":"ANL-NGS-CKA-SIM-009","POV_KE":3,"LAT":1.075371,"LON":104.131248,"JARAK_M":13.6,"STATUS_POV":"baru","JML_POV":3,"POV_MEAN":23.2,"POV_MEDIAN":23.5,"POV_MIN":13.6,"POV_MAKS":32.5,"TIPE":"Tidak Bersinyal","JENIS":"Persimpangan","NAMA_JALAN":"Jl. CPO Kabil","KELURAHAN":"KABIL","KECAMATAN":"NONGSA","PRIORITAS":"PRIORITAS 3","SURVEYOR":"wahyu","WAKTU":"2026-09-03T03:27:37.857Z","CARA_COCOK":"TIDAK COCOK","JARAK_COCOK_M":922.8},"geometry":{"type":"Point","coordinates":[104.131248,1.075371]}},{"type":"Feature","id":"ANL-NGS-CKA-SIM-010-POV-01","properties":{"fid":282,"ID_POV":"ANL-NGS-CKA-SIM-010-POV-01","ID_WEBGIS":"ANL-NGS-CKA-SIM-010","POV_KE":1,"LAT":1.075355,"LON":104.131252,"JARAK_M":19.3,"STATUS_POV":"baru","JML_POV":4,"POV_MEAN":17.7,"POV_MEDIAN":18.1,"POV_MIN":15.2,"POV_MAKS":19.3,"TIPE":"Tidak Bersinyal","JENIS":"Persimpangan","NAMA_JALAN":"Jl. CPO Kabil","KELURAHAN":"KABIL","KECAMATAN":"NONGSA","PRIORITAS":"PRIORITAS 3","SURVEYOR":"BUDI","WAKTU":"2026-09-02T05:06:36.057Z","CARA_COCOK":"TIDAK COCOK","JARAK_COCOK_M":913.8},"geometry":{"type":"Point","coordinates":[104.131252,1.075355]}},{"type":"Feature","id":"ANL-NGS-CKA-SIM-010-POV-02","properties":{"fid":283,"ID_POV":"ANL-NGS-CKA-SIM-010-POV-02","ID_WEBGIS":"ANL-NGS-CKA-SIM-010","POV_KE":2,"LAT":1.0752,"LON":104.131336,"JARAK_M":18.8,"STATUS_POV":"baru","JML_POV":4,"POV_MEAN":17.7,"POV_MEDIAN":18.1,"POV_MIN":15.2,"POV_MAKS":19.3,"TIPE":"Tidak Bersinyal","JENIS":"Persimpangan","NAMA_JALAN":"Jl. CPO Kabil","KELURAHAN":"KABIL","KECAMATAN":"NONGSA","PRIORITAS":"PRIORITAS 3","SURVEYOR":"BUDI","WAKTU":"2026-09-02T05:06:36.057Z","CARA_COCOK":"TIDAK COCOK","JARAK_COCOK_M":913.8},"geometry":{"type":"Point","coordinates":[104.131336,1.0752]}},{"type":"Feature","id":"ANL-NGS-CKA-SIM-010-POV-03","properties":{"fid":284,"ID_POV":"ANL-NGS-CKA-SIM-010-POV-03","ID_WEBGIS":"ANL-NGS-CKA-SIM-010","POV_KE":3,"LAT":1.075306,"LON":104.131076,"JARAK_M":15.2,"STATUS_POV":"baru","JML_POV":4,"POV_MEAN":17.7,"POV_MEDIAN":18.1,"POV_MIN":15.2,"POV_MAKS":19.3,"TIPE":"Tidak Bersinyal","JENIS":"Persimpangan","NAMA_JALAN":"Jl. CPO Kabil","KELURAHAN":"KABIL","KECAMATAN":"NONGSA","PRIORITAS":"PRIORITAS 3","SURVEYOR":"BUDI","WAKTU":"2026-09-02T05:06:36.057Z","CARA_COCOK":"TIDAK COCOK","JARAK_COCOK_M":913.8},"geometry":{"type":"Point","coordinates":[104.131076,1.075306]}},{"type":"Feature","id":"ANL-NGS-CKA-SIM-010-POV-04","properties":{"fid":285,"ID_POV":"ANL-NGS-CKA-SIM-010-POV-04","ID_WEBGIS":"ANL-NGS-CKA-SIM-010","POV_KE":4,"LAT":1.075359,"LON":104.13114,"JARAK_M":17.5,"STATUS_POV":"baru","JML_POV":4,"POV_MEAN":17.7,"POV_MEDIAN":18.1,"POV_MIN":15.2,"POV_MAKS":19.3,"TIPE":"Tidak Bersinyal","JENIS":"Persimpangan","NAMA_JALAN":"Jl. CPO Kabil","KELURAHAN":"KABIL","KECAMATAN":"NONGSA","PRIORITAS":"PRIORITAS 3","SURVEYOR":"BUDI","WAKTU":"2026-09-02T05:06:36.057Z","CARA_COCOK":"TIDAK COCOK","JARAK_COCOK_M":913.8},"geometry":{"type":"Point","coordinates":[104.13114,1.075359]}},{"type":"Feature","id":"ANL-NGS-CKA-SIM-014-POV-01","properties":{"fid":286,"ID_POV":"ANL-NGS-CKA-SIM-014-POV-01","ID_WEBGIS":"ANL-NGS-CKA-SIM-014","POV_KE":1,"LAT":1.080279,"LON":104.13123,"JARAK_M":36.8,"STATUS_POV":"asli","JML_POV":3,"POV_MEAN":30.2,"POV_MEDIAN":33.9,"POV_MIN":20.0,"POV_MAKS":36.8,"TIPE":"Tidak Bersinyal","JENIS":"Persimpangan","NAMA_JALAN":"Jl. Patimura","KELURAHAN":"KABIL","KECAMATAN":"NONGSA","PRIORITAS":"PRIORITAS 3","SURVEYOR":"BUDI","WAKTU":"2026-09-02T04:53:18.466Z","CARA_COCOK":"TIDAK COCOK","JARAK_COCOK_M":711.7},"geometry":{"type":"Point","coordinates":[104.13123,1.080279]}},{"type":"Feature","id":"ANL-NGS-CKA-SIM-014-POV-02","properties":{"fid":287,"ID_POV":"ANL-NGS-CKA-SIM-014-POV-02","ID_WEBGIS":"ANL-NGS-CKA-SIM-014","POV_KE":2,"LAT":1.080734,"LON":104.131172,"JARAK_M":20.0,"STATUS_POV":"asli","JML_POV":3,"POV_MEAN":30.2,"POV_MEDIAN":33.9,"POV_MIN":20.0,"POV_MAKS":36.8,"TIPE":"Tidak Bersinyal","JENIS":"Persimpangan","NAMA_JALAN":"Jl. Patimura","KELURAHAN":"KABIL","KECAMATAN":"NONGSA","PRIORITAS":"PRIORITAS 3","SURVEYOR":"BUDI","WAKTU":"2026-09-02T04:53:18.466Z","CARA_COCOK":"TIDAK COCOK","JARAK_COCOK_M":711.7},"geometry":{"type":"Point","coordinates":[104.131172,1.080734]}},{"type":"Feature","id":"ANL-NGS-CKA-SIM-014-POV-03","properties":{"fid":288,"ID_POV":"ANL-NGS-CKA-SIM-014-POV-03","ID_WEBGIS":"ANL-NGS-CKA-SIM-014","POV_KE":3,"LAT":1.080485,"LON":104.131376,"JARAK_M":33.9,"STATUS_POV":"baru","JML_POV":3,"POV_MEAN":30.2,"POV_MEDIAN":33.9,"POV_MIN":20.0,"POV_MAKS":36.8,"TIPE":"Tidak Bersinyal","JENIS":"Persimpangan","NAMA_JALAN":"Jl. Patimura","KELURAHAN":"KABIL","KECAMATAN":"NONGSA","PRIORITAS":"PRIORITAS 3","SURVEYOR":"BUDI","WAKTU":"2026-09-02T04:53:18.466Z","CARA_COCOK":"TIDAK COCOK","JARAK_COCOK_M":711.7},"geometry":{"type":"Point","coordinates":[104.131376,1.080485]}},{"type":"Feature","id":"ANL-NGS-HJE-SIM-001-POV-01","properties":{"fid":289,"ID_POV":"ANL-NGS-HJE-SIM-001-POV-01","ID_TITIK":"ANL-NGS-HJE-SIM-001","UID":"UID-1511","ID_WEBGIS":"ANL-NGS-HJE-SIM-020","POV_KE":1,"LAT":1.148906,"LON":104.132795,"JARAK_M":52.4,"STATUS_POV":"ubah","JML_POV":3,"POV_MEAN":56.7,"POV_MEDIAN":52.9,"POV_MIN":52.4,"POV_MAKS":64.7,"TIPE":"Tidak Bersinyal","JENIS":"Persimpangan","NAMA_JALAN":"Jl. Hang Jebat","KELURAHAN":"BATU BESAR","KECAMATAN":"NONGSA","PRIORITAS":"PRIORITAS 3","SURVEYOR":"BUDI","WAKTU":"2026-09-02T03:09:01.349Z","CARA_COCOK":"ID","JARAK_COCOK_M":0.0},"geometry":{"type":"Point","coordinates":[104.132795,1.148906]}},{"type":"Feature","id":"ANL-NGS-HJE-SIM-001-POV-02","properties":{"fid":290,"ID_POV":"ANL-NGS-HJE-SIM-001-POV-02","ID_TITIK":"ANL-NGS-HJE-SIM-001","UID":"UID-1511","ID_WEBGIS":"ANL-NGS-HJE-SIM-020","POV_KE":2,"LAT":1.149056,"LON":104.132376,"JARAK_M":64.7,"STATUS_POV":"asli","JML_POV":3,"POV_MEAN":56.7,"POV_MEDIAN":52.9,"POV_MIN":52.4,"POV_MAKS":64.7,"TIPE":"Tidak Bersinyal","JENIS":"Persimpangan","NAMA_JALAN":"Jl. Hang Jebat","KELURAHAN":"BATU BESAR","KECAMATAN":"NONGSA","PRIORITAS":"PRIORITAS 3","SURVEYOR":"BUDI","WAKTU":"2026-09-02T03:09:01.349Z","CARA_COCOK":"ID","JARAK_COCOK_M":0.0},"geometry":{"type":"Point","coordinates":[104.132376,1.149056]}},{"type":"Feature","id":"ANL-NGS-HJE-SIM-001-POV-03","properties":{"fid":291,"ID_POV":"ANL-NGS-HJE-SIM-001-POV-03","ID_TITIK":"ANL-NGS-HJE-SIM-001","UID":"UID-1511","ID_WEBGIS":"ANL-NGS-HJE-SIM-020","POV_KE":3,"LAT":1.14963,"LON":104.132465,"JARAK_M":52.9,"STATUS_POV":"ubah","JML_POV":3,"POV_MEAN":56.7,"POV_MEDIAN":52.9,"POV_MIN":52.4,"POV_MAKS":64.7,"TIPE":"Tidak Bersinyal","JENIS":"Persimpangan","NAMA_JALAN":"Jl. Hang Jebat","KELURAHAN":"BATU BESAR","KECAMATAN":"NONGSA","PRIORITAS":"PRIORITAS 3","SURVEYOR":"BUDI","WAKTU":"2026-09-02T03:09:01.349Z","CARA_COCOK":"ID","JARAK_COCOK_M":0.0},"geometry":{"type":"Point","coordinates":[104.132465,1.14963]}},{"type":"Feature","id":"ANL-NGS-HJE-SIM-002-POV-01","properties":{"fid":292,"ID_POV":"ANL-NGS-HJE-SIM-002-POV-01","ID_TITIK":"ANL-NGS-HJE-SIM-002","UID":"UID-1512","ID_WEBGIS":"ANL-NGS-HJE-SIM-021","POV_KE":1,"LAT":1.148842,"LON":104.131991,"JARAK_M":48.4,"STATUS_POV":"ubah","JML_POV":4,"POV_MEAN":80.0,"POV_MEDIAN":83.7,"POV_MIN":48.4,"POV_MAKS":104.5,"TIPE":"Tidak Bersinyal","JENIS":"Persimpangan","NAMA_JALAN":"Jl. Hang Jebat","KELURAHAN":"BATU BESAR","KECAMATAN":"NONGSA","PRIORITAS":"PRIORITAS 3","SURVEYOR":"BUDI","WAKTU":"2026-09-02T04:44:10.321Z","CARA_COCOK":"ID","JARAK_COCOK_M":0.0},"geometry":{"type":"Point","coordinates":[104.131991,1.148842]}},{"type":"Feature","id":"ANL-NGS-HJE-SIM-002-POV-02","properties":{"fid":293,"ID_POV":"ANL-NGS-HJE-SIM-002-POV-02","ID_TITIK":"ANL-NGS-HJE-SIM-002","UID":"UID-1512","ID_WEBGIS":"ANL-NGS-HJE-SIM-021","POV_KE":2,"LAT":1.148845,"LON":104.132885,"JARAK_M":102.2,"STATUS_POV":"asli","JML_POV":4,"POV_MEAN":80.0,"POV_MEDIAN":83.7,"POV_MIN":48.4,"POV_MAKS":104.5,"TIPE":"Tidak Bersinyal","JENIS":"Persimpangan","NAMA_JALAN":"Jl. Hang Jebat","KELURAHAN":"BATU BESAR","KECAMATAN":"NONGSA","PRIORITAS":"PRIORITAS 3","SURVEYOR":"BUDI","WAKTU":"2026-09-02T04:44:10.321Z","CARA_COCOK":"ID","JARAK_COCOK_M":0.0},"geometry":{"type":"Point","coordinates":[104.132885,1.148845]}},{"type":"Feature","id":"ANL-NGS-HJE-SIM-002-POV-03","properties":{"fid":294,"ID_POV":"ANL-NGS-HJE-SIM-002-POV-03","ID_TITIK":"ANL-NGS-HJE-SIM-002","UID":"UID-1512","ID_WEBGIS":"ANL-NGS-HJE-SIM-021","POV_KE":3,"LAT":1.149695,"LON":104.132473,"JARAK_M":65.1,"STATUS_POV":"ubah","JML_POV":4,"POV_MEAN":80.0,"POV_MEDIAN":83.7,"POV_MIN":48.4,"POV_MAKS":104.5,"TIPE":"Tidak Bersinyal","JENIS":"Persimpangan","NAMA_JALAN":"Jl. Hang Jebat","KELURAHAN":"BATU BESAR","KECAMATAN":"NONGSA","PRIORITAS":"PRIORITAS 3","SURVEYOR":"BUDI","WAKTU":"2026-09-02T04:44:10.321Z","CARA_COCOK":"ID","JARAK_COCOK_M":0.0},"geometry":{"type":"Point","coordinates":[104.132473,1.149695]}},{"type":"Feature","id":"ANL-NGS-HJE-SIM-002-POV-04","properties":{"fid":295,"ID_POV":"ANL-NGS-HJE-SIM-002-POV-04","ID_TITIK":"ANL-NGS-HJE-SIM-002","UID":"UID-1512","ID_WEBGIS":"ANL-NGS-HJE-SIM-021","POV_KE":4,"LAT":1.149249,"LON":104.13301,"JARAK_M":104.5,"STATUS_POV":"ubah","JML_POV":4,"POV_MEAN":80.0,"POV_MEDIAN":83.7,"POV_MIN":48.4,"POV_MAKS":104.5,"TIPE":"Tidak Bersinyal","JENIS":"Persimpangan","NAMA_JALAN":"Jl. Hang Jebat","KELURAHAN":"BATU BESAR","KECAMATAN":"NONGSA","PRIORITAS":"PRIORITAS 3","SURVEYOR":"BUDI","WAKTU":"2026-09-02T04:44:10.321Z","CARA_COCOK":"ID","JARAK_COCOK_M":0.0},"geometry":{"type":"Point","coordinates":[104.13301,1.149249]}},{"type":"Feature","id":"ANL-NGS-HJE-SIM-003-POV-01","properties":{"fid":296,"ID_POV":"ANL-NGS-HJE-SIM-003-POV-01","ID_TITIK":"ANL-NGS-HJE-SIM-003","UID":"UID-1513","ID_WEBGIS":"ANL-NGS-HJE-SIM-023","POV_KE":1,"LAT":1.161754,"LON":104.117904,"JARAK_M":28.7,"STATUS_POV":"ubah","JML_POV":3,"POV_MEAN":21.2,"POV_MEDIAN":24.5,"POV_MIN":10.5,"POV_MAKS":28.7,"TIPE":"Tidak Bersinyal","JENIS":"Persimpangan","NAMA_JALAN":"Jl. Hang Jebat","KELURAHAN":"BATU BESAR","KECAMATAN":"NONGSA","PRIORITAS":"PRIORITAS 3","SURVEYOR":"wahyu","WAKTU":"2026-09-03T03:30:36.520Z","CARA_COCOK":"ID","JARAK_COCOK_M":0.0},"geometry":{"type":"Point","coordinates":[104.117904,1.161754]}},{"type":"Feature","id":"ANL-NGS-HJE-SIM-003-POV-02","properties":{"fid":297,"ID_POV":"ANL-NGS-HJE-SIM-003-POV-02","ID_TITIK":"ANL-NGS-HJE-SIM-003","UID":"UID-1513","ID_WEBGIS":"ANL-NGS-HJE-SIM-023","POV_KE":2,"LAT":1.161414,"LON":104.117606,"JARAK_M":24.5,"STATUS_POV":"ubah","JML_POV":3,"POV_MEAN":21.2,"POV_MEDIAN":24.5,"POV_MIN":10.5,"POV_MAKS":28.7,"TIPE":"Tidak Bersinyal","JENIS":"Persimpangan","NAMA_JALAN":"Jl. Hang Jebat","KELURAHAN":"BATU BESAR","KECAMATAN":"NONGSA","PRIORITAS":"PRIORITAS 3","SURVEYOR":"wahyu","WAKTU":"2026-09-03T03:30:36.520Z","CARA_COCOK":"ID","JARAK_COCOK_M":0.0},"geometry":{"type":"Point","coordinates":[104.117606,1.161414]}},{"type":"Feature","id":"ANL-NGS-HJE-SIM-003-POV-03","properties":{"fid":298,"ID_POV":"ANL-NGS-HJE-SIM-003-POV-03","ID_TITIK":"ANL-NGS-HJE-SIM-003","UID":"UID-1513","ID_WEBGIS":"ANL-NGS-HJE-SIM-023","POV_KE":3,"LAT":1.161587,"LON":104.117737,"JARAK_M":10.5,"STATUS_POV":"baru","JML_POV":3,"POV_MEAN":21.2,"POV_MEDIAN":24.5,"POV_MIN":10.5,"POV_MAKS":28.7,"TIPE":"Tidak Bersinyal","JENIS":"Persimpangan","NAMA_JALAN":"Jl. Hang Jebat","KELURAHAN":"BATU BESAR","KECAMATAN":"NONGSA","PRIORITAS":"PRIORITAS 3","SURVEYOR":"wahyu","WAKTU":"2026-09-03T03:30:36.520Z","CARA_COCOK":"ID","JARAK_COCOK_M":0.0},"geometry":{"type":"Point","coordinates":[104.117737,1.161587]}},{"type":"Feature","id":"ANL-NGS-HJE-SIM-004-POV-01","properties":{"fid":299,"ID_POV":"ANL-NGS-HJE-SIM-004-POV-01","ID_TITIK":"ANL-NGS-HJE-SIM-004","UID":"UID-1514","ID_WEBGIS":"ANL-NGS-HJE-SIM-024","POV_KE":1,"LAT":1.16653,"LON":104.112789,"JARAK_M":44.8,"STATUS_POV":"asli","JML_POV":3,"POV_MEAN":53.0,"POV_MEDIAN":45.0,"POV_MIN":44.8,"POV_MAKS":69.3,"TIPE":"Tidak Bersinyal","JENIS":"Persimpangan","NAMA_JALAN":"Jl. Hang Jebat","KELURAHAN":"SAMBAU","KECAMATAN":"NONGSA","PRIORITAS":"PRIORITAS 3","SURVEYOR":"BUDI","WAKTU":"2026-09-02T04:45:03.158Z","CARA_COCOK":"ID","JARAK_COCOK_M":0.0},"geometry":{"type":"Point","coordinates":[104.112789,1.16653]}},{"type":"Feature","id":"ANL-NGS-HJE-SIM-004-POV-02","properties":{"fid":300,"ID_POV":"ANL-NGS-HJE-SIM-004-POV-02","ID_TITIK":"ANL-NGS-HJE-SIM-004","UID":"UID-1514","ID_WEBGIS":"ANL-NGS-HJE-SIM-024","POV_KE":2,"LAT":1.166731,"LON":104.112429,"JARAK_M":69.3,"STATUS_POV":"ubah","JML_POV":3,"POV_MEAN":53.0,"POV_MEDIAN":45.0,"POV_MIN":44.8,"POV_MAKS":69.3,"TIPE":"Tidak Bersinyal","JENIS":"Persimpangan","NAMA_JALAN":"Jl. Hang Jebat","KELURAHAN":"SAMBAU","KECAMATAN":"NONGSA","PRIORITAS":"PRIORITAS 3","SURVEYOR":"BUDI","WAKTU":"2026-09-02T04:45:03.158Z","CARA_COCOK":"ID","JARAK_COCOK_M":0.0},"geometry":{"type":"Point","coordinates":[104.112429,1.166731]}},{"type":"Feature","id":"ANL-NGS-HJE-SIM-004-POV-03","properties":{"fid":301,"ID_POV":"ANL-NGS-HJE-SIM-004-POV-03","ID_TITIK":"ANL-NGS-HJE-SIM-004","UID":"UID-1514","ID_WEBGIS":"ANL-NGS-HJE-SIM-024","POV_KE":3,"LAT":1.16697,"LON":104.112657,"JARAK_M":45.0,"STATUS_POV":"ubah","JML_POV":3,"POV_MEAN":53.0,"POV_MEDIAN":45.0,"POV_MIN":44.8,"POV_MAKS":69.3,"TIPE":"Tidak Bersinyal","JENIS":"Persimpangan","NAMA_JALAN":"Jl. Hang Jebat","KELURAHAN":"SAMBAU","KECAMATAN":"NONGSA","PRIORITAS":"PRIORITAS 3","SURVEYOR":"BUDI","WAKTU":"2026-09-02T04:45:03.158Z","CARA_COCOK":"ID","JARAK_COCOK_M":0.0},"geometry":{"type":"Point","coordinates":[104.112657,1.16697]}},{"type":"Feature","id":"ANL-NGS-HJE-SIM-005-POV-01","properties":{"fid":302,"ID_POV":"ANL-NGS-HJE-SIM-005-POV-01","ID_TITIK":"ANL-NGS-HJE-SIM-005","UID":"UID-1515","ID_WEBGIS":"ANL-NGS-HJE-SIM-025","POV_KE":1,"LAT":1.166554,"LON":104.112751,"JARAK_M":20.7,"STATUS_POV":"ubah","JML_POV":3,"POV_MEAN":37.7,"POV_MEDIAN":37.5,"POV_MIN":20.7,"POV_MAKS":55.0,"TIPE":"Tidak Bersinyal","JENIS":"Persimpangan","NAMA_JALAN":"Jl. Hang Jebat","KELURAHAN":"SAMBAU","KECAMATAN":"NONGSA","PRIORITAS":"PRIORITAS 3","SURVEYOR":"BUDI","WAKTU":"2026-09-02T03:32:09.542Z","CARA_COCOK":"ID","JARAK_COCOK_M":0.0},"geometry":{"type":"Point","coordinates":[104.112751,1.166554]}},{"type":"Feature","id":"ANL-NGS-HJE-SIM-005-POV-02","properties":{"fid":303,"ID_POV":"ANL-NGS-HJE-SIM-005-POV-02","ID_TITIK":"ANL-NGS-HJE-SIM-005","UID":"UID-1515","ID_WEBGIS":"ANL-NGS-HJE-SIM-025","POV_KE":2,"LAT":1.166962,"LON":104.112639,"JARAK_M":37.5,"STATUS_POV":"ubah","JML_POV":3,"POV_MEAN":37.7,"POV_MEDIAN":37.5,"POV_MIN":20.7,"POV_MAKS":55.0,"TIPE":"Tidak Bersinyal","JENIS":"Persimpangan","NAMA_JALAN":"Jl. Hang Jebat","KELURAHAN":"SAMBAU","KECAMATAN":"NONGSA","PRIORITAS":"PRIORITAS 3","SURVEYOR":"BUDI","WAKTU":"2026-09-02T03:32:09.542Z","CARA_COCOK":"ID","JARAK_COCOK_M":0.0},"geometry":{"type":"Point","coordinates":[104.112639,1.166962]}},{"type":"Feature","id":"ANL-NGS-HJE-SIM-005-POV-03","properties":{"fid":304,"ID_POV":"ANL-NGS-HJE-SIM-005-POV-03","ID_TITIK":"ANL-NGS-HJE-SIM-005","UID":"UID-1515","ID_WEBGIS":"ANL-NGS-HJE-SIM-025","POV_KE":3,"LAT":1.166924,"LON":104.112979,"JARAK_M":55.0,"STATUS_POV":"ubah","JML_POV":3,"POV_MEAN":37.7,"POV_MEDIAN":37.5,"POV_MIN":20.7,"POV_MAKS":55.0,"TIPE":"Tidak Bersinyal","JENIS":"Persimpangan","NAMA_JALAN":"Jl. Hang Jebat","KELURAHAN":"SAMBAU","KECAMATAN":"NONGSA","PRIORITAS":"PRIORITAS 3","SURVEYOR":"BUDI","WAKTU":"2026-09-02T03:32:09.542Z","CARA_COCOK":"ID","JARAK_COCOK_M":0.0},"geometry":{"type":"Point","coordinates":[104.112979,1.166924]}},{"type":"Feature","id":"ANL-NGS-HJE-SIM-006-POV-01","properties":{"fid":305,"ID_POV":"ANL-NGS-HJE-SIM-006-POV-01","ID_TITIK":"ANL-NGS-HJE-SIM-006","UID":"UID-1516","ID_WEBGIS":"ANL-NGS-HJE-SIM-026","POV_KE":1,"LAT":1.18382,"LON":104.1041,"JARAK_M":35.1,"STATUS_POV":"asli","JML_POV":3,"POV_MEAN":31.5,"POV_MEDIAN":35.1,"POV_MIN":22.7,"POV_MAKS":36.8,"TIPE":"Tidak Bersinyal","JENIS":"Persimpangan","NAMA_JALAN":"Jl. Hang Jebat","KELURAHAN":"SAMBAU","KECAMATAN":"NONGSA","PRIORITAS":"PRIORITAS 3","SURVEYOR":"wahyu","WAKTU":"2026-09-03T04:47:45.788Z","CARA_COCOK":"ID","JARAK_COCOK_M":0.0},"geometry":{"type":"Point","coordinates":[104.1041,1.18382]}},{"type":"Feature","id":"ANL-NGS-HJE-SIM-006-POV-02","properties":{"fid":306,"ID_POV":"ANL-NGS-HJE-SIM-006-POV-02","ID_TITIK":"ANL-NGS-HJE-SIM-006","UID":"UID-1516","ID_WEBGIS":"ANL-NGS-HJE-SIM-026","POV_KE":2,"LAT":1.183994,"LON":104.104247,"JARAK_M":36.8,"STATUS_POV":"asli","JML_POV":3,"POV_MEAN":31.5,"POV_MEDIAN":35.1,"POV_MIN":22.7,"POV_MAKS":36.8,"TIPE":"Tidak Bersinyal","JENIS":"Persimpangan","NAMA_JALAN":"Jl. Hang Jebat","KELURAHAN":"SAMBAU","KECAMATAN":"NONGSA","PRIORITAS":"PRIORITAS 3","SURVEYOR":"wahyu","WAKTU":"2026-09-03T04:47:45.788Z","CARA_COCOK":"ID","JARAK_COCOK_M":0.0},"geometry":{"type":"Point","coordinates":[104.104247,1.183994]}},{"type":"Feature","id":"ANL-NGS-HJE-SIM-006-POV-03","properties":{"fid":307,"ID_POV":"ANL-NGS-HJE-SIM-006-POV-03","ID_TITIK":"ANL-NGS-HJE-SIM-006","UID":"UID-1516","ID_WEBGIS":"ANL-NGS-HJE-SIM-026","POV_KE":3,"LAT":1.184277,"LON":104.103999,"JARAK_M":22.7,"STATUS_POV":"ubah","JML_POV":3,"POV_MEAN":31.5,"POV_MEDIAN":35.1,"POV_MIN":22.7,"POV_MAKS":36.8,"TIPE":"Tidak Bersinyal","JENIS":"Persimpangan","NAMA_JALAN":"Jl. Hang Jebat","KELURAHAN":"SAMBAU","KECAMATAN":"NONGSA","PRIORITAS":"PRIORITAS 3","SURVEYOR":"wahyu","WAKTU":"2026-09-03T04:47:45.788Z","CARA_COCOK":"ID","JARAK_COCOK_M":0.0},"geometry":{"type":"Point","coordinates":[104.103999,1.184277]}},{"type":"Feature","id":"ANL-NGS-HLK-SIM-001-POV-01","properties":{"fid":308,"ID_POV":"ANL-NGS-HLK-SIM-001-POV-01","ID_TITIK":"ANL-NGS-HLK-SIM-001","UID":"UID-1545","ID_WEBGIS":"ANL-NGS-HLK-SIM-001","POV_KE":1,"LAT":1.189375,"LON":104.083636,"JARAK_M":63.5,"STATUS_POV":"ubah","JML_POV":3,"POV_MEAN":46.3,"POV_MEDIAN":56.3,"POV_MIN":19.0,"POV_MAKS":63.5,"TIPE":"Tidak Bersinyal","JENIS":"Persimpangan","NAMA_JALAN":"Jl. Hang Lekiu","KELURAHAN":"SAMBAU","KECAMATAN":"NONGSA","PRIORITAS":"PRIORITAS 3","SURVEYOR":"wahyu","WAKTU":"2026-09-03T04:55:00.061Z","CARA_COCOK":"ID","JARAK_COCOK_M":0.0},"geometry":{"type":"Point","coordinates":[104.083636,1.189375]}},{"type":"Feature","id":"ANL-NGS-HLK-SIM-001-POV-02","properties":{"fid":309,"ID_POV":"ANL-NGS-HLK-SIM-001-POV-02","ID_TITIK":"ANL-NGS-HLK-SIM-001","UID":"UID-1545","ID_WEBGIS":"ANL-NGS-HLK-SIM-001","POV_KE":2,"LAT":1.188798,"LON":104.083916,"JARAK_M":19.0,"STATUS_POV":"ubah","JML_POV":3,"POV_MEAN":46.3,"POV_MEDIAN":56.3,"POV_MIN":19.0,"POV_MAKS":63.5,"TIPE":"Tidak Bersinyal","JENIS":"Persimpangan","NAMA_JALAN":"Jl. Hang Lekiu","KELURAHAN":"SAMBAU","KECAMATAN":"NONGSA","PRIORITAS":"PRIORITAS 3","SURVEYOR":"wahyu","WAKTU":"2026-09-03T04:55:00.061Z","CARA_COCOK":"ID","JARAK_COCOK_M":0.0},"geometry":{"type":"Point","coordinates":[104.083916,1.188798]}},{"type":"Feature","id":"ANL-NGS-HLK-SIM-001-POV-03","properties":{"fid":310,"ID_POV":"ANL-NGS-HLK-SIM-001-POV-03","ID_TITIK":"ANL-NGS-HLK-SIM-001","UID":"UID-1545","ID_WEBGIS":"ANL-NGS-HLK-SIM-001","POV_KE":3,"LAT":1.188994,"LON":104.083504,"JARAK_M":56.3,"STATUS_POV":"baru","JML_POV":3,"POV_MEAN":46.3,"POV_MEDIAN":56.3,"POV_MIN":19.0,"POV_MAKS":63.5,"TIPE":"Tidak Bersinyal","JENIS":"Persimpangan","NAMA_JALAN":"Jl. Hang Lekiu","KELURAHAN":"SAMBAU","KECAMATAN":"NONGSA","PRIORITAS":"PRIORITAS 3","SURVEYOR":"wahyu","WAKTU":"2026-09-03T04:55:00.061Z","CARA_COCOK":"ID","JARAK_COCOK_M":0.0},"geometry":{"type":"Point","coordinates":[104.083504,1.188994]}},{"type":"Feature","id":"ANL-NGS-HLK-SIM-002-POV-01","properties":{"fid":311,"ID_POV":"ANL-NGS-HLK-SIM-002-POV-01","ID_TITIK":"ANL-NGS-HLK-SIM-002","UID":"UID-1546","ID_WEBGIS":"ANL-NGS-HLK-SIM-002","POV_KE":1,"LAT":1.188852,"LON":104.08398,"JARAK_M":58.9,"STATUS_POV":"ubah","JML_POV":3,"POV_MEAN":48.6,"POV_MEDIAN":58.9,"POV_MIN":27.6,"POV_MAKS":59.4,"TIPE":"Tidak Bersinyal","JENIS":"Persimpangan","NAMA_JALAN":"Jl. Hang Lekiu","KELURAHAN":"SAMBAU","KECAMATAN":"NONGSA","PRIORITAS":"PRIORITAS 3","SURVEYOR":"afri","WAKTU":"2026-09-03T06:15:15.092Z","CARA_COCOK":"ID","JARAK_COCOK_M":0.0},"geometry":{"type":"Point","coordinates":[104.08398,1.188852]}},{"type":"Feature","id":"ANL-NGS-HLK-SIM-002-POV-02","properties":{"fid":312,"ID_POV":"ANL-NGS-HLK-SIM-002-POV-02","ID_TITIK":"ANL-NGS-HLK-SIM-002","UID":"UID-1546","ID_WEBGIS":"ANL-NGS-HLK-SIM-002","POV_KE":2,"LAT":1.189236,"LON":104.083651,"JARAK_M":27.6,"STATUS_POV":"ubah","JML_POV":3,"POV_MEAN":48.6,"POV_MEDIAN":58.9,"POV_MIN":27.6,"POV_MAKS":59.4,"TIPE":"Tidak Bersinyal","JENIS":"Persimpangan","NAMA_JALAN":"Jl. Hang Lekiu","KELURAHAN":"SAMBAU","KECAMATAN":"NONGSA","PRIORITAS":"PRIORITAS 3","SURVEYOR":"afri","WAKTU":"2026-09-03T06:15:15.092Z","CARA_COCOK":"ID","JARAK_COCOK_M":0.0},"geometry":{"type":"Point","coordinates":[104.083651,1.189236]}},{"type":"Feature","id":"ANL-NGS-HLK-SIM-002-POV-03","properties":{"fid":313,"ID_POV":"ANL-NGS-HLK-SIM-002-POV-03","ID_TITIK":"ANL-NGS-HLK-SIM-002","UID":"UID-1546","ID_WEBGIS":"ANL-NGS-HLK-SIM-002","POV_KE":3,"LAT":1.188991,"LON":104.083483,"JARAK_M":59.4,"STATUS_POV":"baru","JML_POV":3,"POV_MEAN":48.6,"POV_MEDIAN":58.9,"POV_MIN":27.6,"POV_MAKS":59.4,"TIPE":"Tidak Bersinyal","JENIS":"Persimpangan","NAMA_JALAN":"Jl. Hang Lekiu","KELURAHAN":"SAMBAU","KECAMATAN":"NONGSA","PRIORITAS":"PRIORITAS 3","SURVEYOR":"afri","WAKTU":"2026-09-03T06:15:15.092Z","CARA_COCOK":"ID","JARAK_COCOK_M":0.0},"geometry":{"type":"Point","coordinates":[104.083483,1.188991]}},{"type":"Feature","id":"ANL-NGS-HLK-SIM-003-POV-01","properties":{"fid":314,"ID_POV":"ANL-NGS-HLK-SIM-003-POV-01","ID_TITIK":"ANL-NGS-HLK-SIM-003","UID":"UID-1547","ID_WEBGIS":"ANL-NGS-HLK-SIM-003","POV_KE":1,"LAT":1.18926,"LON":104.084081,"JARAK_M":65.1,"STATUS_POV":"ubah","JML_POV":3,"POV_MEAN":51.7,"POV_MEDIAN":59.1,"POV_MIN":31.0,"POV_MAKS":65.1,"TIPE":"Tidak Bersinyal","JENIS":"Persimpangan","NAMA_JALAN":"Jl. Hang Lekiu","KELURAHAN":"SAMBAU","KECAMATAN":"NONGSA","PRIORITAS":"PRIORITAS 3","SURVEYOR":"afri","WAKTU":"2026-09-03T06:21:48.685Z","CARA_COCOK":"ID","JARAK_COCOK_M":0.0},"geometry":{"type":"Point","coordinates":[104.084081,1.18926]}},{"type":"Feature","id":"ANL-NGS-HLK-SIM-003-POV-02","properties":{"fid":315,"ID_POV":"ANL-NGS-HLK-SIM-003-POV-02","ID_TITIK":"ANL-NGS-HLK-SIM-003","UID":"UID-1547","ID_WEBGIS":"ANL-NGS-HLK-SIM-003","POV_KE":2,"LAT":1.189405,"LON":104.083638,"JARAK_M":31.0,"STATUS_POV":"ubah","JML_POV":3,"POV_MEAN":51.7,"POV_MEDIAN":59.1,"POV_MIN":31.0,"POV_MAKS":65.1,"TIPE":"Tidak Bersinyal","JENIS":"Persimpangan","NAMA_JALAN":"Jl. Hang Lekiu","KELURAHAN":"SAMBAU","KECAMATAN":"NONGSA","PRIORITAS":"PRIORITAS 3","SURVEYOR":"afri","WAKTU":"2026-09-03T06:21:48.685Z","CARA_COCOK":"ID","JARAK_COCOK_M":0.0},"geometry":{"type":"Point","coordinates":[104.083638,1.189405]}},{"type":"Feature","id":"ANL-NGS-HLK-SIM-003-POV-03","properties":{"fid":316,"ID_POV":"ANL-NGS-HLK-SIM-003-POV-03","ID_TITIK":"ANL-NGS-HLK-SIM-003","UID":"UID-1547","ID_WEBGIS":"ANL-NGS-HLK-SIM-003","POV_KE":3,"LAT":1.188817,"LON":104.083909,"JARAK_M":59.1,"STATUS_POV":"baru","JML_POV":3,"POV_MEAN":51.7,"POV_MEDIAN":59.1,"POV_MIN":31.0,"POV_MAKS":65.1,"TIPE":"Tidak Bersinyal","JENIS":"Persimpangan","NAMA_JALAN":"Jl. Hang Lekiu","KELURAHAN":"SAMBAU","KECAMATAN":"NONGSA","PRIORITAS":"PRIORITAS 3","SURVEYOR":"afri","WAKTU":"2026-09-03T06:21:48.685Z","CARA_COCOK":"ID","JARAK_COCOK_M":0.0},"geometry":{"type":"Point","coordinates":[104.083909,1.188817]}},{"type":"Feature","id":"ANL-NGS-HLK-SIM-004-POV-01","properties":{"fid":317,"ID_POV":"ANL-NGS-HLK-SIM-004-POV-01","ID_TITIK":"ANL-NGS-HLK-SIM-004","UID":"UID-1548","ID_WEBGIS":"ANL-NGS-HLK-SIM-004","POV_KE":1,"LAT":1.17901,"LON":104.07756,"JARAK_M":10.5,"STATUS_POV":"asli","JML_POV":3,"POV_MEAN":13.7,"POV_MEDIAN":10.5,"POV_MIN":9.0,"POV_MAKS":21.7,"TIPE":"Tidak Bersinyal","JENIS":"Persimpangan","NAMA_JALAN":"Jl. Hang Lekiu","KELURAHAN":"SAMBAU","KECAMATAN":"NONGSA","PRIORITAS":"PRIORITAS 3","SURVEYOR":"BUDI","WAKTU":"2026-09-02T05:11:51.939Z","CARA_COCOK":"ID","JARAK_COCOK_M":0.0},"geometry":{"type":"Point","coordinates":[104.07756,1.17901]}},{"type":"Feature","id":"ANL-NGS-HLK-SIM-004-POV-02","properties":{"fid":318,"ID_POV":"ANL-NGS-HLK-SIM-004-POV-02","ID_TITIK":"ANL-NGS-HLK-SIM-004","UID":"UID-1548","ID_WEBGIS":"ANL-NGS-HLK-SIM-004","POV_KE":2,"LAT":1.17885,"LON":104.07745,"JARAK_M":21.7,"STATUS_POV":"asli","JML_POV":3,"POV_MEAN":13.7,"POV_MEDIAN":10.5,"POV_MIN":9.0,"POV_MAKS":21.7,"TIPE":"Tidak Bersinyal","JENIS":"Persimpangan","NAMA_JALAN":"Jl. Hang Lekiu","KELURAHAN":"SAMBAU","KECAMATAN":"NONGSA","PRIORITAS":"PRIORITAS 3","SURVEYOR":"BUDI","WAKTU":"2026-09-02T05:11:51.939Z","CARA_COCOK":"ID","JARAK_COCOK_M":0.0},"geometry":{"type":"Point","coordinates":[104.07745,1.17885]}},{"type":"Feature","id":"ANL-NGS-HLK-SIM-004-POV-03","properties":{"fid":319,"ID_POV":"ANL-NGS-HLK-SIM-004-POV-03","ID_TITIK":"ANL-NGS-HLK-SIM-004","UID":"UID-1548","ID_WEBGIS":"ANL-NGS-HLK-SIM-004","POV_KE":3,"LAT":1.179029,"LON":104.077392,"JARAK_M":9.0,"STATUS_POV":"ubah","JML_POV":3,"POV_MEAN":13.7,"POV_MEDIAN":10.5,"POV_MIN":9.0,"POV_MAKS":21.7,"TIPE":"Tidak Bersinyal","JENIS":"Persimpangan","NAMA_JALAN":"Jl. Hang Lekiu","KELURAHAN":"SAMBAU","KECAMATAN":"NONGSA","PRIORITAS":"PRIORITAS 3","SURVEYOR":"BUDI","WAKTU":"2026-09-02T05:11:51.939Z","CARA_COCOK":"ID","JARAK_COCOK_M":0.0},"geometry":{"type":"Point","coordinates":[104.077392,1.179029]}},{"type":"Feature","id":"ANL-NGS-HLK-SIM-005-POV-01","properties":{"fid":320,"ID_POV":"ANL-NGS-HLK-SIM-005-POV-01","ID_TITIK":"ANL-NGS-HLK-SIM-005","UID":"UID-1549","ID_WEBGIS":"ANL-NGS-HLK-SIM-005","POV_KE":1,"LAT":1.1789,"LON":104.07747,"JARAK_M":9.0,"STATUS_POV":"asli","JML_POV":3,"POV_MEAN":18.1,"POV_MEDIAN":20.2,"POV_MIN":9.0,"POV_MAKS":25.1,"TIPE":"Tidak Bersinyal","JENIS":"Persimpangan","NAMA_JALAN":"Jl. Hang Lekiu","KELURAHAN":"SAMBAU","KECAMATAN":"NONGSA","PRIORITAS":"PRIORITAS 3","CARA_COCOK":"ID","JARAK_COCOK_M":0.0},"geometry":{"type":"Point","coordinates":[104.07747,1.1789]}},{"type":"Feature","id":"ANL-NGS-HLK-SIM-005-POV-02","properties":{"fid":321,"ID_POV":"ANL-NGS-HLK-SIM-005-POV-02","ID_TITIK":"ANL-NGS-HLK-SIM-005","UID":"UID-1549","ID_WEBGIS":"ANL-NGS-HLK-SIM-005","POV_KE":2,"LAT":1.17902,"LON":104.07758,"JARAK_M":25.1,"STATUS_POV":"asli","JML_POV":3,"POV_MEAN":18.1,"POV_MEDIAN":20.2,"POV_MIN":9.0,"POV_MAKS":25.1,"TIPE":"Tidak Bersinyal","JENIS":"Persimpangan","NAMA_JALAN":"Jl. Hang Lekiu","KELURAHAN":"SAMBAU","KECAMATAN":"NONGSA","PRIORITAS":"PRIORITAS 3","CARA_COCOK":"ID","JARAK_COCOK_M":0.0},"geometry":{"type":"Point","coordinates":[104.07758,1.17902]}},{"type":"Feature","id":"ANL-NGS-HLK-SIM-005-POV-03","properties":{"fid":322,"ID_POV":"ANL-NGS-HLK-SIM-005-POV-03","ID_TITIK":"ANL-NGS-HLK-SIM-005","UID":"UID-1549","ID_WEBGIS":"ANL-NGS-HLK-SIM-005","POV_KE":3,"LAT":1.17905,"LON":104.07749,"JARAK_M":20.2,"STATUS_POV":"asli","JML_POV":3,"POV_MEAN":18.1,"POV_MEDIAN":20.2,"POV_MIN":9.0,"POV_MAKS":25.1,"TIPE":"Tidak Bersinyal","JENIS":"Persimpangan","NAMA_JALAN":"Jl. Hang Lekiu","KELURAHAN":"SAMBAU","KECAMATAN":"NONGSA","PRIORITAS":"PRIORITAS 3","CARA_COCOK":"ID","JARAK_COCOK_M":0.0},"geometry":{"type":"Point","coordinates":[104.07749,1.17905]}},{"type":"Feature","id":"ANL-NGS-HLK-SIM-006-POV-01","properties":{"fid":323,"ID_POV":"ANL-NGS-HLK-SIM-006-POV-01","ID_TITIK":"ANL-NGS-HLK-SIM-006","UID":"UID-1550","ID_WEBGIS":"ANL-NGS-HLK-SIM-006","POV_KE":1,"LAT":1.17466,"LON":104.076481,"JARAK_M":6.3,"STATUS_POV":"ubah","JML_POV":3,"POV_MEAN":9.9,"POV_MEDIAN":6.8,"POV_MIN":6.3,"POV_MAKS":16.7,"TIPE":"Tidak Bersinyal","JENIS":"Persimpangan","NAMA_JALAN":"Jl. Hang Lekiu","KELURAHAN":"SAMBAU","KECAMATAN":"NONGSA","PRIORITAS":"PRIORITAS 3","SURVEYOR":"BUDI","WAKTU":"2026-09-02T05:14:21.120Z","CARA_COCOK":"ID","JARAK_COCOK_M":0.0},"geometry":{"type":"Point","coordinates":[104.076481,1.17466]}},{"type":"Feature","id":"ANL-NGS-HLK-SIM-006-POV-02","properties":{"fid":324,"ID_POV":"ANL-NGS-HLK-SIM-006-POV-02","ID_TITIK":"ANL-NGS-HLK-SIM-006","UID":"UID-1550","ID_WEBGIS":"ANL-NGS-HLK-SIM-006","POV_KE":2,"LAT":1.174635,"LON":104.076605,"JARAK_M":16.7,"STATUS_POV":"ubah","JML_POV":3,"POV_MEAN":9.9,"POV_MEDIAN":6.8,"POV_MIN":6.3,"POV_MAKS":16.7,"TIPE":"Tidak Bersinyal","JENIS":"Persimpangan","NAMA_JALAN":"Jl. Hang Lekiu","KELURAHAN":"SAMBAU","KECAMATAN":"NONGSA","PRIORITAS":"PRIORITAS 3","SURVEYOR":"BUDI","WAKTU":"2026-09-02T05:14:21.120Z","CARA_COCOK":"ID","JARAK_COCOK_M":0.0},"geometry":{"type":"Point","coordinates":[104.076605,1.174635]}},{"type":"Feature","id":"ANL-NGS-HLK-SIM-006-POV-03","properties":{"fid":325,"ID_POV":"ANL-NGS-HLK-SIM-006-POV-03","ID_TITIK":"ANL-NGS-HLK-SIM-006","UID":"UID-1550","ID_WEBGIS":"ANL-NGS-HLK-SIM-006","POV_KE":3,"LAT":1.174725,"LON":104.07654,"JARAK_M":6.8,"STATUS_POV":"ubah","JML_POV":3,"POV_MEAN":9.9,"POV_MEDIAN":6.8,"POV_MIN":6.3,"POV_MAKS":16.7,"TIPE":"Tidak Bersinyal","JENIS":"Persimpangan","NAMA_JALAN":"Jl. Hang Lekiu","KELURAHAN":"SAMBAU","KECAMATAN":"NONGSA","PRIORITAS":"PRIORITAS 3","SURVEYOR":"BUDI","WAKTU":"2026-09-02T05:14:21.120Z","CARA_COCOK":"ID","JARAK_COCOK_M":0.0},"geometry":{"type":"Point","coordinates":[104.07654,1.174725]}},{"type":"Feature","id":"ANL-NGS-HLK-SIM-007-POV-01","properties":{"fid":326,"ID_POV":"ANL-NGS-HLK-SIM-007-POV-01","ID_TITIK":"ANL-NGS-HLK-SIM-007","UID":"UID-1551","ID_WEBGIS":"ANL-NGS-HLK-SIM-007","POV_KE":1,"LAT":1.17476,"LON":104.07654,"JARAK_M":15.5,"STATUS_POV":"asli","JML_POV":3,"POV_MEAN":11.8,"POV_MEDIAN":10.7,"POV_MIN":9.3,"POV_MAKS":15.5,"TIPE":"Tidak Bersinyal","JENIS":"Persimpangan","NAMA_JALAN":"Jl. Hang Lekiu","KELURAHAN":"SAMBAU","KECAMATAN":"NONGSA","PRIORITAS":"PRIORITAS 3","SURVEYOR":"wahyu","WAKTU":"2026-09-03T03:33:00.234Z","CARA_COCOK":"ID","JARAK_COCOK_M":0.0},"geometry":{"type":"Point","coordinates":[104.07654,1.17476]}},{"type":"Feature","id":"ANL-NGS-HLK-SIM-007-POV-02","properties":{"fid":327,"ID_POV":"ANL-NGS-HLK-SIM-007-POV-02","ID_TITIK":"ANL-NGS-HLK-SIM-007","UID":"UID-1551","ID_WEBGIS":"ANL-NGS-HLK-SIM-007","POV_KE":2,"LAT":1.174646,"LON":104.07645,"JARAK_M":10.7,"STATUS_POV":"ubah","JML_POV":3,"POV_MEAN":11.8,"POV_MEDIAN":10.7,"POV_MIN":9.3,"POV_MAKS":15.5,"TIPE":"Tidak Bersinyal","JENIS":"Persimpangan","NAMA_JALAN":"Jl. Hang Lekiu","KELURAHAN":"SAMBAU","KECAMATAN":"NONGSA","PRIORITAS":"PRIORITAS 3","SURVEYOR":"wahyu","WAKTU":"2026-09-03T03:33:00.234Z","CARA_COCOK":"ID","JARAK_COCOK_M":0.0},"geometry":{"type":"Point","coordinates":[104.07645,1.174646]}},{"type":"Feature","id":"ANL-NGS-HLK-SIM-007-POV-03","properties":{"fid":328,"ID_POV":"ANL-NGS-HLK-SIM-007-POV-03","ID_TITIK":"ANL-NGS-HLK-SIM-007","UID":"UID-1551","ID_WEBGIS":"ANL-NGS-HLK-SIM-007","POV_KE":3,"LAT":1.174674,"LON":104.076608,"JARAK_M":9.3,"STATUS_POV":"baru","JML_POV":3,"POV_MEAN":11.8,"POV_MEDIAN":10.7,"POV_MIN":9.3,"POV_MAKS":15.5,"TIPE":"Tidak Bersinyal","JENIS":"Persimpangan","NAMA_JALAN":"Jl. Hang Lekiu","KELURAHAN":"SAMBAU","KECAMATAN":"NONGSA","PRIORITAS":"PRIORITAS 3","SURVEYOR":"wahyu","WAKTU":"2026-09-03T03:33:00.234Z","CARA_COCOK":"ID","JARAK_COCOK_M":0.0},"geometry":{"type":"Point","coordinates":[104.076608,1.174674]}},{"type":"Feature","id":"ANL-NGS-HLK-SIM-008-POV-01","properties":{"fid":329,"ID_POV":"ANL-NGS-HLK-SIM-008-POV-01","ID_TITIK":"ANL-NGS-HLK-SIM-008","UID":"UID-1552","ID_WEBGIS":"ANL-NGS-HLK-SIM-008","POV_KE":1,"LAT":1.1678,"LON":104.082423,"JARAK_M":26.7,"STATUS_POV":"ubah","JML_POV":3,"POV_MEAN":39.2,"POV_MEDIAN":39.2,"POV_MIN":26.7,"POV_MAKS":51.6,"TIPE":"Tidak Bersinyal","JENIS":"Persimpangan","NAMA_JALAN":"Jl. Hang Lekiu","KELURAHAN":"SAMBAU","KECAMATAN":"NONGSA","PRIORITAS":"PRIORITAS 3","SURVEYOR":"afri","WAKTU":"2026-09-03T06:26:39.353Z","CARA_COCOK":"ID","JARAK_COCOK_M":0.0},"geometry":{"type":"Point","coordinates":[104.082423,1.1678]}},{"type":"Feature","id":"ANL-NGS-HLK-SIM-008-POV-02","properties":{"fid":330,"ID_POV":"ANL-NGS-HLK-SIM-008-POV-02","ID_TITIK":"ANL-NGS-HLK-SIM-008","UID":"UID-1552","ID_WEBGIS":"ANL-NGS-HLK-SIM-008","POV_KE":2,"LAT":1.167399,"LON":104.082681,"JARAK_M":51.6,"STATUS_POV":"ubah","JML_POV":3,"POV_MEAN":39.2,"POV_MEDIAN":39.2,"POV_MIN":26.7,"POV_MAKS":51.6,"TIPE":"Tidak Bersinyal","JENIS":"Persimpangan","NAMA_JALAN":"Jl. Hang Lekiu","KELURAHAN":"SAMBAU","KECAMATAN":"NONGSA","PRIORITAS":"PRIORITAS 3","SURVEYOR":"afri","WAKTU":"2026-09-03T06:26:39.353Z","CARA_COCOK":"ID","JARAK_COCOK_M":0.0},"geometry":{"type":"Point","coordinates":[104.082681,1.167399]}},{"type":"Feature","id":"ANL-NGS-HLK-SIM-008-POV-03","properties":{"fid":331,"ID_POV":"ANL-NGS-HLK-SIM-008-POV-03","ID_TITIK":"ANL-NGS-HLK-SIM-008","UID":"UID-1552","ID_WEBGIS":"ANL-NGS-HLK-SIM-008","POV_KE":3,"LAT":1.167966,"LON":104.082303,"JARAK_M":39.2,"STATUS_POV":"baru","JML_POV":3,"POV_MEAN":39.2,"POV_MEDIAN":39.2,"POV_MIN":26.7,"POV_MAKS":51.6,"TIPE":"Tidak Bersinyal","JENIS":"Persimpangan","NAMA_JALAN":"Jl. Hang Lekiu","KELURAHAN":"SAMBAU","KECAMATAN":"NONGSA","PRIORITAS":"PRIORITAS 3","SURVEYOR":"afri","WAKTU":"2026-09-03T06:26:39.353Z","CARA_COCOK":"ID","JARAK_COCOK_M":0.0},"geometry":{"type":"Point","coordinates":[104.082303,1.167966]}},{"type":"Feature","id":"ANL-NGS-HLK-SIM-009-POV-01","properties":{"fid":332,"ID_POV":"ANL-NGS-HLK-SIM-009-POV-01","ID_TITIK":"ANL-NGS-HLK-SIM-009","UID":"UID-1553","ID_WEBGIS":"ANL-NGS-HLK-SIM-009","POV_KE":1,"LAT":1.16768,"LON":104.08247,"JARAK_M":29.7,"STATUS_POV":"asli","JML_POV":3,"POV_MEAN":43.4,"POV_MEDIAN":33.4,"POV_MIN":29.7,"POV_MAKS":67.2,"TIPE":"Tidak Bersinyal","JENIS":"Persimpangan","NAMA_JALAN":"Jl. Hang Lekiu","KELURAHAN":"SAMBAU","KECAMATAN":"NONGSA","PRIORITAS":"PRIORITAS 3","SURVEYOR":"afri","WAKTU":"2026-09-03T06:27:41.163Z","CARA_COCOK":"ID","JARAK_COCOK_M":0.0},"geometry":{"type":"Point","coordinates":[104.08247,1.16768]}},{"type":"Feature","id":"ANL-NGS-HLK-SIM-009-POV-02","properties":{"fid":333,"ID_POV":"ANL-NGS-HLK-SIM-009-POV-02","ID_TITIK":"ANL-NGS-HLK-SIM-009","UID":"UID-1553","ID_WEBGIS":"ANL-NGS-HLK-SIM-009","POV_KE":2,"LAT":1.16754,"LON":104.08228,"JARAK_M":33.4,"STATUS_POV":"asli","JML_POV":3,"POV_MEAN":43.4,"POV_MEDIAN":33.4,"POV_MIN":29.7,"POV_MAKS":67.2,"TIPE":"Tidak Bersinyal","JENIS":"Persimpangan","NAMA_JALAN":"Jl. Hang Lekiu","KELURAHAN":"SAMBAU","KECAMATAN":"NONGSA","PRIORITAS":"PRIORITAS 3","SURVEYOR":"afri","WAKTU":"2026-09-03T06:27:41.163Z","CARA_COCOK":"ID","JARAK_COCOK_M":0.0},"geometry":{"type":"Point","coordinates":[104.08228,1.16754]}},{"type":"Feature","id":"ANL-NGS-HLK-SIM-009-POV-03","properties":{"fid":334,"ID_POV":"ANL-NGS-HLK-SIM-009-POV-03","ID_TITIK":"ANL-NGS-HLK-SIM-009","UID":"UID-1553","ID_WEBGIS":"ANL-NGS-HLK-SIM-009","POV_KE":3,"LAT":1.16741,"LON":104.082681,"JARAK_M":67.2,"STATUS_POV":"baru","JML_POV":3,"POV_MEAN":43.4,"POV_MEDIAN":33.4,"POV_MIN":29.7,"POV_MAKS":67.2,"TIPE":"Tidak Bersinyal","JENIS":"Persimpangan","NAMA_JALAN":"Jl. Hang Lekiu","KELURAHAN":"SAMBAU","KECAMATAN":"NONGSA","PRIORITAS":"PRIORITAS 3","SURVEYOR":"afri","WAKTU":"2026-09-03T06:27:41.163Z","CARA_COCOK":"ID","JARAK_COCOK_M":0.0},"geometry":{"type":"Point","coordinates":[104.082681,1.16741]}},{"type":"Feature","id":"ANL-NGS-HLK-SIM-010-POV-01","properties":{"fid":335,"ID_POV":"ANL-NGS-HLK-SIM-010-POV-01","ID_TITIK":"ANL-NGS-HLK-SIM-010","UID":"UID-1554","ID_WEBGIS":"ANL-NGS-HLK-SIM-010","POV_KE":1,"LAT":1.167552,"LON":104.082295,"JARAK_M":42.7,"STATUS_POV":"ubah","JML_POV":3,"POV_MEAN":51.4,"POV_MEDIAN":42.7,"POV_MIN":40.3,"POV_MAKS":71.2,"TIPE":"Tidak Bersinyal","JENIS":"Persimpangan","NAMA_JALAN":"Jl. Hang Lekiu","KELURAHAN":"SAMBAU","KECAMATAN":"NONGSA","PRIORITAS":"PRIORITAS 3","SURVEYOR":"afri","WAKTU":"2026-09-03T06:28:35.644Z","CARA_COCOK":"ID","JARAK_COCOK_M":0.0},"geometry":{"type":"Point","coordinates":[104.082295,1.167552]}},{"type":"Feature","id":"ANL-NGS-HLK-SIM-010-POV-02","properties":{"fid":336,"ID_POV":"ANL-NGS-HLK-SIM-010-POV-02","ID_TITIK":"ANL-NGS-HLK-SIM-010","UID":"UID-1554","ID_WEBGIS":"ANL-NGS-HLK-SIM-010","POV_KE":2,"LAT":1.16772,"LON":104.08251,"JARAK_M":40.3,"STATUS_POV":"asli","JML_POV":3,"POV_MEAN":51.4,"POV_MEDIAN":42.7,"POV_MIN":40.3,"POV_MAKS":71.2,"TIPE":"Tidak Bersinyal","JENIS":"Persimpangan","NAMA_JALAN":"Jl. Hang Lekiu","KELURAHAN":"SAMBAU","KECAMATAN":"NONGSA","PRIORITAS":"PRIORITAS 3","SURVEYOR":"afri","WAKTU":"2026-09-03T06:28:35.644Z","CARA_COCOK":"ID","JARAK_COCOK_M":0.0},"geometry":{"type":"Point","coordinates":[104.08251,1.16772]}},{"type":"Feature","id":"ANL-NGS-HLT-SIM-001-POV-01","properties":{"fid":337,"ID_POV":"ANL-NGS-HLT-SIM-001-POV-01","ID_TITIK":"ANL-NGS-HLT-SIM-001","UID":"UID-1555","ID_WEBGIS":"ANL-NGS-HLT-SIM-029","POV_KE":1,"LAT":1.187137,"LON":104.108301,"JARAK_M":8.1,"STATUS_POV":"asli","JML_POV":3,"POV_MEAN":17.7,"POV_MEDIAN":16.6,"POV_MIN":8.1,"POV_MAKS":28.5,"TIPE":"Tidak Bersinyal","JENIS":"Persimpangan","NAMA_JALAN":"Jl. Hang Lekiu - Teluk Mata Ikan","KELURAHAN":"SAMBAU","KECAMATAN":"NONGSA","PRIORITAS":"PRIORITAS 3","SURVEYOR":"afri","WAKTU":"2026-09-03T06:30:18.365Z","CARA_COCOK":"ID","JARAK_COCOK_M":0.0},"geometry":{"type":"Point","coordinates":[104.108301,1.187137]}},{"type":"Feature","id":"ANL-NGS-HLT-SIM-001-POV-02","properties":{"fid":338,"ID_POV":"ANL-NGS-HLT-SIM-001-POV-02","ID_TITIK":"ANL-NGS-HLT-SIM-001","UID":"UID-1555","ID_WEBGIS":"ANL-NGS-HLT-SIM-029","POV_KE":2,"LAT":1.187091,"LON":104.108527,"JARAK_M":28.5,"STATUS_POV":"ubah","JML_POV":3,"POV_MEAN":17.7,"POV_MEDIAN":16.6,"POV_MIN":8.1,"POV_MAKS":28.5,"TIPE":"Tidak Bersinyal","JENIS":"Persimpangan","NAMA_JALAN":"Jl. Hang Lekiu - Teluk Mata Ikan","KELURAHAN":"SAMBAU","KECAMATAN":"NONGSA","PRIORITAS":"PRIORITAS 3","SURVEYOR":"afri","WAKTU":"2026-09-03T06:30:18.365Z","CARA_COCOK":"ID","JARAK_COCOK_M":0.0},"geometry":{"type":"Point","coordinates":[104.108527,1.187091]}},{"type":"Feature","id":"ANL-NGS-HLT-SIM-001-POV-03","properties":{"fid":339,"ID_POV":"ANL-NGS-HLT-SIM-001-POV-03","ID_TITIK":"ANL-NGS-HLT-SIM-001","UID":"UID-1555","ID_WEBGIS":"ANL-NGS-HLT-SIM-029","POV_KE":3,"LAT":1.187076,"LON":104.108366,"JARAK_M":16.6,"STATUS_POV":"ubah","JML_POV":3,"POV_MEAN":17.7,"POV_MEDIAN":16.6,"POV_MIN":8.1,"POV_MAKS":28.5,"TIPE":"Tidak Bersinyal","JENIS":"Persimpangan","NAMA_JALAN":"Jl. Hang Lekiu - Teluk Mata Ikan","KELURAHAN":"SAMBAU","KECAMATAN":"NONGSA","PRIORITAS":"PRIORITAS 3","SURVEYOR":"afri","WAKTU":"2026-09-03T06:30:18.365Z","CARA_COCOK":"ID","JARAK_COCOK_M":0.0},"geometry":{"type":"Point","coordinates":[104.108366,1.187076]}},{"type":"Feature","id":"ANL-NGS-HTU-SIM-001-POV-01","properties":{"fid":340,"ID_POV":"ANL-NGS-HTU-SIM-001-POV-01","ID_TITIK":"ANL-NGS-HTU-SIM-001","UID":"UID-1575","ID_WEBGIS":"ANL-NGS-HTU-SIM-018","POV_KE":1,"LAT":1.114677,"LON":104.098614,"JARAK_M":31.9,"STATUS_POV":"asli","JML_POV":3,"POV_MEAN":46.1,"POV_MEDIAN":52.8,"POV_MIN":31.9,"POV_MAKS":53.7,"TIPE":"Tidak Bersinyal","JENIS":"Persimpangan","NAMA_JALAN":"Jl. Hang Tuah","KELURAHAN":"BATU BESAR","KECAMATAN":"NONGSA","PRIORITAS":"PRIORITAS 3","SURVEYOR":"afri","WAKTU":"2026-09-03T06:33:23.918Z","CARA_COCOK":"ID","JARAK_COCOK_M":0.0},"geometry":{"type":"Point","coordinates":[104.098614,1.114677]}},{"type":"Feature","id":"ANL-NGS-HTU-SIM-001-POV-02","properties":{"fid":341,"ID_POV":"ANL-NGS-HTU-SIM-001-POV-02","ID_TITIK":"ANL-NGS-HTU-SIM-001","UID":"UID-1575","ID_WEBGIS":"ANL-NGS-HTU-SIM-018","POV_KE":2,"LAT":1.114504,"LON":104.098156,"JARAK_M":53.7,"STATUS_POV":"asli","JML_POV":3,"POV_MEAN":46.1,"POV_MEDIAN":52.8,"POV_MIN":31.9,"POV_MAKS":53.7,"TIPE":"Tidak Bersinyal","JENIS":"Persimpangan","NAMA_JALAN":"Jl. Hang Tuah","KELURAHAN":"BATU BESAR","KECAMATAN":"NONGSA","PRIORITAS":"PRIORITAS 3","SURVEYOR":"afri","WAKTU":"2026-09-03T06:33:23.918Z","CARA_COCOK":"ID","JARAK_COCOK_M":0.0},"geometry":{"type":"Point","coordinates":[104.098156,1.114504]}},{"type":"Feature","id":"ANL-NGS-HTU-SIM-001-POV-03","properties":{"fid":342,"ID_POV":"ANL-NGS-HTU-SIM-001-POV-03","ID_TITIK":"ANL-NGS-HTU-SIM-001","UID":"UID-1575","ID_WEBGIS":"ANL-NGS-HTU-SIM-018","POV_KE":3,"LAT":1.114114,"LON":104.098238,"JARAK_M":52.8,"STATUS_POV":"ubah","JML_POV":3,"POV_MEAN":46.1,"POV_MEDIAN":52.8,"POV_MIN":31.9,"POV_MAKS":53.7,"TIPE":"Tidak Bersinyal","JENIS":"Persimpangan","NAMA_JALAN":"Jl. Hang Tuah","KELURAHAN":"BATU BESAR","KECAMATAN":"NONGSA","PRIORITAS":"PRIORITAS 3","SURVEYOR":"afri","WAKTU":"2026-09-03T06:33:23.918Z","CARA_COCOK":"ID","JARAK_COCOK_M":0.0},"geometry":{"type":"Point","coordinates":[104.098238,1.114114]}},{"type":"Feature","id":"ANL-NGS-KTK-SIM-001-POV-01","properties":{"fid":343,"ID_POV":"ANL-NGS-KTK-SIM-001-POV-01","ID_TITIK":"ANL-NGS-KTK-SIM-001","UID":"UID-1629","ID_WEBGIS":"ANL-NGS-KTK-SIM-003","POV_KE":1,"LAT":1.056669,"LON":104.125902,"JARAK_M":71.1,"STATUS_POV":"ubah","JML_POV":3,"POV_MEAN":61.8,"POV_MEDIAN":71.1,"POV_MIN":30.4,"POV_MAKS":84.0,"TIPE":"Tidak Bersinyal","JENIS":"Persimpangan","NAMA_JALAN":"Jl. Kavling Tanjung Kasam","KELURAHAN":"KABIL","KECAMATAN":"NONGSA","PRIORITAS":"PRIORITAS 3","SURVEYOR":"afri","WAKTU":"2026-09-03T06:38:31.752Z","CARA_COCOK":"ID","JARAK_COCOK_M":0.0},"geometry":{"type":"Point","coordinates":[104.125902,1.056669]}},{"type":"Feature","id":"ANL-NGS-KTK-SIM-001-POV-02","properties":{"fid":344,"ID_POV":"ANL-NGS-KTK-SIM-001-POV-02","ID_TITIK":"ANL-NGS-KTK-SIM-001","UID":"UID-1629","ID_WEBGIS":"ANL-NGS-KTK-SIM-003","POV_KE":2,"LAT":1.057551,"LON":104.125677,"JARAK_M":30.4,"STATUS_POV":"asli","JML_POV":3,"POV_MEAN":61.8,"POV_MEDIAN":71.1,"POV_MIN":30.4,"POV_MAKS":84.0,"TIPE":"Tidak Bersinyal","JENIS":"Persimpangan","NAMA_JALAN":"Jl. Kavling Tanjung Kasam","KELURAHAN":"KABIL","KECAMATAN":"NONGSA","PRIORITAS":"PRIORITAS 3","SURVEYOR":"afri","WAKTU":"2026-09-03T06:38:31.752Z","CARA_COCOK":"ID","JARAK_COCOK_M":0.0},"geometry":{"type":"Point","coordinates":[104.125677,1.057551]}},{"type":"Feature","id":"ANL-NGS-KTK-SIM-001-POV-03","properties":{"fid":345,"ID_POV":"ANL-NGS-KTK-SIM-001-POV-03","ID_TITIK":"ANL-NGS-KTK-SIM-001","UID":"UID-1629","ID_WEBGIS":"ANL-NGS-KTK-SIM-003","POV_KE":3,"LAT":1.056575,"LON":104.125551,"JARAK_M":84.0,"STATUS_POV":"ubah","JML_POV":3,"POV_MEAN":61.8,"POV_MEDIAN":71.1,"POV_MIN":30.4,"POV_MAKS":84.0,"TIPE":"Tidak Bersinyal","JENIS":"Persimpangan","NAMA_JALAN":"Jl. Kavling Tanjung Kasam","KELURAHAN":"KABIL","KECAMATAN":"NONGSA","PRIORITAS":"PRIORITAS 3","SURVEYOR":"afri","WAKTU":"2026-09-03T06:38:31.752Z","CARA_COCOK":"ID","JARAK_COCOK_M":0.0},"geometry":{"type":"Point","coordinates":[104.125551,1.056575]}},{"type":"Feature","id":"ANL-NGS-PAT-SIM-013-POV-01","properties":{"fid":346,"ID_POV":"ANL-NGS-PAT-SIM-013-POV-01","ID_WEBGIS":"ANL-NGS-PAT-SIM-013","POV_KE":1,"LAT":1.080204,"LON":104.131226,"JARAK_M":38.1,"STATUS_POV":"ubah","JML_POV":3,"POV_MEAN":32.3,"POV_MEDIAN":33.4,"POV_MIN":25.5,"POV_MAKS":38.1,"TIPE":"Tidak Bersinyal","JENIS":"Persimpangan","NAMA_JALAN":"Jl. Patimura","KELURAHAN":"KABIL","KECAMATAN":"NONGSA","PRIORITAS":"PRIORITAS 3","SURVEYOR":"afri","WAKTU":"2026-09-03T06:49:27.586Z","CARA_COCOK":"TIDAK COCOK","JARAK_COCOK_M":729.8},"geometry":{"type":"Point","coordinates":[104.131226,1.080204]}},{"type":"Feature","id":"ANL-NGS-PAT-SIM-013-POV-02","properties":{"fid":347,"ID_POV":"ANL-NGS-PAT-SIM-013-POV-02","ID_WEBGIS":"ANL-NGS-PAT-SIM-013","POV_KE":2,"LAT":1.08074,"LON":104.131127,"JARAK_M":25.5,"STATUS_POV":"ubah","JML_POV":3,"POV_MEAN":32.3,"POV_MEDIAN":33.4,"POV_MIN":25.5,"POV_MAKS":38.1,"TIPE":"Tidak Bersinyal","JENIS":"Persimpangan","NAMA_JALAN":"Jl. Patimura","KELURAHAN":"KABIL","KECAMATAN":"NONGSA","PRIORITAS":"PRIORITAS 3","SURVEYOR":"afri","WAKTU":"2026-09-03T06:49:27.586Z","CARA_COCOK":"TIDAK COCOK","JARAK_COCOK_M":729.8},"geometry":{"type":"Point","coordinates":[104.131127,1.08074]}},{"type":"Feature","id":"ANL-NGS-PAT-SIM-013-POV-03","properties":{"fid":348,"ID_POV":"ANL-NGS-PAT-SIM-013-POV-03","ID_WEBGIS":"ANL-NGS-PAT-SIM-013","POV_KE":3,"LAT":1.08051,"LON":104.130952,"JARAK_M":33.4,"STATUS_POV":"asli","JML_POV":3,"POV_MEAN":32.3,"POV_MEDIAN":33.4,"POV_MIN":25.5,"POV_MAKS":38.1,"TIPE":"Tidak Bersinyal","JENIS":"Persimpangan","NAMA_JALAN":"Jl. Patimura","KELURAHAN":"KABIL","KECAMATAN":"NONGSA","PRIORITAS":"PRIORITAS 3","SURVEYOR":"afri","WAKTU":"2026-09-03T06:49:27.586Z","CARA_COCOK":"TIDAK COCOK","JARAK_COCOK_M":729.8},"geometry":{"type":"Point","coordinates":[104.130952,1.08051]}},{"type":"Feature","id":"ANL-NGS-PME-SIM-001-POV-01","properties":{"fid":349,"ID_POV":"ANL-NGS-PME-SIM-001-POV-01","ID_TITIK":"ANL-NGS-PME-SIM-001","UID":"UID-1653","ID_WEBGIS":"ANL-NGS-PME-SIM-022","POV_KE":1,"LAT":1.161916,"LON":104.118175,"JARAK_M":2.5,"STATUS_POV":"asli","JML_POV":4,"POV_MEAN":14.1,"POV_MEDIAN":15.1,"POV_MIN":2.5,"POV_MAKS":23.7,"TIPE":"Tidak Bersinyal","JENIS":"Persimpangan","NAMA_JALAN":"Jl. Pantai Mergong","KELURAHAN":"BATU BESAR","KECAMATAN":"NONGSA","PRIORITAS":"PRIORITAS 3","SURVEYOR":"BUDI","WAKTU":"2026-09-02T04:58:57.153Z","CARA_COCOK":"ID","JARAK_COCOK_M":0.0},"geometry":{"type":"Point","coordinates":[104.118175,1.161916]}},{"type":"Feature","id":"ANL-NGS-PME-SIM-001-POV-02","properties":{"fid":350,"ID_POV":"ANL-NGS-PME-SIM-001-POV-02","ID_TITIK":"ANL-NGS-PME-SIM-001","UID":"UID-1653","ID_WEBGIS":"ANL-NGS-PME-SIM-022","POV_KE":2,"LAT":1.161982,"LON":104.117972,"JARAK_M":21.5,"STATUS_POV":"ubah","JML_POV":4,"POV_MEAN":14.1,"POV_MEDIAN":15.1,"POV_MIN":2.5,"POV_MAKS":23.7,"TIPE":"Tidak Bersinyal","JENIS":"Persimpangan","NAMA_JALAN":"Jl. Pantai Mergong","KELURAHAN":"BATU BESAR","KECAMATAN":"NONGSA","PRIORITAS":"PRIORITAS 3","SURVEYOR":"BUDI","WAKTU":"2026-09-02T04:58:57.153Z","CARA_COCOK":"ID","JARAK_COCOK_M":0.0},"geometry":{"type":"Point","coordinates":[104.117972,1.161982]}},{"type":"Feature","id":"ANL-NGS-PME-SIM-001-POV-03","properties":{"fid":351,"ID_POV":"ANL-NGS-PME-SIM-001-POV-03","ID_TITIK":"ANL-NGS-PME-SIM-001","UID":"UID-1653","ID_WEBGIS":"ANL-NGS-PME-SIM-022","POV_KE":3,"LAT":1.161863,"LON":104.118212,"JARAK_M":8.7,"STATUS_POV":"ubah","JML_POV":4,"POV_MEAN":14.1,"POV_MEDIAN":15.1,"POV_MIN":2.5,"POV_MAKS":23.7,"TIPE":"Tidak Bersinyal","JENIS":"Persimpangan","NAMA_JALAN":"Jl. Pantai Mergong","KELURAHAN":"BATU BESAR","KECAMATAN":"NONGSA","PRIORITAS":"PRIORITAS 3","SURVEYOR":"BUDI","WAKTU":"2026-09-02T04:58:57.153Z","CARA_COCOK":"ID","JARAK_COCOK_M":0.0},"geometry":{"type":"Point","coordinates":[104.118212,1.161863]}},{"type":"Feature","id":"ANL-NGS-PME-SIM-001-POV-04","properties":{"fid":352,"ID_POV":"ANL-NGS-PME-SIM-001-POV-04","ID_TITIK":"ANL-NGS-PME-SIM-001","UID":"UID-1653","ID_WEBGIS":"ANL-NGS-PME-SIM-022","POV_KE":4,"LAT":1.161824,"LON":104.11796,"JARAK_M":23.7,"STATUS_POV":"ubah","JML_POV":4,"POV_MEAN":14.1,"POV_MEDIAN":15.1,"POV_MIN":2.5,"POV_MAKS":23.7,"TIPE":"Tidak Bersinyal","JENIS":"Persimpangan","NAMA_JALAN":"Jl. Pantai Mergong","KELURAHAN":"BATU BESAR","KECAMATAN":"NONGSA","PRIORITAS":"PRIORITAS 3","SURVEYOR":"BUDI","WAKTU":"2026-09-02T04:58:57.153Z","CARA_COCOK":"ID","JARAK_COCOK_M":0.0},"geometry":{"type":"Point","coordinates":[104.11796,1.161824]}},{"type":"Feature","id":"ANL-NGS-PME-SIM-002-POV-01","properties":{"fid":353,"ID_POV":"ANL-NGS-PME-SIM-002-POV-01","ID_TITIK":"ANL-NGS-PME-SIM-002","UID":"UID-1654","ID_WEBGIS":"ANL-NGS-PME-SIM-028","POV_KE":1,"LAT":1.187139,"LON":104.108323,"JARAK_M":27.0,"STATUS_POV":"ubah","JML_POV":3,"POV_MEAN":17.2,"POV_MEDIAN":15.3,"POV_MIN":9.2,"POV_MAKS":27.0,"TIPE":"Tidak Bersinyal","JENIS":"Persimpangan","NAMA_JALAN":"Jl. Pantai Mergong","KELURAHAN":"SAMBAU","KECAMATAN":"NONGSA","PRIORITAS":"PRIORITAS 3","SURVEYOR":"afri","WAKTU":"2026-09-03T06:57:27.858Z","CARA_COCOK":"ID","JARAK_COCOK_M":0.0},"geometry":{"type":"Point","coordinates":[104.108323,1.187139]}},{"type":"Feature","id":"ANL-NGS-PME-SIM-002-POV-02","properties":{"fid":354,"ID_POV":"ANL-NGS-PME-SIM-002-POV-02","ID_TITIK":"ANL-NGS-PME-SIM-002","UID":"UID-1654","ID_WEBGIS":"ANL-NGS-PME-SIM-028","POV_KE":2,"LAT":1.187033,"LON":104.108627,"JARAK_M":15.3,"STATUS_POV":"ubah","JML_POV":3,"POV_MEAN":17.2,"POV_MEDIAN":15.3,"POV_MIN":9.2,"POV_MAKS":27.0,"TIPE":"Tidak Bersinyal","JENIS":"Persimpangan","NAMA_JALAN":"Jl. Pantai Mergong","KELURAHAN":"SAMBAU","KECAMATAN":"NONGSA","PRIORITAS":"PRIORITAS 3","SURVEYOR":"afri","WAKTU":"2026-09-03T06:57:27.858Z","CARA_COCOK":"ID","JARAK_COCOK_M":0.0},"geometry":{"type":"Point","coordinates":[104.108627,1.187033]}},{"type":"Feature","id":"ANL-NGS-PME-SIM-002-POV-03","properties":{"fid":355,"ID_POV":"ANL-NGS-PME-SIM-002-POV-03","ID_TITIK":"ANL-NGS-PME-SIM-002","UID":"UID-1654","ID_WEBGIS":"ANL-NGS-PME-SIM-028","POV_KE":3,"LAT":1.187082,"LON":104.108528,"JARAK_M":9.2,"STATUS_POV":"baru","JML_POV":3,"POV_MEAN":17.2,"POV_MEDIAN":15.3,"POV_MIN":9.2,"POV_MAKS":27.0,"TIPE":"Tidak Bersinyal","JENIS":"Persimpangan","NAMA_JALAN":"Jl. Pantai Mergong","KELURAHAN":"SAMBAU","KECAMATAN":"NONGSA","PRIORITAS":"PRIORITAS 3","SURVEYOR":"afri","WAKTU":"2026-09-03T06:57:27.858Z","CARA_COCOK":"ID","JARAK_COCOK_M":0.0},"geometry":{"type":"Point","coordinates":[104.108528,1.187082]}},{"type":"Feature","id":"ANL-NGS-SHA-SIM-001-POV-01","properties":{"fid":356,"ID_POV":"ANL-NGS-SHA-SIM-001-POV-01","ID_TITIK":"ANL-NGS-SHA-SIM-001","UID":"UID-1686","ID_WEBGIS":"ANL-NGS-SHA-SIM-001","POV_KE":1,"LAT":1.044569,"LON":104.129453,"JARAK_M":15.4,"STATUS_POV":"ubah","JML_POV":3,"POV_MEAN":24.7,"POV_MEDIAN":25.3,"POV_MIN":15.4,"POV_MAKS":33.4,"TIPE":"Tidak Bersinyal","JENIS":"Persimpangan","NAMA_JALAN":"Jl. Sultan Hasanuddin","KELURAHAN":"KABIL","KECAMATAN":"NONGSA","PRIORITAS":"PRIORITAS 3","SURVEYOR":"afri","WAKTU":"2026-09-03T06:59:42.667Z","CARA_COCOK":"ID","JARAK_COCOK_M":0.0},"geometry":{"type":"Point","coordinates":[104.129453,1.044569]}},{"type":"Feature","id":"ANL-NGS-SHA-SIM-001-POV-02","properties":{"fid":357,"ID_POV":"ANL-NGS-SHA-SIM-001-POV-02","ID_TITIK":"ANL-NGS-SHA-SIM-001","UID":"UID-1686","ID_WEBGIS":"ANL-NGS-SHA-SIM-001","POV_KE":2,"LAT":1.04468,"LON":104.129292,"JARAK_M":25.3,"STATUS_POV":"ubah","JML_POV":3,"POV_MEAN":24.7,"POV_MEDIAN":25.3,"POV_MIN":15.4,"POV_MAKS":33.4,"TIPE":"Tidak Bersinyal","JENIS":"Persimpangan","NAMA_JALAN":"Jl. Sultan Hasanuddin","KELURAHAN":"KABIL","KECAMATAN":"NONGSA","PRIORITAS":"PRIORITAS 3","SURVEYOR":"afri","WAKTU":"2026-09-03T06:59:42.667Z","CARA_COCOK":"ID","JARAK_COCOK_M":0.0},"geometry":{"type":"Point","coordinates":[104.129292,1.04468]}},{"type":"Feature","id":"ANL-NGS-SHA-SIM-001-POV-03","properties":{"fid":358,"ID_POV":"ANL-NGS-SHA-SIM-001-POV-03","ID_TITIK":"ANL-NGS-SHA-SIM-001","UID":"UID-1686","ID_WEBGIS":"ANL-NGS-SHA-SIM-001","POV_KE":3,"LAT":1.044545,"LON":104.129652,"JARAK_M":33.4,"STATUS_POV":"baru","JML_POV":3,"POV_MEAN":24.7,"POV_MEDIAN":25.3,"POV_MIN":15.4,"POV_MAKS":33.4,"TIPE":"Tidak Bersinyal","JENIS":"Persimpangan","NAMA_JALAN":"Jl. Sultan Hasanuddin","KELURAHAN":"KABIL","KECAMATAN":"NONGSA","PRIORITAS":"PRIORITAS 3","SURVEYOR":"afri","WAKTU":"2026-09-03T06:59:42.667Z","CARA_COCOK":"ID","JARAK_COCOK_M":0.0},"geometry":{"type":"Point","coordinates":[104.129652,1.044545]}},{"type":"Feature","id":"ANL-NGS-SHA-SIM-002-POV-01","properties":{"fid":359,"ID_POV":"ANL-NGS-SHA-SIM-002-POV-01","ID_TITIK":"ANL-NGS-SHA-SIM-002","UID":"UID-1687","ID_WEBGIS":"ANL-NGS-SHA-SIM-002","POV_KE":1,"LAT":1.044498,"LON":104.129161,"JARAK_M":32.2,"STATUS_POV":"ubah","JML_POV":3,"POV_MEAN":22.3,"POV_MEDIAN":19.7,"POV_MIN":15.1,"POV_MAKS":32.2,"TIPE":"Tidak Bersinyal","JENIS":"Persimpangan","NAMA_JALAN":"Jl. Sultan Hasanuddin","KELURAHAN":"KABIL","KECAMATAN":"NONGSA","PRIORITAS":"PRIORITAS 3","SURVEYOR":"BUDI","WAKTU":"2026-09-02T04:55:27.285Z","CARA_COCOK":"ID","JARAK_COCOK_M":0.0},"geometry":{"type":"Point","coordinates":[104.129161,1.044498]}},{"type":"Feature","id":"ANL-NGS-SHA-SIM-002-POV-02","properties":{"fid":360,"ID_POV":"ANL-NGS-SHA-SIM-002-POV-02","ID_TITIK":"ANL-NGS-SHA-SIM-002","UID":"UID-1687","ID_WEBGIS":"ANL-NGS-SHA-SIM-002","POV_KE":2,"LAT":1.0447,"LON":104.12927,"JARAK_M":15.1,"STATUS_POV":"baru","JML_POV":3,"POV_MEAN":22.3,"POV_MEDIAN":19.7,"POV_MIN":15.1,"POV_MAKS":32.2,"TIPE":"Tidak Bersinyal","JENIS":"Persimpangan","NAMA_JALAN":"Jl. Sultan Hasanuddin","KELURAHAN":"KABIL","KECAMATAN":"NONGSA","PRIORITAS":"PRIORITAS 3","SURVEYOR":"BUDI","WAKTU":"2026-09-02T04:55:27.285Z","CARA_COCOK":"ID","JARAK_COCOK_M":0.0},"geometry":{"type":"Point","coordinates":[104.12927,1.0447]}},{"type":"Feature","id":"ANL-NGS-SHA-SIM-003-POV-01","properties":{"fid":361,"ID_POV":"ANL-NGS-SHA-SIM-003-POV-01","ID_TITIK":"ANL-NGS-SHA-SIM-003","UID":"UID-1688","ID_WEBGIS":"ANL-NGS-SHA-SIM-004","POV_KE":1,"LAT":1.056567,"LON":104.12606,"JARAK_M":65.0,"STATUS_POV":"ubah","JML_POV":4,"POV_MEAN":52.8,"POV_MEDIAN":54.0,"POV_MIN":22.5,"POV_MAKS":80.5,"TIPE":"Tidak Bersinyal","JENIS":"Persimpangan","NAMA_JALAN":"Jl. Kavling Tanjung Kasam","KELURAHAN":"KABIL","KECAMATAN":"NONGSA","PRIORITAS":"PRIORITAS 3","SURVEYOR":"BUDI","WAKTU":"2026-09-02T02:37:50.698Z","CARA_COCOK":"ID","JARAK_COCOK_M":0.0},"geometry":{"type":"Point","coordinates":[104.12606,1.056567]}},{"type":"Feature","id":"ANL-NGS-SHA-SIM-003-POV-02","properties":{"fid":362,"ID_POV":"ANL-NGS-SHA-SIM-003-POV-02","ID_TITIK":"ANL-NGS-SHA-SIM-003","UID":"UID-1688","ID_WEBGIS":"ANL-NGS-SHA-SIM-004","POV_KE":2,"LAT":1.057559,"LON":104.125666,"JARAK_M":80.5,"STATUS_POV":"asli","JML_POV":4,"POV_MEAN":52.8,"POV_MEDIAN":54.0,"POV_MIN":22.5,"POV_MAKS":80.5,"TIPE":"Tidak Bersinyal","JENIS":"Persimpangan","NAMA_JALAN":"Jl. Kavling Tanjung Kasam","KELURAHAN":"KABIL","KECAMATAN":"NONGSA","PRIORITAS":"PRIORITAS 3","SURVEYOR":"BUDI","WAKTU":"2026-09-02T02:37:50.698Z","CARA_COCOK":"ID","JARAK_COCOK_M":0.0},"geometry":{"type":"Point","coordinates":[104.125666,1.057559]}},{"type":"Feature","id":"ANL-NGS-SHA-SIM-003-POV-03","properties":{"fid":363,"ID_POV":"ANL-NGS-SHA-SIM-003-POV-03","ID_TITIK":"ANL-NGS-SHA-SIM-003","UID":"UID-1688","ID_WEBGIS":"ANL-NGS-SHA-SIM-004","POV_KE":3,"LAT":1.056654,"LON":104.125613,"JARAK_M":22.5,"STATUS_POV":"asli","JML_POV":4,"POV_MEAN":52.8,"POV_MEDIAN":54.0,"POV_MIN":22.5,"POV_MAKS":80.5,"TIPE":"Tidak Bersinyal","JENIS":"Persimpangan","NAMA_JALAN":"Jl. Kavling Tanjung Kasam","KELURAHAN":"KABIL","KECAMATAN":"NONGSA","PRIORITAS":"PRIORITAS 3","SURVEYOR":"BUDI","WAKTU":"2026-09-02T02:37:50.698Z","CARA_COCOK":"ID","JARAK_COCOK_M":0.0},"geometry":{"type":"Point","coordinates":[104.125613,1.056654]}},{"type":"Feature","id":"ANL-NGS-SHA-SIM-003-POV-04","properties":{"fid":364,"ID_POV":"ANL-NGS-SHA-SIM-003-POV-04","ID_TITIK":"ANL-NGS-SHA-SIM-003","UID":"UID-1688","ID_WEBGIS":"ANL-NGS-SHA-SIM-004","POV_KE":4,"LAT":1.057176,"LON":104.125746,"JARAK_M":43.0,"STATUS_POV":"ubah","JML_POV":4,"POV_MEAN":52.8,"POV_MEDIAN":54.0,"POV_MIN":22.5,"POV_MAKS":80.5,"TIPE":"Tidak Bersinyal","JENIS":"Persimpangan","NAMA_JALAN":"Jl. Kavling Tanjung Kasam","KELURAHAN":"KABIL","KECAMATAN":"NONGSA","PRIORITAS":"PRIORITAS 3","SURVEYOR":"BUDI","WAKTU":"2026-09-02T02:37:50.698Z","CARA_COCOK":"ID","JARAK_COCOK_M":0.0},"geometry":{"type":"Point","coordinates":[104.125746,1.057176]}},{"type":"Feature","id":"ANL-NGS-SHA-SIM-004-POV-01","properties":{"fid":365,"ID_POV":"ANL-NGS-SHA-SIM-004-POV-01","ID_TITIK":"ANL-NGS-SHA-SIM-004","UID":"UID-1689","ID_WEBGIS":"ANL-NGS-SHA-SIM-005","POV_KE":1,"LAT":1.069813,"LON":104.123602,"JARAK_M":33.5,"STATUS_POV":"ubah","JML_POV":3,"POV_MEAN":28.7,"POV_MEDIAN":33.5,"POV_MIN":12.3,"POV_MAKS":40.4,"TIPE":"Tidak Bersinyal","JENIS":"Persimpangan","NAMA_JALAN":"Jl. Sultan Hasanuddin","KELURAHAN":"KABIL","KECAMATAN":"NONGSA","PRIORITAS":"PRIORITAS 2","SURVEYOR":"BUDI","WAKTU":"2026-09-02T05:10:02.626Z","CARA_COCOK":"ID","JARAK_COCOK_M":0.0},"geometry":{"type":"Point","coordinates":[104.123602,1.069813]}},{"type":"Feature","id":"ANL-NGS-SHA-SIM-004-POV-02","properties":{"fid":366,"ID_POV":"ANL-NGS-SHA-SIM-004-POV-02","ID_TITIK":"ANL-NGS-SHA-SIM-004","UID":"UID-1689","ID_WEBGIS":"ANL-NGS-SHA-SIM-005","POV_KE":2,"LAT":1.069701,"LON":104.123323,"JARAK_M":12.3,"STATUS_POV":"ubah","JML_POV":3,"POV_MEAN":28.7,"POV_MEDIAN":33.5,"POV_MIN":12.3,"POV_MAKS":40.4,"TIPE":"Tidak Bersinyal","JENIS":"Persimpangan","NAMA_JALAN":"Jl. Sultan Hasanuddin","KELURAHAN":"KABIL","KECAMATAN":"NONGSA","PRIORITAS":"PRIORITAS 2","SURVEYOR":"BUDI","WAKTU":"2026-09-02T05:10:02.626Z","CARA_COCOK":"ID","JARAK_COCOK_M":0.0},"geometry":{"type":"Point","coordinates":[104.123323,1.069701]}},{"type":"Feature","id":"ANL-NGS-SHA-SIM-004-POV-03","properties":{"fid":367,"ID_POV":"ANL-NGS-SHA-SIM-004-POV-03","ID_TITIK":"ANL-NGS-SHA-SIM-004","UID":"UID-1689","ID_WEBGIS":"ANL-NGS-SHA-SIM-005","POV_KE":3,"LAT":1.069942,"LON":104.123523,"JARAK_M":40.4,"STATUS_POV":"ubah","JML_POV":3,"POV_MEAN":28.7,"POV_MEDIAN":33.5,"POV_MIN":12.3,"POV_MAKS":40.4,"TIPE":"Tidak Bersinyal","JENIS":"Persimpangan","NAMA_JALAN":"Jl. Sultan Hasanuddin","KELURAHAN":"KABIL","KECAMATAN":"NONGSA","PRIORITAS":"PRIORITAS 2","SURVEYOR":"BUDI","WAKTU":"2026-09-02T05:10:02.626Z","CARA_COCOK":"ID","JARAK_COCOK_M":0.0},"geometry":{"type":"Point","coordinates":[104.123523,1.069942]}},{"type":"Feature","id":"ANL-NGS-SHA-SIM-005-POV-01","properties":{"fid":368,"ID_POV":"ANL-NGS-SHA-SIM-005-POV-01","ID_TITIK":"ANL-NGS-SHA-SIM-005","UID":"UID-1690","ID_WEBGIS":"ANL-NGS-SHA-SIM-006","POV_KE":1,"LAT":1.069871,"LON":104.123615,"JARAK_M":25.2,"STATUS_POV":"asli","JML_POV":3,"POV_MEAN":30.2,"POV_MEDIAN":25.4,"POV_MIN":25.2,"POV_MAKS":39.9,"TIPE":"Tidak Bersinyal","JENIS":"Persimpangan","NAMA_JALAN":"Jl. Bumi Perkemahan","KELURAHAN":"KABIL","KECAMATAN":"NONGSA","PRIORITAS":"PRIORITAS 2","SURVEYOR":"afri","WAKTU":"2026-09-03T07:17:22.196Z","CARA_COCOK":"ID","JARAK_COCOK_M":0.0},"geometry":{"type":"Point","coordinates":[104.123615,1.069871]}},{"type":"Feature","id":"ANL-NGS-SHA-SIM-005-POV-02","properties":{"fid":369,"ID_POV":"ANL-NGS-SHA-SIM-005-POV-02","ID_TITIK":"ANL-NGS-SHA-SIM-005","UID":"UID-1690","ID_WEBGIS":"ANL-NGS-SHA-SIM-006","POV_KE":2,"LAT":1.069577,"LON":104.123448,"JARAK_M":25.4,"STATUS_POV":"ubah","JML_POV":3,"POV_MEAN":30.2,"POV_MEDIAN":25.4,"POV_MIN":25.2,"POV_MAKS":39.9,"TIPE":"Tidak Bersinyal","JENIS":"Persimpangan","NAMA_JALAN":"Jl. Bumi Perkemahan","KELURAHAN":"KABIL","KECAMATAN":"NONGSA","PRIORITAS":"PRIORITAS 2","SURVEYOR":"afri","WAKTU":"2026-09-03T07:17:22.196Z","CARA_COCOK":"ID","JARAK_COCOK_M":0.0},"geometry":{"type":"Point","coordinates":[104.123448,1.069577]}},{"type":"Feature","id":"ANL-NGS-SHA-SIM-005-POV-03","properties":{"fid":370,"ID_POV":"ANL-NGS-SHA-SIM-005-POV-03","ID_TITIK":"ANL-NGS-SHA-SIM-005","UID":"UID-1690","ID_WEBGIS":"ANL-NGS-SHA-SIM-006","POV_KE":3,"LAT":1.070076,"LON":104.12363,"JARAK_M":39.9,"STATUS_POV":"baru","JML_POV":3,"POV_MEAN":30.2,"POV_MEDIAN":25.4,"POV_MIN":25.2,"POV_MAKS":39.9,"TIPE":"Tidak Bersinyal","JENIS":"Persimpangan","NAMA_JALAN":"Jl. Bumi Perkemahan","KELURAHAN":"KABIL","KECAMATAN":"NONGSA","PRIORITAS":"PRIORITAS 2","SURVEYOR":"afri","WAKTU":"2026-09-03T07:17:22.196Z","CARA_COCOK":"ID","JARAK_COCOK_M":0.0},"geometry":{"type":"Point","coordinates":[104.12363,1.070076]}},{"type":"Feature","id":"ANL-NGS-SHA-SIM-006-POV-01","properties":{"fid":371,"ID_POV":"ANL-NGS-SHA-SIM-006-POV-01","ID_TITIK":"ANL-NGS-SHA-SIM-006","UID":"UID-1691","ID_WEBGIS":"ANL-NGS-SHA-SIM-007","POV_KE":1,"LAT":1.075331,"LON":104.122225,"JARAK_M":51.4,"STATUS_POV":"asli","JML_POV":3,"POV_MEAN":39.6,"POV_MEDIAN":36.4,"POV_MIN":31.0,"POV_MAKS":51.4,"TIPE":"Tidak Bersinyal","JENIS":"Persimpangan","NAMA_JALAN":"Jl. Sultan Hasanuddin","KELURAHAN":"KABIL","KECAMATAN":"NONGSA","PRIORITAS":"PRIORITAS 3","SURVEYOR":"BUDI","WAKTU":"2026-09-02T02:33:23.318Z","CARA_COCOK":"ID","JARAK_COCOK_M":0.0},"geometry":{"type":"Point","coordinates":[104.122225,1.075331]}},{"type":"Feature","id":"ANL-NGS-SHA-SIM-006-POV-02","properties":{"fid":372,"ID_POV":"ANL-NGS-SHA-SIM-006-POV-02","ID_TITIK":"ANL-NGS-SHA-SIM-006","UID":"UID-1691","ID_WEBGIS":"ANL-NGS-SHA-SIM-007","POV_KE":2,"LAT":1.075012,"LON":104.121898,"JARAK_M":36.4,"STATUS_POV":"ubah","JML_POV":3,"POV_MEAN":39.6,"POV_MEDIAN":36.4,"POV_MIN":31.0,"POV_MAKS":51.4,"TIPE":"Tidak Bersinyal","JENIS":"Persimpangan","NAMA_JALAN":"Jl. Sultan Hasanuddin","KELURAHAN":"KABIL","KECAMATAN":"NONGSA","PRIORITAS":"PRIORITAS 3","SURVEYOR":"BUDI","WAKTU":"2026-09-02T02:33:23.318Z","CARA_COCOK":"ID","JARAK_COCOK_M":0.0},"geometry":{"type":"Point","coordinates":[104.121898,1.075012]}},{"type":"Feature","id":"ANL-NGS-SHA-SIM-006-POV-03","properties":{"fid":373,"ID_POV":"ANL-NGS-SHA-SIM-006-POV-03","ID_TITIK":"ANL-NGS-SHA-SIM-006","UID":"UID-1691","ID_WEBGIS":"ANL-NGS-SHA-SIM-007","POV_KE":3,"LAT":1.075497,"LON":104.12197,"JARAK_M":31.0,"STATUS_POV":"ubah","JML_POV":3,"POV_MEAN":39.6,"POV_MEDIAN":36.4,"POV_MIN":31.0,"POV_MAKS":51.4,"TIPE":"Tidak Bersinyal","JENIS":"Persimpangan","NAMA_JALAN":"Jl. Sultan Hasanuddin","KELURAHAN":"KABIL","KECAMATAN":"NONGSA","PRIORITAS":"PRIORITAS 3","SURVEYOR":"BUDI","WAKTU":"2026-09-02T02:33:23.318Z","CARA_COCOK":"ID","JARAK_COCOK_M":0.0},"geometry":{"type":"Point","coordinates":[104.12197,1.075497]}},{"type":"Feature","id":"ANL-NGS-SHA-SIM-007-POV-01","properties":{"fid":374,"ID_POV":"ANL-NGS-SHA-SIM-007-POV-01","ID_TITIK":"ANL-NGS-SHA-SIM-007","UID":"UID-1692","ID_WEBGIS":"ANL-NGS-SHA-SIM-008","POV_KE":1,"LAT":1.075229,"LON":104.12184,"JARAK_M":34.7,"STATUS_POV":"ubah","JML_POV":3,"POV_MEAN":42.4,"POV_MEDIAN":34.7,"POV_MIN":22.3,"POV_MAKS":70.1,"TIPE":"Tidak Bersinyal","JENIS":"Persimpangan","NAMA_JALAN":"Jl. Sultan Hasanuddin","KELURAHAN":"KABIL","KECAMATAN":"NONGSA","PRIORITAS":"PRIORITAS 3","SURVEYOR":"afri","WAKTU":"2026-09-03T07:21:09.430Z","CARA_COCOK":"ID","JARAK_COCOK_M":0.0},"geometry":{"type":"Point","coordinates":[104.12184,1.075229]}},{"type":"Feature","id":"ANL-NGS-SHA-SIM-007-POV-02","properties":{"fid":375,"ID_POV":"ANL-NGS-SHA-SIM-007-POV-02","ID_TITIK":"ANL-NGS-SHA-SIM-007","UID":"UID-1692","ID_WEBGIS":"ANL-NGS-SHA-SIM-008","POV_KE":2,"LAT":1.075609,"LON":104.121938,"JARAK_M":22.3,"STATUS_POV":"ubah","JML_POV":3,"POV_MEAN":42.4,"POV_MEDIAN":34.7,"POV_MIN":22.3,"POV_MAKS":70.1,"TIPE":"Tidak Bersinyal","JENIS":"Persimpangan","NAMA_JALAN":"Jl. Sultan Hasanuddin","KELURAHAN":"KABIL","KECAMATAN":"NONGSA","PRIORITAS":"PRIORITAS 3","SURVEYOR":"afri","WAKTU":"2026-09-03T07:21:09.430Z","CARA_COCOK":"ID","JARAK_COCOK_M":0.0},"geometry":{"type":"Point","coordinates":[104.121938,1.075609]}},{"type":"Feature","id":"ANL-NGS-SHA-SIM-007-POV-03","properties":{"fid":376,"ID_POV":"ANL-NGS-SHA-SIM-007-POV-03","ID_TITIK":"ANL-NGS-SHA-SIM-007","UID":"UID-1692","ID_WEBGIS":"ANL-NGS-SHA-SIM-008","POV_KE":3,"LAT":1.074834,"LON":104.121927,"JARAK_M":70.1,"STATUS_POV":"baru","JML_POV":3,"POV_MEAN":42.4,"POV_MEDIAN":34.7,"POV_MIN":22.3,"POV_MAKS":70.1,"TIPE":"Tidak Bersinyal","JENIS":"Persimpangan","NAMA_JALAN":"Jl. Sultan Hasanuddin","KELURAHAN":"KABIL","KECAMATAN":"NONGSA","PRIORITAS":"PRIORITAS 3","SURVEYOR":"afri","WAKTU":"2026-09-03T07:21:09.430Z","CARA_COCOK":"ID","JARAK_COCOK_M":0.0},"geometry":{"type":"Point","coordinates":[104.121927,1.074834]}},{"type":"Feature","id":"ANL-NGS-SHA-SIM-008-POV-01","properties":{"fid":377,"ID_POV":"ANL-NGS-SHA-SIM-008-POV-01","ID_TITIK":"ANL-NGS-SHA-SIM-008","UID":"UID-1693","ID_WEBGIS":"ANL-NGS-SHA-SIM-011","POV_KE":1,"LAT":1.079388,"LON":104.122775,"JARAK_M":37.6,"STATUS_POV":"baru","JML_POV":3,"POV_MEAN":49.7,"POV_MEDIAN":54.6,"POV_MIN":37.6,"POV_MAKS":57.0,"TIPE":"Tidak Bersinyal","JENIS":"Persimpangan","NAMA_JALAN":"Jl. Patimura","KELURAHAN":"KABIL","KECAMATAN":"NONGSA","PRIORITAS":"PRIORITAS 3","SURVEYOR":"afri","WAKTU":"2026-09-03T07:24:02.864Z","CARA_COCOK":"ID","JARAK_COCOK_M":0.0},"geometry":{"type":"Point","coordinates":[104.122775,1.079388]}},{"type":"Feature","id":"ANL-NGS-SHA-SIM-008-POV-02","properties":{"fid":378,"ID_POV":"ANL-NGS-SHA-SIM-008-POV-02","ID_TITIK":"ANL-NGS-SHA-SIM-008","UID":"UID-1693","ID_WEBGIS":"ANL-NGS-SHA-SIM-011","POV_KE":2,"LAT":1.078723,"LON":104.122517,"JARAK_M":57.0,"STATUS_POV":"baru","JML_POV":3,"POV_MEAN":49.7,"POV_MEDIAN":54.6,"POV_MIN":37.6,"POV_MAKS":57.0,"TIPE":"Tidak Bersinyal","JENIS":"Persimpangan","NAMA_JALAN":"Jl. Patimura","KELURAHAN":"KABIL","KECAMATAN":"NONGSA","PRIORITAS":"PRIORITAS 3","SURVEYOR":"afri","WAKTU":"2026-09-03T07:24:02.864Z","CARA_COCOK":"ID","JARAK_COCOK_M":0.0},"geometry":{"type":"Point","coordinates":[104.122517,1.078723]}},{"type":"Feature","id":"ANL-NGS-SHA-SIM-008-POV-03","properties":{"fid":379,"ID_POV":"ANL-NGS-SHA-SIM-008-POV-03","ID_TITIK":"ANL-NGS-SHA-SIM-008","UID":"UID-1693","ID_WEBGIS":"ANL-NGS-SHA-SIM-011","POV_KE":3,"LAT":1.078655,"LON":104.122632,"JARAK_M":54.6,"STATUS_POV":"baru","JML_POV":3,"POV_MEAN":49.7,"POV_MEDIAN":54.6,"POV_MIN":37.6,"POV_MAKS":57.0,"TIPE":"Tidak Bersinyal","JENIS":"Persimpangan","NAMA_JALAN":"Jl. Patimura","KELURAHAN":"KABIL","KECAMATAN":"NONGSA","PRIORITAS":"PRIORITAS 3","SURVEYOR":"afri","WAKTU":"2026-09-03T07:24:02.864Z","CARA_COCOK":"ID","JARAK_COCOK_M":0.0},"geometry":{"type":"Point","coordinates":[104.122632,1.078655]}},{"type":"Feature","id":"ANL-NGS-SHA-SIM-009-POV-01","properties":{"fid":380,"ID_POV":"ANL-NGS-SHA-SIM-009-POV-01","ID_TITIK":"ANL-NGS-SHA-SIM-009","UID":"UID-1694","ID_WEBGIS":"ANL-NGS-SHA-SIM-012","POV_KE":1,"LAT":1.079144,"LON":104.122949,"JARAK_M":50.6,"STATUS_POV":"baru","JML_POV":3,"POV_MEAN":43.1,"POV_MEDIAN":50.6,"POV_MIN":28.0,"POV_MAKS":50.6,"TIPE":"Tidak Bersinyal","JENIS":"Persimpangan","NAMA_JALAN":"Jl. Patimura","KELURAHAN":"KABIL","KECAMATAN":"NONGSA","PRIORITAS":"PRIORITAS 3","SURVEYOR":"BUDI","WAKTU":"2026-09-02T04:23:24.220Z","CARA_COCOK":"ID","JARAK_COCOK_M":0.0},"geometry":{"type":"Point","coordinates":[104.122949,1.079144]}},{"type":"Feature","id":"ANL-NGS-SHA-SIM-009-POV-02","properties":{"fid":381,"ID_POV":"ANL-NGS-SHA-SIM-009-POV-02","ID_TITIK":"ANL-NGS-SHA-SIM-009","UID":"UID-1694","ID_WEBGIS":"ANL-NGS-SHA-SIM-012","POV_KE":2,"LAT":1.079273,"LON":104.122791,"JARAK_M":50.6,"STATUS_POV":"baru","JML_POV":3,"POV_MEAN":43.1,"POV_MEDIAN":50.6,"POV_MIN":28.0,"POV_MAKS":50.6,"TIPE":"Tidak Bersinyal","JENIS":"Persimpangan","NAMA_JALAN":"Jl. Patimura","KELURAHAN":"KABIL","KECAMATAN":"NONGSA","PRIORITAS":"PRIORITAS 3","SURVEYOR":"BUDI","WAKTU":"2026-09-02T04:23:24.220Z","CARA_COCOK":"ID","JARAK_COCOK_M":0.0},"geometry":{"type":"Point","coordinates":[104.122791,1.079273]}},{"type":"Feature","id":"ANL-NGS-SHA-SIM-009-POV-03","properties":{"fid":382,"ID_POV":"ANL-NGS-SHA-SIM-009-POV-03","ID_TITIK":"ANL-NGS-SHA-SIM-009","UID":"UID-1694","ID_WEBGIS":"ANL-NGS-SHA-SIM-012","POV_KE":3,"LAT":1.078622,"LON":104.122657,"JARAK_M":28.0,"STATUS_POV":"baru","JML_POV":3,"POV_MEAN":43.1,"POV_MEDIAN":50.6,"POV_MIN":28.0,"POV_MAKS":50.6,"TIPE":"Tidak Bersinyal","JENIS":"Persimpangan","NAMA_JALAN":"Jl. Patimura","KELURAHAN":"KABIL","KECAMATAN":"NONGSA","PRIORITAS":"PRIORITAS 3","SURVEYOR":"BUDI","WAKTU":"2026-09-02T04:23:24.220Z","CARA_COCOK":"ID","JARAK_COCOK_M":0.0},"geometry":{"type":"Point","coordinates":[104.122657,1.078622]}},{"type":"Feature","id":"ANL-NGS-SHA-SIM-010-POV-01","properties":{"fid":383,"ID_POV":"ANL-NGS-SHA-SIM-010-POV-01","ID_TITIK":"ANL-NGS-SHA-SIM-010","UID":"UID-1695","ID_WEBGIS":"ANL-NGS-SHA-SIM-015","POV_KE":1,"LAT":1.087286,"LON":104.11523,"JARAK_M":27.4,"STATUS_POV":"ubah","JML_POV":3,"POV_MEAN":56.2,"POV_MEDIAN":41.3,"POV_MIN":27.4,"POV_MAKS":100.0,"TIPE":"Tidak Bersinyal","JENIS":"Persimpangan","NAMA_JALAN":"Jl. Sultan Hasanuddin","KELURAHAN":"BATU BESAR","KECAMATAN":"NONGSA","PRIORITAS":"PRIORITAS 3","SURVEYOR":"BUDI","WAKTU":"2026-09-02T02:45:22.830Z","CARA_COCOK":"ID","JARAK_COCOK_M":0.0},"geometry":{"type":"Point","coordinates":[104.11523,1.087286]}},{"type":"Feature","id":"ANL-NGS-SHA-SIM-010-POV-02","properties":{"fid":384,"ID_POV":"ANL-NGS-SHA-SIM-010-POV-02","ID_TITIK":"ANL-NGS-SHA-SIM-010","UID":"UID-1695","ID_WEBGIS":"ANL-NGS-SHA-SIM-015","POV_KE":2,"LAT":1.087265,"LON":104.115846,"JARAK_M":41.3,"STATUS_POV":"ubah","JML_POV":3,"POV_MEAN":56.2,"POV_MEDIAN":41.3,"POV_MIN":27.4,"POV_MAKS":100.0,"TIPE":"Tidak Bersinyal","JENIS":"Persimpangan","NAMA_JALAN":"Jl. Sultan Hasanuddin","KELURAHAN":"BATU BESAR","KECAMATAN":"NONGSA","PRIORITAS":"PRIORITAS 3","SURVEYOR":"BUDI","WAKTU":"2026-09-02T02:45:22.830Z","CARA_COCOK":"ID","JARAK_COCOK_M":0.0},"geometry":{"type":"Point","coordinates":[104.115846,1.087265]}},{"type":"Feature","id":"ANL-NGS-SHA-SIM-010-POV-03","properties":{"fid":385,"ID_POV":"ANL-NGS-SHA-SIM-010-POV-03","ID_TITIK":"ANL-NGS-SHA-SIM-010","UID":"UID-1695","ID_WEBGIS":"ANL-NGS-SHA-SIM-015","POV_KE":3,"LAT":1.086436,"LON":104.115736,"JARAK_M":100.0,"STATUS_POV":"ubah","JML_POV":3,"POV_MEAN":56.2,"POV_MEDIAN":41.3,"POV_MIN":27.4,"POV_MAKS":100.0,"TIPE":"Tidak Bersinyal","JENIS":"Persimpangan","NAMA_JALAN":"Jl. Sultan Hasanuddin","KELURAHAN":"BATU BESAR","KECAMATAN":"NONGSA","PRIORITAS":"PRIORITAS 3","SURVEYOR":"BUDI","WAKTU":"2026-09-02T02:45:22.830Z","CARA_COCOK":"ID","JARAK_COCOK_M":0.0},"geometry":{"type":"Point","coordinates":[104.115736,1.086436]}},{"type":"Feature","id":"ANL-NGS-SHA-SIM-011-POV-01","properties":{"fid":386,"ID_POV":"ANL-NGS-SHA-SIM-011-POV-01","ID_TITIK":"ANL-NGS-SHA-SIM-011","UID":"UID-1696","ID_WEBGIS":"ANL-NGS-SHA-SIM-016","POV_KE":1,"LAT":1.086873,"LON":104.115428,"JARAK_M":49.6,"STATUS_POV":"ubah","JML_POV":3,"POV_MEAN":52.4,"POV_MEDIAN":49.6,"POV_MIN":33.5,"POV_MAKS":74.2,"TIPE":"Tidak Bersinyal","JENIS":"Persimpangan","NAMA_JALAN":"Jl. Sultan Hasanuddin","KELURAHAN":"KABIL","KECAMATAN":"NONGSA","PRIORITAS":"PRIORITAS 3","SURVEYOR":"afri","WAKTU":"2026-09-03T07:34:05.881Z","CARA_COCOK":"ID","JARAK_COCOK_M":0.0},"geometry":{"type":"Point","coordinates":[104.115428,1.086873]}},{"type":"Feature","id":"ANL-NGS-SHA-SIM-011-POV-02","properties":{"fid":387,"ID_POV":"ANL-NGS-SHA-SIM-011-POV-02","ID_TITIK":"ANL-NGS-SHA-SIM-011","UID":"UID-1696","ID_WEBGIS":"ANL-NGS-SHA-SIM-016","POV_KE":2,"LAT":1.086342,"LON":104.115852,"JARAK_M":33.5,"STATUS_POV":"ubah","JML_POV":3,"POV_MEAN":52.4,"POV_MEDIAN":49.6,"POV_MIN":33.5,"POV_MAKS":74.2,"TIPE":"Tidak Bersinyal","JENIS":"Persimpangan","NAMA_JALAN":"Jl. Sultan Hasanuddin","KELURAHAN":"KABIL","KECAMATAN":"NONGSA","PRIORITAS":"PRIORITAS 3","SURVEYOR":"afri","WAKTU":"2026-09-03T07:34:05.881Z","CARA_COCOK":"ID","JARAK_COCOK_M":0.0},"geometry":{"type":"Point","coordinates":[104.115852,1.086342]}},{"type":"Feature","id":"ANL-NGS-SHA-SIM-011-POV-03","properties":{"fid":388,"ID_POV":"ANL-NGS-SHA-SIM-011-POV-03","ID_TITIK":"ANL-NGS-SHA-SIM-011","UID":"UID-1696","ID_WEBGIS":"ANL-NGS-SHA-SIM-016","POV_KE":3,"LAT":1.086946,"LON":104.116018,"JARAK_M":74.2,"STATUS_POV":"ubah","JML_POV":3,"POV_MEAN":52.4,"POV_MEDIAN":49.6,"POV_MIN":33.5,"POV_MAKS":74.2,"TIPE":"Tidak Bersinyal","JENIS":"Persimpangan","NAMA_JALAN":"Jl. Sultan Hasanuddin","KELURAHAN":"KABIL","KECAMATAN":"NONGSA","PRIORITAS":"PRIORITAS 3","SURVEYOR":"afri","WAKTU":"2026-09-03T07:34:05.881Z","CARA_COCOK":"ID","JARAK_COCOK_M":0.0},"geometry":{"type":"Point","coordinates":[104.116018,1.086946]}},{"type":"Feature","id":"ANL-NGS-SHA-SIM-012-POV-01","properties":{"fid":389,"ID_POV":"ANL-NGS-SHA-SIM-012-POV-01","ID_TITIK":"ANL-NGS-SHA-SIM-012","UID":"UID-1697","ID_WEBGIS":"ANL-NGS-SHA-SIM-017","POV_KE":1,"LAT":1.101177,"LON":104.095153,"JARAK_M":33.8,"STATUS_POV":"ubah","JML_POV":3,"POV_MEAN":48.8,"POV_MEDIAN":33.8,"POV_MIN":30.2,"POV_MAKS":82.3,"TIPE":"Tidak Bersinyal","JENIS":"Persimpangan","NAMA_JALAN":"Jl. Sultan Hasanuddin","KELURAHAN":"BATU BESAR","KECAMATAN":"NONGSA","PRIORITAS":"PRIORITAS 3","SURVEYOR":"afri","WAKTU":"2026-09-03T07:35:51.525Z","CARA_COCOK":"ID","JARAK_COCOK_M":0.0},"geometry":{"type":"Point","coordinates":[104.095153,1.101177]}},{"type":"Feature","id":"ANL-NGS-SHA-SIM-012-POV-02","properties":{"fid":390,"ID_POV":"ANL-NGS-SHA-SIM-012-POV-02","ID_TITIK":"ANL-NGS-SHA-SIM-012","UID":"UID-1697","ID_WEBGIS":"ANL-NGS-SHA-SIM-017","POV_KE":2,"LAT":1.101224,"LON":104.095282,"JARAK_M":30.2,"STATUS_POV":"asli","JML_POV":3,"POV_MEAN":48.8,"POV_MEDIAN":33.8,"POV_MIN":30.2,"POV_MAKS":82.3,"TIPE":"Tidak Bersinyal","JENIS":"Persimpangan","NAMA_JALAN":"Jl. Sultan Hasanuddin","KELURAHAN":"BATU BESAR","KECAMATAN":"NONGSA","PRIORITAS":"PRIORITAS 3","SURVEYOR":"afri","WAKTU":"2026-09-03T07:35:51.525Z","CARA_COCOK":"ID","JARAK_COCOK_M":0.0},"geometry":{"type":"Point","coordinates":[104.095282,1.101224]}},{"type":"Feature","id":"ANL-NGS-SHA-SIM-012-POV-03","properties":{"fid":391,"ID_POV":"ANL-NGS-SHA-SIM-012-POV-03","ID_TITIK":"ANL-NGS-SHA-SIM-012","UID":"UID-1697","ID_WEBGIS":"ANL-NGS-SHA-SIM-017","POV_KE":3,"LAT":1.101045,"LON":104.094638,"JARAK_M":82.3,"STATUS_POV":"baru","JML_POV":3,"POV_MEAN":48.8,"POV_MEDIAN":33.8,"POV_MIN":30.2,"POV_MAKS":82.3,"TIPE":"Tidak Bersinyal","JENIS":"Persimpangan","NAMA_JALAN":"Jl. Sultan Hasanuddin","KELURAHAN":"BATU BESAR","KECAMATAN":"NONGSA","PRIORITAS":"PRIORITAS 3","SURVEYOR":"afri","WAKTU":"2026-09-03T07:35:51.525Z","CARA_COCOK":"ID","JARAK_COCOK_M":0.0},"geometry":{"type":"Point","coordinates":[104.094638,1.101045]}},{"type":"Feature","id":"ANL-NGS-TSU-SIM-001-POV-01","properties":{"fid":392,"ID_POV":"ANL-NGS-TSU-SIM-001-POV-01","ID_TITIK":"ANL-NGS-TSU-SIM-001","UID":"UID-1723","ID_WEBGIS":"ANL-NGS-TSU-SIM-030","POV_KE":1,"LAT":1.162089,"LON":104.094684,"JARAK_M":32.1,"STATUS_POV":"ubah","JML_POV":4,"POV_MEAN":36.1,"POV_MEDIAN":37.1,"POV_MIN":22.1,"POV_MAKS":48.3,"TIPE":"Tidak Bersinyal","JENIS":"Persimpangan","NAMA_JALAN":"Jl. Tengku Sulung","KELURAHAN":"SAMBAU","KECAMATAN":"NONGSA","PRIORITAS":"PRIORITAS 3","SURVEYOR":"BUDI","WAKTU":"2026-09-03T22:47:46.502Z","CARA_COCOK":"ID","JARAK_COCOK_M":0.0},"geometry":{"type":"Point","coordinates":[104.094684,1.162089]}},{"type":"Feature","id":"ANL-NGS-TSU-SIM-001-POV-02","properties":{"fid":393,"ID_POV":"ANL-NGS-TSU-SIM-001-POV-02","ID_TITIK":"ANL-NGS-TSU-SIM-001","UID":"UID-1723","ID_WEBGIS":"ANL-NGS-TSU-SIM-030","POV_KE":2,"LAT":1.161945,"LON":104.094379,"JARAK_M":22.1,"STATUS_POV":"asli","JML_POV":4,"POV_MEAN":36.1,"POV_MEDIAN":37.1,"POV_MIN":22.1,"POV_MAKS":48.3,"TIPE":"Tidak Bersinyal","JENIS":"Persimpangan","NAMA_JALAN":"Jl. Tengku Sulung","KELURAHAN":"SAMBAU","KECAMATAN":"NONGSA","PRIORITAS":"PRIORITAS 3","SURVEYOR":"BUDI","WAKTU":"2026-09-03T22:47:46.502Z","CARA_COCOK":"ID","JARAK_COCOK_M":0.0},"geometry":{"type":"Point","coordinates":[104.094379,1.161945]}},{"type":"Feature","id":"ANL-NGS-TSU-SIM-001-POV-03","properties":{"fid":394,"ID_POV":"ANL-NGS-TSU-SIM-001-POV-03","ID_TITIK":"ANL-NGS-TSU-SIM-001","UID":"UID-1723","ID_WEBGIS":"ANL-NGS-TSU-SIM-030","POV_KE":3,"LAT":1.16204,"LON":104.094036,"JARAK_M":42.1,"STATUS_POV":"asli","JML_POV":4,"POV_MEAN":36.1,"POV_MEDIAN":37.1,"POV_MIN":22.1,"POV_MAKS":48.3,"TIPE":"Tidak Bersinyal","JENIS":"Persimpangan","NAMA_JALAN":"Jl. Tengku Sulung","KELURAHAN":"SAMBAU","KECAMATAN":"NONGSA","PRIORITAS":"PRIORITAS 3","SURVEYOR":"BUDI","WAKTU":"2026-09-03T22:47:46.502Z","CARA_COCOK":"ID","JARAK_COCOK_M":0.0},"geometry":{"type":"Point","coordinates":[104.094036,1.16204]}},{"type":"Feature","id":"ANL-NGS-TSU-SIM-001-POV-04","properties":{"fid":395,"ID_POV":"ANL-NGS-TSU-SIM-001-POV-04","ID_TITIK":"ANL-NGS-TSU-SIM-001","UID":"UID-1723","ID_WEBGIS":"ANL-NGS-TSU-SIM-030","POV_KE":4,"LAT":1.161888,"LON":104.094048,"JARAK_M":48.3,"STATUS_POV":"ubah","JML_POV":4,"POV_MEAN":36.1,"POV_MEDIAN":37.1,"POV_MIN":22.1,"POV_MAKS":48.3,"TIPE":"Tidak Bersinyal","JENIS":"Persimpangan","NAMA_JALAN":"Jl. Tengku Sulung","KELURAHAN":"SAMBAU","KECAMATAN":"NONGSA","PRIORITAS":"PRIORITAS 3","SURVEYOR":"BUDI","WAKTU":"2026-09-03T22:47:46.502Z","CARA_COCOK":"ID","JARAK_COCOK_M":0.0},"geometry":{"type":"Point","coordinates":[104.094048,1.161888]}},{"type":"Feature","id":"ANL-NGS-TSU-SIM-002-POV-01","properties":{"fid":396,"ID_POV":"ANL-NGS-TSU-SIM-002-POV-01","ID_TITIK":"ANL-NGS-TSU-SIM-002","UID":"UID-1724","ID_WEBGIS":"ANL-NGS-TSU-SIM-031","POV_KE":1,"LAT":1.162103,"LON":104.094575,"JARAK_M":34.4,"STATUS_POV":"ubah","JML_POV":3,"POV_MEAN":21.1,"POV_MEDIAN":18.2,"POV_MIN":10.8,"POV_MAKS":34.4,"TIPE":"Tidak Bersinyal","JENIS":"Persimpangan","NAMA_JALAN":"Jl. Tengku Sulung","KELURAHAN":"SAMBAU","KECAMATAN":"NONGSA","PRIORITAS":"PRIORITAS 3","SURVEYOR":"BUDI","WAKTU":"2026-09-02T03:17:48.126Z","CARA_COCOK":"ID","JARAK_COCOK_M":0.0},"geometry":{"type":"Point","coordinates":[104.094575,1.162103]}},{"type":"Feature","id":"ANL-NGS-TSU-SIM-002-POV-02","properties":{"fid":397,"ID_POV":"ANL-NGS-TSU-SIM-002-POV-02","ID_TITIK":"ANL-NGS-TSU-SIM-002","UID":"UID-1724","ID_WEBGIS":"ANL-NGS-TSU-SIM-031","POV_KE":2,"LAT":1.161986,"LON":104.094386,"JARAK_M":10.8,"STATUS_POV":"ubah","JML_POV":3,"POV_MEAN":21.1,"POV_MEDIAN":18.2,"POV_MIN":10.8,"POV_MAKS":34.4,"TIPE":"Tidak Bersinyal","JENIS":"Persimpangan","NAMA_JALAN":"Jl. Tengku Sulung","KELURAHAN":"SAMBAU","KECAMATAN":"NONGSA","PRIORITAS":"PRIORITAS 3","SURVEYOR":"BUDI","WAKTU":"2026-09-02T03:17:48.126Z","CARA_COCOK":"ID","JARAK_COCOK_M":0.0},"geometry":{"type":"Point","coordinates":[104.094386,1.161986]}},{"type":"Feature","id":"ANL-NGS-TSU-SIM-002-POV-03","properties":{"fid":398,"ID_POV":"ANL-NGS-TSU-SIM-002-POV-03","ID_TITIK":"ANL-NGS-TSU-SIM-002","UID":"UID-1724","ID_WEBGIS":"ANL-NGS-TSU-SIM-031","POV_KE":3,"LAT":1.162057,"LON":104.094142,"JARAK_M":18.2,"STATUS_POV":"ubah","JML_POV":3,"POV_MEAN":21.1,"POV_MEDIAN":18.2,"POV_MIN":10.8,"POV_MAKS":34.4,"TIPE":"Tidak Bersinyal","JENIS":"Persimpangan","NAMA_JALAN":"Jl. Tengku Sulung","KELURAHAN":"SAMBAU","KECAMATAN":"NONGSA","PRIORITAS":"PRIORITAS 3","SURVEYOR":"BUDI","WAKTU":"2026-09-02T03:17:48.126Z","CARA_COCOK":"ID","JARAK_COCOK_M":0.0},"geometry":{"type":"Point","coordinates":[104.094142,1.162057]}},{"type":"Feature","id":"ANL-SAG-BKA-SIM-001-POV-01","properties":{"fid":399,"ID_POV":"ANL-SAG-BKA-SIM-001-POV-01","ID_TITIK":"ANL-SAG-BKA-SIM-001","UID":"UID-1778","ID_WEBGIS":"ANL-SAG-BKA-SIM-001","POV_KE":1,"LAT":1.04687,"LON":103.938284,"JARAK_M":42.7,"STATUS_POV":"ubah","JML_POV":3,"POV_MEAN":35.6,"POV_MEDIAN":42.7,"POV_MIN":15.4,"POV_MAKS":48.7,"TIPE":"Tidak Bersinyal","JENIS":"Persimpangan","NAMA_JALAN":"Jl. Brigjen Katamso","KELURAHAN":"SEI BINTI","KECAMATAN":"SAGULUNG","PRIORITAS":"PRIORITAS 3","SURVEYOR":"BUDI","WAKTU":"2026-09-02T03:31:43.680Z","CARA_COCOK":"ID","JARAK_COCOK_M":0.0},"geometry":{"type":"Point","coordinates":[103.938284,1.04687]}},{"type":"Feature","id":"ANL-SAG-BKA-SIM-001-POV-02","properties":{"fid":400,"ID_POV":"ANL-SAG-BKA-SIM-001-POV-02","ID_TITIK":"ANL-SAG-BKA-SIM-001","UID":"UID-1778","ID_WEBGIS":"ANL-SAG-BKA-SIM-001","POV_KE":2,"LAT":1.046363,"LON":103.938392,"JARAK_M":15.4,"STATUS_POV":"ubah","JML_POV":3,"POV_MEAN":35.6,"POV_MEDIAN":42.7,"POV_MIN":15.4,"POV_MAKS":48.7,"TIPE":"Tidak Bersinyal","JENIS":"Persimpangan","NAMA_JALAN":"Jl. Brigjen Katamso","KELURAHAN":"SEI BINTI","KECAMATAN":"SAGULUNG","PRIORITAS":"PRIORITAS 3","SURVEYOR":"BUDI","WAKTU":"2026-09-02T03:31:43.680Z","CARA_COCOK":"ID","JARAK_COCOK_M":0.0},"geometry":{"type":"Point","coordinates":[103.938392,1.046363]}},{"type":"Feature","id":"ANL-SAG-BKA-SIM-001-POV-03","properties":{"fid":401,"ID_POV":"ANL-SAG-BKA-SIM-001-POV-03","ID_TITIK":"ANL-SAG-BKA-SIM-001","UID":"UID-1778","ID_WEBGIS":"ANL-SAG-BKA-SIM-001","POV_KE":3,"LAT":1.046491,"LON":103.938775,"JARAK_M":48.7,"STATUS_POV":"ubah","JML_POV":3,"POV_MEAN":35.6,"POV_MEDIAN":42.7,"POV_MIN":15.4,"POV_MAKS":48.7,"TIPE":"Tidak Bersinyal","JENIS":"Persimpangan","NAMA_JALAN":"Jl. Brigjen Katamso","KELURAHAN":"SEI BINTI","KECAMATAN":"SAGULUNG","PRIORITAS":"PRIORITAS 3","SURVEYOR":"BUDI","WAKTU":"2026-09-02T03:31:43.680Z","CARA_COCOK":"ID","JARAK_COCOK_M":0.0},"geometry":{"type":"Point","coordinates":[103.938775,1.046491]}},{"type":"Feature","id":"ANL-BAJ-BKA-SIM-010-POV-01","properties":{"fid":402,"ID_POV":"ANL-BAJ-BKA-SIM-010-POV-01","ID_TITIK":"ANL-BAJ-BKA-SIM-010","UID":"UID-1779","ID_WEBGIS":"ANL-SAG-BKA-SIM-002","POV_KE":1,"LAT":1.046487,"LON":103.938845,"JARAK_M":43.2,"STATUS_POV":"asli","JML_POV":3,"POV_MEAN":47.1,"POV_MEDIAN":43.2,"POV_MIN":39.3,"POV_MAKS":58.8,"TIPE":"Tidak Bersinyal","JENIS":"Persimpangan","NAMA_JALAN":"Jl. Brigjen Katamso","KELURAHAN":"SEI BINTI","KECAMATAN":"SAGULUNG","PRIORITAS":"PRIORITAS 3","SURVEYOR":"BUDI","WAKTU":"2026-09-02T03:09:41.672Z","CARA_COCOK":"ID","JARAK_COCOK_M":0.0},"geometry":{"type":"Point","coordinates":[103.938845,1.046487]}},{"type":"Feature","id":"ANL-BAJ-BKA-SIM-010-POV-02","properties":{"fid":403,"ID_POV":"ANL-BAJ-BKA-SIM-010-POV-02","ID_TITIK":"ANL-BAJ-BKA-SIM-010","UID":"UID-1779","ID_WEBGIS":"ANL-SAG-BKA-SIM-002","POV_KE":2,"LAT":1.046357,"LON":103.938389,"JARAK_M":58.8,"STATUS_POV":"ubah","JML_POV":3,"POV_MEAN":47.1,"POV_MEDIAN":43.2,"POV_MIN":39.3,"POV_MAKS":58.8,"TIPE":"Tidak Bersinyal","JENIS":"Persimpangan","NAMA_JALAN":"Jl. Brigjen Katamso","KELURAHAN":"SEI BINTI","KECAMATAN":"SAGULUNG","PRIORITAS":"PRIORITAS 3","SURVEYOR":"BUDI","WAKTU":"2026-09-02T03:09:41.672Z","CARA_COCOK":"ID","JARAK_COCOK_M":0.0},"geometry":{"type":"Point","coordinates":[103.938389,1.046357]}},{"type":"Feature","id":"ANL-BAJ-BKA-SIM-010-POV-03","properties":{"fid":404,"ID_POV":"ANL-BAJ-BKA-SIM-010-POV-03","ID_TITIK":"ANL-BAJ-BKA-SIM-010","UID":"UID-1779","ID_WEBGIS":"ANL-SAG-BKA-SIM-002","POV_KE":3,"LAT":1.046845,"LON":103.938292,"JARAK_M":39.3,"STATUS_POV":"ubah","JML_POV":3,"POV_MEAN":47.1,"POV_MEDIAN":43.2,"POV_MIN":39.3,"POV_MAKS":58.8,"TIPE":"Tidak Bersinyal","JENIS":"Persimpangan","NAMA_JALAN":"Jl. Brigjen Katamso","KELURAHAN":"SEI BINTI","KECAMATAN":"SAGULUNG","PRIORITAS":"PRIORITAS 3","SURVEYOR":"BUDI","WAKTU":"2026-09-02T03:09:41.672Z","CARA_COCOK":"ID","JARAK_COCOK_M":0.0},"geometry":{"type":"Point","coordinates":[103.938292,1.046845]}},{"type":"Feature","id":"ANL-BAJ-JAY-SIM-019-POV-01","properties":{"fid":405,"ID_POV":"ANL-BAJ-JAY-SIM-019-POV-01","ID_TITIK":"ANL-BAJ-JAY-SIM-019","UID":"UID-1842","ID_WEBGIS":"ANL-SAG-JAY-SIM-003","POV_KE":1,"LAT":1.046135,"LON":103.957758,"JARAK_M":38.0,"STATUS_POV":"ubah","JML_POV":3,"POV_MEAN":28.7,"POV_MEDIAN":32.3,"POV_MIN":15.8,"POV_MAKS":38.0,"TIPE":"Tidak Bersinyal","JENIS":"Persimpangan","NAMA_JALAN":"Jl. Jend. Ahmad Yani","KELURAHAN":"BUKIT TEMPAYAN","KECAMATAN":"BATU AJI","PRIORITAS":"PRIORITAS 1","SURVEYOR":"wahyu","WAKTU":"2026-09-02T04:32:20.942Z","CARA_COCOK":"ID","JARAK_COCOK_M":0.0},"geometry":{"type":"Point","coordinates":[103.957758,1.046135]}},{"type":"Feature","id":"ANL-BAJ-JAY-SIM-019-POV-02","properties":{"fid":406,"ID_POV":"ANL-BAJ-JAY-SIM-019-POV-02","ID_TITIK":"ANL-BAJ-JAY-SIM-019","UID":"UID-1842","ID_WEBGIS":"ANL-SAG-JAY-SIM-003","POV_KE":2,"LAT":1.046446,"LON":103.957663,"JARAK_M":15.8,"STATUS_POV":"ubah","JML_POV":3,"POV_MEAN":28.7,"POV_MEDIAN":32.3,"POV_MIN":15.8,"POV_MAKS":38.0,"TIPE":"Tidak Bersinyal","JENIS":"Persimpangan","NAMA_JALAN":"Jl. Jend. Ahmad Yani","KELURAHAN":"BUKIT TEMPAYAN","KECAMATAN":"BATU AJI","PRIORITAS":"PRIORITAS 1","SURVEYOR":"wahyu","WAKTU":"2026-09-02T04:32:20.942Z","CARA_COCOK":"ID","JARAK_COCOK_M":0.0},"geometry":{"type":"Point","coordinates":[103.957663,1.046446]}},{"type":"Feature","id":"ANL-BAJ-JAY-SIM-019-POV-03","properties":{"fid":407,"ID_POV":"ANL-BAJ-JAY-SIM-019-POV-03","ID_TITIK":"ANL-BAJ-JAY-SIM-019","UID":"UID-1842","ID_WEBGIS":"ANL-SAG-JAY-SIM-003","POV_KE":3,"LAT":1.046241,"LON":103.957976,"JARAK_M":32.3,"STATUS_POV":"baru","JML_POV":3,"POV_MEAN":28.7,"POV_MEDIAN":32.3,"POV_MIN":15.8,"POV_MAKS":38.0,"TIPE":"Tidak Bersinyal","JENIS":"Persimpangan","NAMA_JALAN":"Jl. Jend. Ahmad Yani","KELURAHAN":"BUKIT TEMPAYAN","KECAMATAN":"BATU AJI","PRIORITAS":"PRIORITAS 1","SURVEYOR":"wahyu","WAKTU":"2026-09-02T04:32:20.942Z","CARA_COCOK":"ID","JARAK_COCOK_M":0.0},"geometry":{"type":"Point","coordinates":[103.957976,1.046241]}},{"type":"Feature","id":"ANL-SAG-JAY-SIM-001-POV-01","properties":{"fid":408,"ID_POV":"ANL-SAG-JAY-SIM-001-POV-01","ID_TITIK":"ANL-SAG-JAY-SIM-001","UID":"UID-1843","ID_WEBGIS":"ANL-SAG-JAY-SIM-004","POV_KE":1,"LAT":1.046121,"LON":103.95777,"JARAK_M":11.4,"STATUS_POV":"ubah","JML_POV":3,"POV_MEAN":28.6,"POV_MEDIAN":36.1,"POV_MIN":11.4,"POV_MAKS":38.2,"TIPE":"Tidak Bersinyal","JENIS":"Persimpangan","NAMA_JALAN":"Jl. Jend. Ahmad Yani","KELURAHAN":"SAGULUNG KOTA","KECAMATAN":"SAGULUNG","PRIORITAS":"PRIORITAS 1","SURVEYOR":"afri","WAKTU":"2026-09-03T07:55:17.536Z","CARA_COCOK":"ID","JARAK_COCOK_M":0.0},"geometry":{"type":"Point","coordinates":[103.95777,1.046121]}},{"type":"Feature","id":"ANL-SAG-JAY-SIM-001-POV-02","properties":{"fid":409,"ID_POV":"ANL-SAG-JAY-SIM-001-POV-02","ID_TITIK":"ANL-SAG-JAY-SIM-001","UID":"UID-1843","ID_WEBGIS":"ANL-SAG-JAY-SIM-004","POV_KE":2,"LAT":1.046226,"LON":103.95802,"JARAK_M":38.2,"STATUS_POV":"ubah","JML_POV":3,"POV_MEAN":28.6,"POV_MEDIAN":36.1,"POV_MIN":11.4,"POV_MAKS":38.2,"TIPE":"Tidak Bersinyal","JENIS":"Persimpangan","NAMA_JALAN":"Jl. Jend. Ahmad Yani","KELURAHAN":"SAGULUNG KOTA","KECAMATAN":"SAGULUNG","PRIORITAS":"PRIORITAS 1","SURVEYOR":"afri","WAKTU":"2026-09-03T07:55:17.536Z","CARA_COCOK":"ID","JARAK_COCOK_M":0.0},"geometry":{"type":"Point","coordinates":[103.95802,1.046226]}},{"type":"Feature","id":"ANL-SAG-JAY-SIM-001-POV-03","properties":{"fid":410,"ID_POV":"ANL-SAG-JAY-SIM-001-POV-03","ID_TITIK":"ANL-SAG-JAY-SIM-001","UID":"UID-1843","ID_WEBGIS":"ANL-SAG-JAY-SIM-004","POV_KE":3,"LAT":1.046445,"LON":103.957505,"JARAK_M":36.1,"STATUS_POV":"baru","JML_POV":3,"POV_MEAN":28.6,"POV_MEDIAN":36.1,"POV_MIN":11.4,"POV_MAKS":38.2,"TIPE":"Tidak Bersinyal","JENIS":"Persimpangan","NAMA_JALAN":"Jl. Jend. Ahmad Yani","KELURAHAN":"SAGULUNG KOTA","KECAMATAN":"SAGULUNG","PRIORITAS":"PRIORITAS 1","SURVEYOR":"afri","WAKTU":"2026-09-03T07:55:17.536Z","CARA_COCOK":"ID","JARAK_COCOK_M":0.0},"geometry":{"type":"Point","coordinates":[103.957505,1.046445]}},{"type":"Feature","id":"ANL-SAG-JAY-SIM-002-POV-01","properties":{"fid":411,"ID_POV":"ANL-SAG-JAY-SIM-002-POV-01","ID_TITIK":"ANL-SAG-JAY-SIM-002","UID":"UID-1844","ID_WEBGIS":"ANL-SAG-JAY-SIM-005","POV_KE":1,"LAT":1.043579,"LON":103.980843,"JARAK_M":36.3,"STATUS_POV":"ubah","JML_POV":3,"POV_MEAN":38.3,"POV_MEDIAN":37.6,"POV_MIN":36.3,"POV_MAKS":41.1,"TIPE":"Bersinyal (ATCS)","JENIS":"Persimpangan","NAMA_JALAN":"Jl. Jend. Ahmad Yani","KELURAHAN":"TEMBESI","KECAMATAN":"SAGULUNG","PRIORITAS":"PRIORITAS 1","SURVEYOR":"afri","WAKTU":"2026-09-03T07:58:08.620Z","CARA_COCOK":"ID","JARAK_COCOK_M":0.0},"geometry":{"type":"Point","coordinates":[103.980843,1.043579]}},{"type":"Feature","id":"ANL-SAG-JAY-SIM-002-POV-02","properties":{"fid":412,"ID_POV":"ANL-SAG-JAY-SIM-002-POV-02","ID_TITIK":"ANL-SAG-JAY-SIM-002","UID":"UID-1844","ID_WEBGIS":"ANL-SAG-JAY-SIM-005","POV_KE":2,"LAT":1.043606,"LON":103.980553,"JARAK_M":37.6,"STATUS_POV":"ubah","JML_POV":3,"POV_MEAN":38.3,"POV_MEDIAN":37.6,"POV_MIN":36.3,"POV_MAKS":41.1,"TIPE":"Bersinyal (ATCS)","JENIS":"Persimpangan","NAMA_JALAN":"Jl. Jend. Ahmad Yani","KELURAHAN":"TEMBESI","KECAMATAN":"SAGULUNG","PRIORITAS":"PRIORITAS 1","SURVEYOR":"afri","WAKTU":"2026-09-03T07:58:08.620Z","CARA_COCOK":"ID","JARAK_COCOK_M":0.0},"geometry":{"type":"Point","coordinates":[103.980553,1.043606]}},{"type":"Feature","id":"ANL-SAG-JAY-SIM-002-POV-03","properties":{"fid":413,"ID_POV":"ANL-SAG-JAY-SIM-002-POV-03","ID_TITIK":"ANL-SAG-JAY-SIM-002","UID":"UID-1844","ID_WEBGIS":"ANL-SAG-JAY-SIM-005","POV_KE":3,"LAT":1.043365,"LON":103.98032,"JARAK_M":41.1,"STATUS_POV":"ubah","JML_POV":3,"POV_MEAN":38.3,"POV_MEDIAN":37.6,"POV_MIN":36.3,"POV_MAKS":41.1,"TIPE":"Bersinyal (ATCS)","JENIS":"Persimpangan","NAMA_JALAN":"Jl. Jend. Ahmad Yani","KELURAHAN":"TEMBESI","KECAMATAN":"SAGULUNG","PRIORITAS":"PRIORITAS 1","SURVEYOR":"afri","WAKTU":"2026-09-03T07:58:08.620Z","CARA_COCOK":"ID","JARAK_COCOK_M":0.0},"geometry":{"type":"Point","coordinates":[103.98032,1.043365]}},{"type":"Feature","id":"ANL-BAJ-JAY-SIM-020-POV-01","properties":{"fid":414,"ID_POV":"ANL-BAJ-JAY-SIM-020-POV-01","ID_TITIK":"ANL-BAJ-JAY-SIM-020","UID":"UID-1845","ID_WEBGIS":"ANL-SAG-JAY-SIM-006","POV_KE":1,"LAT":1.038629,"LON":103.998234,"JARAK_M":84.7,"STATUS_POV":"ubah","JML_POV":3,"POV_MEAN":108.2,"POV_MEDIAN":84.7,"POV_MIN":81.2,"POV_MAKS":158.8,"TIPE":"Bersinyal (ATCS)","JENIS":"Persimpangan","NAMA_JALAN":"Jl. Jend. Ahmad Yani","KELURAHAN":"TEMBESI","KECAMATAN":"SAGULUNG","PRIORITAS":"PRIORITAS 1","SURVEYOR":"afri","WAKTU":"2026-09-03T08:11:20.726Z","CARA_COCOK":"ID","JARAK_COCOK_M":0.0},"geometry":{"type":"Point","coordinates":[103.998234,1.038629]}},{"type":"Feature","id":"ANL-BAJ-JAY-SIM-020-POV-02","properties":{"fid":415,"ID_POV":"ANL-BAJ-JAY-SIM-020-POV-02","ID_TITIK":"ANL-BAJ-JAY-SIM-020","UID":"UID-1845","ID_WEBGIS":"ANL-SAG-JAY-SIM-006","POV_KE":2,"LAT":1.037835,"LON":103.997231,"JARAK_M":158.8,"STATUS_POV":"ubah","JML_POV":3,"POV_MEAN":108.2,"POV_MEDIAN":84.7,"POV_MIN":81.2,"POV_MAKS":158.8,"TIPE":"Bersinyal (ATCS)","JENIS":"Persimpangan","NAMA_JALAN":"Jl. Jend. Ahmad Yani","KELURAHAN":"TEMBESI","KECAMATAN":"SAGULUNG","PRIORITAS":"PRIORITAS 1","SURVEYOR":"afri","WAKTU":"2026-09-03T08:11:20.726Z","CARA_COCOK":"ID","JARAK_COCOK_M":0.0},"geometry":{"type":"Point","coordinates":[103.997231,1.037835]}},{"type":"Feature","id":"ANL-BAJ-JAY-SIM-020-POV-03","properties":{"fid":416,"ID_POV":"ANL-BAJ-JAY-SIM-020-POV-03","ID_TITIK":"ANL-BAJ-JAY-SIM-020","UID":"UID-1845","ID_WEBGIS":"ANL-SAG-JAY-SIM-006","POV_KE":3,"LAT":1.03909,"LON":103.996984,"JARAK_M":81.2,"STATUS_POV":"ubah","JML_POV":3,"POV_MEAN":108.2,"POV_MEDIAN":84.7,"POV_MIN":81.2,"POV_MAKS":158.8,"TIPE":"Bersinyal (ATCS)","JENIS":"Persimpangan","NAMA_JALAN":"Jl. Jend. Ahmad Yani","KELURAHAN":"TEMBESI","KECAMATAN":"SAGULUNG","PRIORITAS":"PRIORITAS 1","SURVEYOR":"afri","WAKTU":"2026-09-03T08:11:20.726Z","CARA_COCOK":"ID","JARAK_COCOK_M":0.0},"geometry":{"type":"Point","coordinates":[103.996984,1.03909]}},{"type":"Feature","id":"ANL-SAG-SOE-SIM-001-POV-01","properties":{"fid":417,"ID_POV":"ANL-SAG-SOE-SIM-001-POV-01","ID_TITIK":"ANL-SAG-SOE-SIM-001","UID":"UID-1866","ID_WEBGIS":"ANL-SAG-SOE-SIM-007","POV_KE":1,"LAT":1.037977,"LON":103.99747,"JARAK_M":71.8,"STATUS_POV":"ubah","JML_POV":3,"POV_MEAN":92.2,"POV_MEDIAN":71.8,"POV_MIN":54.7,"POV_MAKS":150.1,"TIPE":"Bersinyal (ATCS)","JENIS":"Persimpangan","NAMA_JALAN":"Jl. Jend. Ahmad Yani","KELURAHAN":"TEMBESI","KECAMATAN":"SAGULUNG","PRIORITAS":"PRIORITAS 1","SURVEYOR":"afri","WAKTU":"2026-09-03T08:02:58.949Z","CARA_COCOK":"ID","JARAK_COCOK_M":0.0},"geometry":{"type":"Point","coordinates":[103.99747,1.037977]}},{"type":"Feature","id":"ANL-SAG-SOE-SIM-001-POV-02","properties":{"fid":418,"ID_POV":"ANL-SAG-SOE-SIM-001-POV-02","ID_TITIK":"ANL-SAG-SOE-SIM-001","UID":"UID-1866","ID_WEBGIS":"ANL-SAG-SOE-SIM-007","POV_KE":2,"LAT":1.037896,"LON":103.997207,"JARAK_M":54.7,"STATUS_POV":"ubah","JML_POV":3,"POV_MEAN":92.2,"POV_MEDIAN":71.8,"POV_MIN":54.7,"POV_MAKS":150.1,"TIPE":"Bersinyal (ATCS)","JENIS":"Persimpangan","NAMA_JALAN":"Jl. Jend. Ahmad Yani","KELURAHAN":"TEMBESI","KECAMATAN":"SAGULUNG","PRIORITAS":"PRIORITAS 1","SURVEYOR":"afri","WAKTU":"2026-09-03T08:02:58.949Z","CARA_COCOK":"ID","JARAK_COCOK_M":0.0},"geometry":{"type":"Point","coordinates":[103.997207,1.037896]}},{"type":"Feature","id":"ANL-SAG-SOE-SIM-001-POV-03","properties":{"fid":419,"ID_POV":"ANL-SAG-SOE-SIM-001-POV-03","ID_TITIK":"ANL-SAG-SOE-SIM-001","UID":"UID-1866","ID_WEBGIS":"ANL-SAG-SOE-SIM-007","POV_KE":3,"LAT":1.038595,"LON":103.998213,"JARAK_M":150.1,"STATUS_POV":"baru","JML_POV":3,"POV_MEAN":92.2,"POV_MEDIAN":71.8,"POV_MIN":54.7,"POV_MAKS":150.1,"TIPE":"Bersinyal (ATCS)","JENIS":"Persimpangan","NAMA_JALAN":"Jl. Jend. Ahmad Yani","KELURAHAN":"TEMBESI","KECAMATAN":"SAGULUNG","PRIORITAS":"PRIORITAS 1","SURVEYOR":"afri","WAKTU":"2026-09-03T08:02:58.949Z","CARA_COCOK":"ID","JARAK_COCOK_M":0.0},"geometry":{"type":"Point","coordinates":[103.998213,1.038595]}},{"type":"Feature","id":"ANL-SAG-SOE-SIM-008-POV-01","properties":{"fid":420,"ID_POV":"ANL-SAG-SOE-SIM-008-POV-01","ID_WEBGIS":"ANL-SAG-SOE-SIM-008","POV_KE":1,"LAT":1.037894,"LON":103.997255,"JARAK_M":28.6,"STATUS_POV":"baru","JML_POV":2,"POV_MEAN":52.1,"POV_MEDIAN":52.1,"POV_MIN":28.6,"POV_MAKS":75.6,"TIPE":"Bersinyal (ATCS)","JENIS":"Persimpangan","NAMA_JALAN":"Jl. Soeprapto","KELURAHAN":"TEMBESI","KECAMATAN":"SAGULUNG","PRIORITAS":"PRIORITAS 2","SURVEYOR":"BUDI","WAKTU":"2026-09-02T01:53:38.194Z","CARA_COCOK":"TIDAK COCOK","JARAK_COCOK_M":16.4},"geometry":{"type":"Point","coordinates":[103.997255,1.037894]}},{"type":"Feature","id":"ANL-SAG-SOE-SIM-008-POV-02","properties":{"fid":421,"ID_POV":"ANL-SAG-SOE-SIM-008-POV-02","ID_WEBGIS":"ANL-SAG-SOE-SIM-008","POV_KE":2,"LAT":1.038033,"LON":103.997719,"JARAK_M":75.6,"STATUS_POV":"baru","JML_POV":2,"POV_MEAN":52.1,"POV_MEDIAN":52.1,"POV_MIN":28.6,"POV_MAKS":75.6,"TIPE":"Bersinyal (ATCS)","JENIS":"Persimpangan","NAMA_JALAN":"Jl. Soeprapto","KELURAHAN":"TEMBESI","KECAMATAN":"SAGULUNG","PRIORITAS":"PRIORITAS 2","SURVEYOR":"BUDI","WAKTU":"2026-09-02T01:53:38.194Z","CARA_COCOK":"TIDAK COCOK","JARAK_COCOK_M":16.4},"geometry":{"type":"Point","coordinates":[103.997719,1.038033]}},{"type":"Feature","id":"ANL-SBD-JAY-SIM-001-POV-01","properties":{"fid":422,"ID_POV":"ANL-SBD-JAY-SIM-001-POV-01","ID_TITIK":"ANL-SBD-JAY-SIM-001","UID":"UID-1955","ID_WEBGIS":"ANL-SBD-JAY-SIM-001","POV_KE":1,"LAT":1.070848,"LON":104.024382,"JARAK_M":32.5,"STATUS_POV":"ubah","JML_POV":3,"POV_MEAN":45.8,"POV_MEDIAN":51.7,"POV_MIN":32.5,"POV_MAKS":53.3,"TIPE":"Bersinyal (ATCS + OSM)","JENIS":"Persimpangan","NAMA_JALAN":"Jl. Jend. Ahmad Yani","KELURAHAN":"MUKA KUNING","KECAMATAN":"SEI BEDUK","PRIORITAS":"PRIORITAS 1","SURVEYOR":"BUDI","WAKTU":"2026-09-02T03:37:46.053Z","CARA_COCOK":"ID","JARAK_COCOK_M":0.0},"geometry":{"type":"Point","coordinates":[104.024382,1.070848]}},{"type":"Feature","id":"ANL-SBD-JAY-SIM-001-POV-02","properties":{"fid":423,"ID_POV":"ANL-SBD-JAY-SIM-001-POV-02","ID_TITIK":"ANL-SBD-JAY-SIM-001","UID":"UID-1955","ID_WEBGIS":"ANL-SBD-JAY-SIM-001","POV_KE":2,"LAT":1.07083,"LON":104.024773,"JARAK_M":53.3,"STATUS_POV":"ubah","JML_POV":3,"POV_MEAN":45.8,"POV_MEDIAN":51.7,"POV_MIN":32.5,"POV_MAKS":53.3,"TIPE":"Bersinyal (ATCS + OSM)","JENIS":"Persimpangan","NAMA_JALAN":"Jl. Jend. Ahmad Yani","KELURAHAN":"MUKA KUNING","KECAMATAN":"SEI BEDUK","PRIORITAS":"PRIORITAS 1","SURVEYOR":"BUDI","WAKTU":"2026-09-02T03:37:46.053Z","CARA_COCOK":"ID","JARAK_COCOK_M":0.0},"geometry":{"type":"Point","coordinates":[104.024773,1.07083]}},{"type":"Feature","id":"ANL-SBD-JAY-SIM-001-POV-03","properties":{"fid":424,"ID_POV":"ANL-SBD-JAY-SIM-001-POV-03","ID_TITIK":"ANL-SBD-JAY-SIM-001","UID":"UID-1955","ID_WEBGIS":"ANL-SBD-JAY-SIM-001","POV_KE":3,"LAT":1.071303,"LON":104.024842,"JARAK_M":51.7,"STATUS_POV":"ubah","JML_POV":3,"POV_MEAN":45.8,"POV_MEDIAN":51.7,"POV_MIN":32.5,"POV_MAKS":53.3,"TIPE":"Bersinyal (ATCS + OSM)","JENIS":"Persimpangan","NAMA_JALAN":"Jl. Jend. Ahmad Yani","KELURAHAN":"MUKA KUNING","KECAMATAN":"SEI BEDUK","PRIORITAS":"PRIORITAS 1","SURVEYOR":"BUDI","WAKTU":"2026-09-02T03:37:46.053Z","CARA_COCOK":"ID","JARAK_COCOK_M":0.0},"geometry":{"type":"Point","coordinates":[104.024842,1.071303]}},{"type":"Feature","id":"ANL-SBD-JAY-SIM-002-POV-01","properties":{"fid":425,"ID_POV":"ANL-SBD-JAY-SIM-002-POV-01","ID_TITIK":"ANL-SBD-JAY-SIM-002","UID":"UID-1956","ID_WEBGIS":"ANL-SBD-JAY-SIM-002","POV_KE":1,"LAT":1.071322,"LON":104.024795,"JARAK_M":16.4,"STATUS_POV":"ubah","JML_POV":3,"POV_MEAN":41.1,"POV_MEDIAN":37.9,"POV_MIN":16.4,"POV_MAKS":68.9,"TIPE":"Tidak Bersinyal","JENIS":"Persimpangan","NAMA_JALAN":"Jl. Jend. Ahmad Yani","KELURAHAN":"MUKA KUNING","KECAMATAN":"SEI BEDUK","PRIORITAS":"PRIORITAS 1","SURVEYOR":"BUDI","WAKTU":"2026-09-02T02:54:31.069Z","CARA_COCOK":"ID","JARAK_COCOK_M":0.0},"geometry":{"type":"Point","coordinates":[104.024795,1.071322]}},{"type":"Feature","id":"ANL-SBD-JAY-SIM-002-POV-02","properties":{"fid":426,"ID_POV":"ANL-SBD-JAY-SIM-002-POV-02","ID_TITIK":"ANL-SBD-JAY-SIM-002","UID":"UID-1956","ID_WEBGIS":"ANL-SBD-JAY-SIM-002","POV_KE":2,"LAT":1.07084,"LON":104.024335,"JARAK_M":68.9,"STATUS_POV":"asli","JML_POV":3,"POV_MEAN":41.1,"POV_MEDIAN":37.9,"POV_MIN":16.4,"POV_MAKS":68.9,"TIPE":"Tidak Bersinyal","JENIS":"Persimpangan","NAMA_JALAN":"Jl. Jend. Ahmad Yani","KELURAHAN":"MUKA KUNING","KECAMATAN":"SEI BEDUK","PRIORITAS":"PRIORITAS 1","SURVEYOR":"BUDI","WAKTU":"2026-09-02T02:54:31.069Z","CARA_COCOK":"ID","JARAK_COCOK_M":0.0},"geometry":{"type":"Point","coordinates":[104.024335,1.07084]}},{"type":"Feature","id":"ANL-SBD-JAY-SIM-002-POV-03","properties":{"fid":427,"ID_POV":"ANL-SBD-JAY-SIM-002-POV-03","ID_TITIK":"ANL-SBD-JAY-SIM-002","UID":"UID-1956","ID_WEBGIS":"ANL-SBD-JAY-SIM-002","POV_KE":3,"LAT":1.070851,"LON":104.024783,"JARAK_M":37.9,"STATUS_POV":"ubah","JML_POV":3,"POV_MEAN":41.1,"POV_MEDIAN":37.9,"POV_MIN":16.4,"POV_MAKS":68.9,"TIPE":"Tidak Bersinyal","JENIS":"Persimpangan","NAMA_JALAN":"Jl. Jend. Ahmad Yani","KELURAHAN":"MUKA KUNING","KECAMATAN":"SEI BEDUK","PRIORITAS":"PRIORITAS 1","SURVEYOR":"BUDI","WAKTU":"2026-09-02T02:54:31.069Z","CARA_COCOK":"ID","JARAK_COCOK_M":0.0},"geometry":{"type":"Point","coordinates":[104.024783,1.070851]}},{"type":"Feature","id":"ANL-SBD-JAY-SIM-003-POV-01","properties":{"fid":428,"ID_POV":"ANL-SBD-JAY-SIM-003-POV-01","ID_TITIK":"ANL-SBD-JAY-SIM-003","UID":"UID-1957","ID_WEBGIS":"ANL-SBD-JAY-SIM-003","POV_KE":1,"LAT":1.071335,"LON":104.024802,"JARAK_M":67.3,"STATUS_POV":"baru","JML_POV":3,"POV_MEAN":48.8,"POV_MEDIAN":45.6,"POV_MIN":33.6,"POV_MAKS":67.3,"TIPE":"Bersinyal (ATCS + OSM)","JENIS":"Persimpangan","NAMA_JALAN":"Jl. Jend. Ahmad Yani","KELURAHAN":"MUKA KUNING","KECAMATAN":"SEI BEDUK","PRIORITAS":"PRIORITAS 2","SURVEYOR":"wahyu","WAKTU":"2026-09-03T08:14:02.826Z","CARA_COCOK":"ID","JARAK_COCOK_M":0.0},"geometry":{"type":"Point","coordinates":[104.024802,1.071335]}},{"type":"Feature","id":"ANL-SBD-JAY-SIM-003-POV-02","properties":{"fid":429,"ID_POV":"ANL-SBD-JAY-SIM-003-POV-02","ID_TITIK":"ANL-SBD-JAY-SIM-003","UID":"UID-1957","ID_WEBGIS":"ANL-SBD-JAY-SIM-003","POV_KE":2,"LAT":1.070847,"LON":104.024343,"JARAK_M":33.6,"STATUS_POV":"baru","JML_POV":3,"POV_MEAN":48.8,"POV_MEDIAN":45.6,"POV_MIN":33.6,"POV_MAKS":67.3,"TIPE":"Bersinyal (ATCS + OSM)","JENIS":"Persimpangan","NAMA_JALAN":"Jl. Jend. Ahmad Yani","KELURAHAN":"MUKA KUNING","KECAMATAN":"SEI BEDUK","PRIORITAS":"PRIORITAS 2","SURVEYOR":"wahyu","WAKTU":"2026-09-03T08:14:02.826Z","CARA_COCOK":"ID","JARAK_COCOK_M":0.0},"geometry":{"type":"Point","coordinates":[104.024343,1.070847]}},{"type":"Feature","id":"ANL-SBD-JAY-SIM-003-POV-03","properties":{"fid":430,"ID_POV":"ANL-SBD-JAY-SIM-003-POV-03","ID_TITIK":"ANL-SBD-JAY-SIM-003","UID":"UID-1957","ID_WEBGIS":"ANL-SBD-JAY-SIM-003","POV_KE":3,"LAT":1.071134,"LON":104.024477,"JARAK_M":45.6,"STATUS_POV":"baru","JML_POV":3,"POV_MEAN":48.8,"POV_MEDIAN":45.6,"POV_MIN":33.6,"POV_MAKS":67.3,"TIPE":"Bersinyal (ATCS + OSM)","JENIS":"Persimpangan","NAMA_JALAN":"Jl. Jend. Ahmad Yani","KELURAHAN":"MUKA KUNING","KECAMATAN":"SEI BEDUK","PRIORITAS":"PRIORITAS 2","SURVEYOR":"wahyu","WAKTU":"2026-09-03T08:14:02.826Z","CARA_COCOK":"ID","JARAK_COCOK_M":0.0},"geometry":{"type":"Point","coordinates":[104.024477,1.071134]}},{"type":"Feature","id":"ANL-SBD-PAR-SIM-001-POV-01","properties":{"fid":431,"ID_POV":"ANL-SBD-PAR-SIM-001-POV-01","ID_TITIK":"ANL-SBD-PAR-SIM-001","UID":"UID-2118","ID_WEBGIS":"ANL-SBD-PAR-SIM-003","POV_KE":1,"LAT":1.028985,"LON":104.061615,"JARAK_M":25.2,"STATUS_POV":"ubah","JML_POV":3,"POV_MEAN":20.7,"POV_MEDIAN":20.4,"POV_MIN":16.6,"POV_MAKS":25.2,"TIPE":"Tidak Bersinyal","JENIS":"Persimpangan","NAMA_JALAN":"Jl. S. Parman","KELURAHAN":"DURIANGKANG","KECAMATAN":"SEI BEDUK","PRIORITAS":"PRIORITAS 2","SURVEYOR":"wahyu","WAKTU":"2026-09-03T08:14:42.247Z","CARA_COCOK":"ID","JARAK_COCOK_M":0.0},"geometry":{"type":"Point","coordinates":[104.061615,1.028985]}},{"type":"Feature","id":"ANL-SBD-PAR-SIM-001-POV-02","properties":{"fid":432,"ID_POV":"ANL-SBD-PAR-SIM-001-POV-02","ID_TITIK":"ANL-SBD-PAR-SIM-001","UID":"UID-2118","ID_WEBGIS":"ANL-SBD-PAR-SIM-003","POV_KE":2,"LAT":1.02888,"LON":104.061588,"JARAK_M":20.4,"STATUS_POV":"ubah","JML_POV":3,"POV_MEAN":20.7,"POV_MEDIAN":20.4,"POV_MIN":16.6,"POV_MAKS":25.2,"TIPE":"Tidak Bersinyal","JENIS":"Persimpangan","NAMA_JALAN":"Jl. S. Parman","KELURAHAN":"DURIANGKANG","KECAMATAN":"SEI BEDUK","PRIORITAS":"PRIORITAS 2","SURVEYOR":"wahyu","WAKTU":"2026-09-03T08:14:42.247Z","CARA_COCOK":"ID","JARAK_COCOK_M":0.0},"geometry":{"type":"Point","coordinates":[104.061588,1.02888]}},{"type":"Feature","id":"ANL-SBD-PAR-SIM-001-POV-03","properties":{"fid":433,"ID_POV":"ANL-SBD-PAR-SIM-001-POV-03","ID_TITIK":"ANL-SBD-PAR-SIM-001","UID":"UID-2118","ID_WEBGIS":"ANL-SBD-PAR-SIM-003","POV_KE":3,"LAT":1.028658,"LON":104.061745,"JARAK_M":16.6,"STATUS_POV":"ubah","JML_POV":3,"POV_MEAN":20.7,"POV_MEDIAN":20.4,"POV_MIN":16.6,"POV_MAKS":25.2,"TIPE":"Tidak Bersinyal","JENIS":"Persimpangan","NAMA_JALAN":"Jl. S. Parman","KELURAHAN":"DURIANGKANG","KECAMATAN":"SEI BEDUK","PRIORITAS":"PRIORITAS 2","SURVEYOR":"wahyu","WAKTU":"2026-09-03T08:14:42.247Z","CARA_COCOK":"ID","JARAK_COCOK_M":0.0},"geometry":{"type":"Point","coordinates":[104.061745,1.028658]}},{"type":"Feature","id":"ANL-SBD-PAR-SIM-002-POV-01","properties":{"fid":434,"ID_POV":"ANL-SBD-PAR-SIM-002-POV-01","ID_TITIK":"ANL-SBD-PAR-SIM-002","UID":"UID-2119","ID_WEBGIS":"ANL-SBD-PAR-SIM-004","POV_KE":1,"LAT":1.0288,"LON":104.062079,"JARAK_M":28.8,"STATUS_POV":"ubah","JML_POV":3,"POV_MEAN":18.8,"POV_MEDIAN":15.9,"POV_MIN":11.7,"POV_MAKS":28.8,"TIPE":"Tidak Bersinyal","JENIS":"Persimpangan","NAMA_JALAN":"Jl. S. Parman","KELURAHAN":"TANJUNG PIAYU","KECAMATAN":"SEI BEDUK","PRIORITAS":"PRIORITAS 2","SURVEYOR":"wahyu","WAKTU":"2026-09-03T08:15:07.362Z","CARA_COCOK":"ID","JARAK_COCOK_M":0.0},"geometry":{"type":"Point","coordinates":[104.062079,1.0288]}},{"type":"Feature","id":"ANL-SBD-PAR-SIM-002-POV-02","properties":{"fid":435,"ID_POV":"ANL-SBD-PAR-SIM-002-POV-02","ID_TITIK":"ANL-SBD-PAR-SIM-002","UID":"UID-2119","ID_WEBGIS":"ANL-SBD-PAR-SIM-004","POV_KE":2,"LAT":1.028986,"LON":104.062186,"JARAK_M":15.9,"STATUS_POV":"ubah","JML_POV":3,"POV_MEAN":18.8,"POV_MEDIAN":15.9,"POV_MIN":11.7,"POV_MAKS":28.8,"TIPE":"Tidak Bersinyal","JENIS":"Persimpangan","NAMA_JALAN":"Jl. S. Parman","KELURAHAN":"TANJUNG PIAYU","KECAMATAN":"SEI BEDUK","PRIORITAS":"PRIORITAS 2","SURVEYOR":"wahyu","WAKTU":"2026-09-03T08:15:07.362Z","CARA_COCOK":"ID","JARAK_COCOK_M":0.0},"geometry":{"type":"Point","coordinates":[104.062186,1.028986]}},{"type":"Feature","id":"ANL-SBD-PAR-SIM-002-POV-03","properties":{"fid":436,"ID_POV":"ANL-SBD-PAR-SIM-002-POV-03","ID_TITIK":"ANL-SBD-PAR-SIM-002","UID":"UID-2119","ID_WEBGIS":"ANL-SBD-PAR-SIM-004","POV_KE":3,"LAT":1.029014,"LON":104.061966,"JARAK_M":11.7,"STATUS_POV":"baru","JML_POV":3,"POV_MEAN":18.8,"POV_MEDIAN":15.9,"POV_MIN":11.7,"POV_MAKS":28.8,"TIPE":"Tidak Bersinyal","JENIS":"Persimpangan","NAMA_JALAN":"Jl. S. Parman","KELURAHAN":"TANJUNG PIAYU","KECAMATAN":"SEI BEDUK","PRIORITAS":"PRIORITAS 2","SURVEYOR":"wahyu","WAKTU":"2026-09-03T08:15:07.362Z","CARA_COCOK":"ID","JARAK_COCOK_M":0.0},"geometry":{"type":"Point","coordinates":[104.061966,1.029014]}},{"type":"Feature","id":"ANL-SKP-CMA-SIM-001-POV-01","properties":{"fid":437,"ID_POV":"ANL-SKP-CMA-SIM-001-POV-01","ID_TITIK":"ANL-SKP-CMA-SIM-001","UID":"UID-2140","ID_WEBGIS":"ANL-SKP-CMA-SIM-007","POV_KE":1,"LAT":1.122537,"LON":103.932973,"JARAK_M":37.0,"STATUS_POV":"ubah","JML_POV":3,"POV_MEAN":40.4,"POV_MEDIAN":41.1,"POV_MIN":37.0,"POV_MAKS":43.1,"TIPE":"Tidak Bersinyal","JENIS":"Persimpangan","NAMA_JALAN":"Jl. RE Martadinata","KELURAHAN":"TANJUNG PINGGIR","KECAMATAN":"SEKUPANG","PRIORITAS":"PRIORITAS 3","SURVEYOR":"BUDI","WAKTU":"2026-09-02T04:21:48.707Z","CARA_COCOK":"ID","JARAK_COCOK_M":0.0},"geometry":{"type":"Point","coordinates":[103.932973,1.122537]}},{"type":"Feature","id":"ANL-SKP-CMA-SIM-001-POV-02","properties":{"fid":438,"ID_POV":"ANL-SKP-CMA-SIM-001-POV-02","ID_TITIK":"ANL-SKP-CMA-SIM-001","UID":"UID-2140","ID_WEBGIS":"ANL-SKP-CMA-SIM-007","POV_KE":2,"LAT":1.122854,"LON":103.932751,"JARAK_M":43.1,"STATUS_POV":"ubah","JML_POV":3,"POV_MEAN":40.4,"POV_MEDIAN":41.1,"POV_MIN":37.0,"POV_MAKS":43.1,"TIPE":"Tidak Bersinyal","JENIS":"Persimpangan","NAMA_JALAN":"Jl. RE Martadinata","KELURAHAN":"TANJUNG PINGGIR","KECAMATAN":"SEKUPANG","PRIORITAS":"PRIORITAS 3","SURVEYOR":"BUDI","WAKTU":"2026-09-02T04:21:48.707Z","CARA_COCOK":"ID","JARAK_COCOK_M":0.0},"geometry":{"type":"Point","coordinates":[103.932751,1.122854]}},{"type":"Feature","id":"ANL-SKP-CMA-SIM-001-POV-03","properties":{"fid":439,"ID_POV":"ANL-SKP-CMA-SIM-001-POV-03","ID_TITIK":"ANL-SKP-CMA-SIM-001","UID":"UID-2140","ID_WEBGIS":"ANL-SKP-CMA-SIM-007","POV_KE":3,"LAT":1.122536,"LON":103.933367,"JARAK_M":41.1,"STATUS_POV":"asli","JML_POV":3,"POV_MEAN":40.4,"POV_MEDIAN":41.1,"POV_MIN":37.0,"POV_MAKS":43.1,"TIPE":"Tidak Bersinyal","JENIS":"Persimpangan","NAMA_JALAN":"Jl. RE Martadinata","KELURAHAN":"TANJUNG PINGGIR","KECAMATAN":"SEKUPANG","PRIORITAS":"PRIORITAS 3","SURVEYOR":"BUDI","WAKTU":"2026-09-02T04:21:48.707Z","CARA_COCOK":"ID","JARAK_COCOK_M":0.0},"geometry":{"type":"Point","coordinates":[103.933367,1.122536]}},{"type":"Feature","id":"ANL-SKP-DKU-SIM-001-POV-01","properties":{"fid":440,"ID_POV":"ANL-SKP-DKU-SIM-001-POV-01","ID_TITIK":"ANL-SKP-DKU-SIM-001","UID":"UID-2148","ID_WEBGIS":"ANL-SKP-DKU-SIM-001","POV_KE":1,"LAT":1.058951,"LON":103.932842,"JARAK_M":20.2,"STATUS_POV":"ubah","JML_POV":3,"POV_MEAN":21.7,"POV_MEDIAN":20.2,"POV_MIN":17.0,"POV_MAKS":27.9,"TIPE":"Tidak Bersinyal","JENIS":"Persimpangan","NAMA_JALAN":"Jl. Djati Kusumo","KELURAHAN":"TANJUNG RIAU","KECAMATAN":"SEKUPANG","PRIORITAS":"PRIORITAS 2","SURVEYOR":"BUDI","WAKTU":"2026-09-02T04:12:59.692Z","CARA_COCOK":"ID","JARAK_COCOK_M":0.0},"geometry":{"type":"Point","coordinates":[103.932842,1.058951]}},{"type":"Feature","id":"ANL-SKP-DKU-SIM-001-POV-02","properties":{"fid":441,"ID_POV":"ANL-SKP-DKU-SIM-001-POV-02","ID_TITIK":"ANL-SKP-DKU-SIM-001","UID":"UID-2148","ID_WEBGIS":"ANL-SKP-DKU-SIM-001","POV_KE":2,"LAT":1.059191,"LON":103.932795,"JARAK_M":27.9,"STATUS_POV":"ubah","JML_POV":3,"POV_MEAN":21.7,"POV_MEDIAN":20.2,"POV_MIN":17.0,"POV_MAKS":27.9,"TIPE":"Tidak Bersinyal","JENIS":"Persimpangan","NAMA_JALAN":"Jl. Djati Kusumo","KELURAHAN":"TANJUNG RIAU","KECAMATAN":"SEKUPANG","PRIORITAS":"PRIORITAS 2","SURVEYOR":"BUDI","WAKTU":"2026-09-02T04:12:59.692Z","CARA_COCOK":"ID","JARAK_COCOK_M":0.0},"geometry":{"type":"Point","coordinates":[103.932795,1.059191]}},{"type":"Feature","id":"ANL-SKP-DKU-SIM-001-POV-03","properties":{"fid":442,"ID_POV":"ANL-SKP-DKU-SIM-001-POV-03","ID_TITIK":"ANL-SKP-DKU-SIM-001","UID":"UID-2148","ID_WEBGIS":"ANL-SKP-DKU-SIM-001","POV_KE":3,"LAT":1.058895,"LON":103.933034,"JARAK_M":17.0,"STATUS_POV":"ubah","JML_POV":3,"POV_MEAN":21.7,"POV_MEDIAN":20.2,"POV_MIN":17.0,"POV_MAKS":27.9,"TIPE":"Tidak Bersinyal","JENIS":"Persimpangan","NAMA_JALAN":"Jl. Djati Kusumo","KELURAHAN":"TANJUNG RIAU","KECAMATAN":"SEKUPANG","PRIORITAS":"PRIORITAS 2","SURVEYOR":"BUDI","WAKTU":"2026-09-02T04:12:59.692Z","CARA_COCOK":"ID","JARAK_COCOK_M":0.0},"geometry":{"type":"Point","coordinates":[103.933034,1.058895]}},{"type":"Feature","id":"ANL-SKP-DKU-SIM-002-POV-01","properties":{"fid":443,"ID_POV":"ANL-SKP-DKU-SIM-002-POV-01","ID_TITIK":"ANL-SKP-DKU-SIM-002","UID":"UID-2149","ID_WEBGIS":"ANL-SKP-DKU-SIM-003","POV_KE":1,"LAT":1.087777,"LON":103.945408,"JARAK_M":40.4,"STATUS_POV":"ubah","JML_POV":3,"POV_MEAN":22.7,"POV_MEDIAN":14.2,"POV_MIN":13.5,"POV_MAKS":40.4,"TIPE":"Tidak Bersinyal","JENIS":"Persimpangan","NAMA_JALAN":"Jl. Djati Kusumo","KELURAHAN":"TANJUNG RIAU","KECAMATAN":"SEKUPANG","PRIORITAS":"PRIORITAS 3","SURVEYOR":"wahyu","WAKTU":"2026-09-03T08:16:03.616Z","CARA_COCOK":"ID","JARAK_COCOK_M":0.0},"geometry":{"type":"Point","coordinates":[103.945408,1.087777]}},{"type":"Feature","id":"ANL-SKP-DKU-SIM-002-POV-02","properties":{"fid":444,"ID_POV":"ANL-SKP-DKU-SIM-002-POV-02","ID_TITIK":"ANL-SKP-DKU-SIM-002","UID":"UID-2149","ID_WEBGIS":"ANL-SKP-DKU-SIM-003","POV_KE":2,"LAT":1.08801,"LON":103.945204,"JARAK_M":14.2,"STATUS_POV":"ubah","JML_POV":3,"POV_MEAN":22.7,"POV_MEDIAN":14.2,"POV_MIN":13.5,"POV_MAKS":40.4,"TIPE":"Tidak Bersinyal","JENIS":"Persimpangan","NAMA_JALAN":"Jl. Djati Kusumo","KELURAHAN":"TANJUNG RIAU","KECAMATAN":"SEKUPANG","PRIORITAS":"PRIORITAS 3","SURVEYOR":"wahyu","WAKTU":"2026-09-03T08:16:03.616Z","CARA_COCOK":"ID","JARAK_COCOK_M":0.0},"geometry":{"type":"Point","coordinates":[103.945204,1.08801]}},{"type":"Feature","id":"ANL-SKP-DKU-SIM-002-POV-03","properties":{"fid":445,"ID_POV":"ANL-SKP-DKU-SIM-002-POV-03","ID_TITIK":"ANL-SKP-DKU-SIM-002","UID":"UID-2149","ID_WEBGIS":"ANL-SKP-DKU-SIM-003","POV_KE":3,"LAT":1.087845,"LON":103.945145,"JARAK_M":13.5,"STATUS_POV":"baru","JML_POV":3,"POV_MEAN":22.7,"POV_MEDIAN":14.2,"POV_MIN":13.5,"POV_MAKS":40.4,"TIPE":"Tidak Bersinyal","JENIS":"Persimpangan","NAMA_JALAN":"Jl. Djati Kusumo","KELURAHAN":"TANJUNG RIAU","KECAMATAN":"SEKUPANG","PRIORITAS":"PRIORITAS 3","SURVEYOR":"wahyu","WAKTU":"2026-09-03T08:16:03.616Z","CARA_COCOK":"ID","JARAK_COCOK_M":0.0},"geometry":{"type":"Point","coordinates":[103.945145,1.087845]}},{"type":"Feature","id":"ANL-SKP-GMA-SIM-002-POV-01","properties":{"fid":446,"ID_POV":"ANL-SKP-GMA-SIM-002-POV-01","ID_TITIK":"ANL-SKP-GMA-SIM-002","UID":"UID-2160","ID_WEBGIS":"ANL-SKP-GMA-SIM-021","POV_KE":1,"LAT":1.108583,"LON":103.958298,"JARAK_M":13.7,"STATUS_POV":"ubah","JML_POV":3,"POV_MEAN":26.7,"POV_MEDIAN":28.1,"POV_MIN":13.7,"POV_MAKS":38.2,"TIPE":"Tidak Bersinyal","JENIS":"Persimpangan","NAMA_JALAN":"Jl. Gajah Mada","KELURAHAN":"TIBAN BARU","KECAMATAN":"SEKUPANG","PRIORITAS":"PRIORITAS 1","SURVEYOR":"wahyu","WAKTU":"2026-09-03T08:17:15.516Z","CARA_COCOK":"ID","JARAK_COCOK_M":0.0},"geometry":{"type":"Point","coordinates":[103.958298,1.108583]}},{"type":"Feature","id":"ANL-SKP-GMA-SIM-002-POV-02","properties":{"fid":447,"ID_POV":"ANL-SKP-GMA-SIM-002-POV-02","ID_TITIK":"ANL-SKP-GMA-SIM-002","UID":"UID-2160","ID_WEBGIS":"ANL-SKP-GMA-SIM-021","POV_KE":2,"LAT":1.108594,"LON":103.957973,"JARAK_M":38.2,"STATUS_POV":"ubah","JML_POV":3,"POV_MEAN":26.7,"POV_MEDIAN":28.1,"POV_MIN":13.7,"POV_MAKS":38.2,"TIPE":"Tidak Bersinyal","JENIS":"Persimpangan","NAMA_JALAN":"Jl. Gajah Mada","KELURAHAN":"TIBAN BARU","KECAMATAN":"SEKUPANG","PRIORITAS":"PRIORITAS 1","SURVEYOR":"wahyu","WAKTU":"2026-09-03T08:17:15.516Z","CARA_COCOK":"ID","JARAK_COCOK_M":0.0},"geometry":{"type":"Point","coordinates":[103.957973,1.108594]}},{"type":"Feature","id":"ANL-SKP-GMA-SIM-002-POV-03","properties":{"fid":448,"ID_POV":"ANL-SKP-GMA-SIM-002-POV-03","ID_TITIK":"ANL-SKP-GMA-SIM-002","UID":"UID-2160","ID_WEBGIS":"ANL-SKP-GMA-SIM-021","POV_KE":3,"LAT":1.108647,"LON":103.958119,"JARAK_M":28.1,"STATUS_POV":"baru","JML_POV":3,"POV_MEAN":26.7,"POV_MEDIAN":28.1,"POV_MIN":13.7,"POV_MAKS":38.2,"TIPE":"Tidak Bersinyal","JENIS":"Persimpangan","NAMA_JALAN":"Jl. Gajah Mada","KELURAHAN":"TIBAN BARU","KECAMATAN":"SEKUPANG","PRIORITAS":"PRIORITAS 1","SURVEYOR":"wahyu","WAKTU":"2026-09-03T08:17:15.516Z","CARA_COCOK":"ID","JARAK_COCOK_M":0.0},"geometry":{"type":"Point","coordinates":[103.958119,1.108647]}},{"type":"Feature","id":"ANL-SKP-GMA-SIM-003-POV-01","properties":{"fid":449,"ID_POV":"ANL-SKP-GMA-SIM-003-POV-01","ID_TITIK":"ANL-SKP-GMA-SIM-003","UID":"UID-2161","ID_WEBGIS":"ANL-SKP-GMA-SIM-026","POV_KE":1,"LAT":1.112339,"LON":103.977968,"JARAK_M":29.9,"STATUS_POV":"ubah","JML_POV":3,"POV_MEAN":58.5,"POV_MEDIAN":58.1,"POV_MIN":29.9,"POV_MAKS":87.6,"TIPE":"Bersinyal (OSM)","JENIS":"Persimpangan","NAMA_JALAN":"Jl. Gajah Mada","KELURAHAN":"TIBAN INDAH","KECAMATAN":"SEKUPANG","PRIORITAS":"PRIORITAS 2","SURVEYOR":"BUDI","WAKTU":"2026-09-02T02:27:58.544Z","CARA_COCOK":"ID","JARAK_COCOK_M":0.0},"geometry":{"type":"Point","coordinates":[103.977968,1.112339]}},{"type":"Feature","id":"ANL-SKP-GMA-SIM-003-POV-02","properties":{"fid":450,"ID_POV":"ANL-SKP-GMA-SIM-003-POV-02","ID_TITIK":"ANL-SKP-GMA-SIM-003","UID":"UID-2161","ID_WEBGIS":"ANL-SKP-GMA-SIM-026","POV_KE":2,"LAT":1.112026,"LON":103.977526,"JARAK_M":87.6,"STATUS_POV":"asli","JML_POV":3,"POV_MEAN":58.5,"POV_MEDIAN":58.1,"POV_MIN":29.9,"POV_MAKS":87.6,"TIPE":"Bersinyal (OSM)","JENIS":"Persimpangan","NAMA_JALAN":"Jl. Gajah Mada","KELURAHAN":"TIBAN INDAH","KECAMATAN":"SEKUPANG","PRIORITAS":"PRIORITAS 2","SURVEYOR":"BUDI","WAKTU":"2026-09-02T02:27:58.544Z","CARA_COCOK":"ID","JARAK_COCOK_M":0.0},"geometry":{"type":"Point","coordinates":[103.977526,1.112026]}},{"type":"Feature","id":"ANL-SKP-GMA-SIM-003-POV-03","properties":{"fid":451,"ID_POV":"ANL-SKP-GMA-SIM-003-POV-03","ID_TITIK":"ANL-SKP-GMA-SIM-003","UID":"UID-2161","ID_WEBGIS":"ANL-SKP-GMA-SIM-026","POV_KE":3,"LAT":1.111894,"LON":103.97845,"JARAK_M":58.1,"STATUS_POV":"asli","JML_POV":3,"POV_MEAN":58.5,"POV_MEDIAN":58.1,"POV_MIN":29.9,"POV_MAKS":87.6,"TIPE":"Bersinyal (OSM)","JENIS":"Persimpangan","NAMA_JALAN":"Jl. Gajah Mada","KELURAHAN":"TIBAN INDAH","KECAMATAN":"SEKUPANG","PRIORITAS":"PRIORITAS 2","SURVEYOR":"BUDI","WAKTU":"2026-09-02T02:27:58.544Z","CARA_COCOK":"ID","JARAK_COCOK_M":0.0},"geometry":{"type":"Point","coordinates":[103.97845,1.111894]}},{"type":"Feature","id":"ANL-SKP-GMA-SIM-004-POV-01","properties":{"fid":452,"ID_POV":"ANL-SKP-GMA-SIM-004-POV-01","ID_TITIK":"ANL-SKP-GMA-SIM-004","UID":"UID-2162","ID_WEBGIS":"ANL-SKP-GMA-SIM-027","POV_KE":1,"LAT":1.112497,"LON":103.977962,"JARAK_M":40.7,"STATUS_POV":"ubah","JML_POV":4,"POV_MEAN":62.2,"POV_MEDIAN":55.7,"POV_MIN":35.4,"POV_MAKS":101.9,"TIPE":"Tidak Bersinyal","JENIS":"Persimpangan","NAMA_JALAN":"Jl. Gajah Mada","KELURAHAN":"TIBAN LAMA","KECAMATAN":"SEKUPANG","PRIORITAS":"PRIORITAS 2","SURVEYOR":"BUDI","WAKTU":"2026-09-02T02:34:07.659Z","CARA_COCOK":"ID","JARAK_COCOK_M":0.0},"geometry":{"type":"Point","coordinates":[103.977962,1.112497]}},{"type":"Feature","id":"ANL-SKP-GMA-SIM-004-POV-02","properties":{"fid":453,"ID_POV":"ANL-SKP-GMA-SIM-004-POV-02","ID_TITIK":"ANL-SKP-GMA-SIM-004","UID":"UID-2162","ID_WEBGIS":"ANL-SKP-GMA-SIM-027","POV_KE":2,"LAT":1.112024,"LON":103.977526,"JARAK_M":35.4,"STATUS_POV":"asli","JML_POV":4,"POV_MEAN":62.2,"POV_MEDIAN":55.7,"POV_MIN":35.4,"POV_MAKS":101.9,"TIPE":"Tidak Bersinyal","JENIS":"Persimpangan","NAMA_JALAN":"Jl. Gajah Mada","KELURAHAN":"TIBAN LAMA","KECAMATAN":"SEKUPANG","PRIORITAS":"PRIORITAS 2","SURVEYOR":"BUDI","WAKTU":"2026-09-02T02:34:07.659Z","CARA_COCOK":"ID","JARAK_COCOK_M":0.0},"geometry":{"type":"Point","coordinates":[103.977526,1.112024]}},{"type":"Feature","id":"ANL-SKP-GMA-SIM-004-POV-03","properties":{"fid":454,"ID_POV":"ANL-SKP-GMA-SIM-004-POV-03","ID_TITIK":"ANL-SKP-GMA-SIM-004","UID":"UID-2162","ID_WEBGIS":"ANL-SKP-GMA-SIM-027","POV_KE":3,"LAT":1.111894,"LON":103.978454,"JARAK_M":101.9,"STATUS_POV":"asli","JML_POV":4,"POV_MEAN":62.2,"POV_MEDIAN":55.7,"POV_MIN":35.4,"POV_MAKS":101.9,"TIPE":"Tidak Bersinyal","JENIS":"Persimpangan","NAMA_JALAN":"Jl. Gajah Mada","KELURAHAN":"TIBAN LAMA","KECAMATAN":"SEKUPANG","PRIORITAS":"PRIORITAS 2","SURVEYOR":"BUDI","WAKTU":"2026-09-02T02:34:07.659Z","CARA_COCOK":"ID","JARAK_COCOK_M":0.0},"geometry":{"type":"Point","coordinates":[103.978454,1.111894]}},{"type":"Feature","id":"ANL-SKP-GMA-SIM-004-POV-04","properties":{"fid":455,"ID_POV":"ANL-SKP-GMA-SIM-004-POV-04","ID_TITIK":"ANL-SKP-GMA-SIM-004","UID":"UID-2162","ID_WEBGIS":"ANL-SKP-GMA-SIM-027","POV_KE":4,"LAT":1.11173,"LON":103.977879,"JARAK_M":70.7,"STATUS_POV":"baru","JML_POV":4,"POV_MEAN":62.2,"POV_MEDIAN":55.7,"POV_MIN":35.4,"POV_MAKS":101.9,"TIPE":"Tidak Bersinyal","JENIS":"Persimpangan","NAMA_JALAN":"Jl. Gajah Mada","KELURAHAN":"TIBAN LAMA","KECAMATAN":"SEKUPANG","PRIORITAS":"PRIORITAS 2","SURVEYOR":"BUDI","WAKTU":"2026-09-02T02:34:07.659Z","CARA_COCOK":"ID","JARAK_COCOK_M":0.0},"geometry":{"type":"Point","coordinates":[103.977879,1.11173]}},{"type":"Feature","id":"ANL-SKP-GMA-KOR-012-POV-01","properties":{"fid":456,"ID_POV":"ANL-SKP-GMA-KOR-012-POV-01","ID_TITIK":"ANL-SKP-GMA-KOR-012","UID":"UID-2163","ID_WEBGIS":"ANL-SKP-GMA-SIM-028","POV_KE":1,"LAT":1.107533,"LON":104.000898,"JARAK_M":51.1,"STATUS_POV":"ubah","JML_POV":3,"POV_MEAN":59.2,"POV_MEDIAN":51.1,"POV_MIN":47.1,"POV_MAKS":79.3,"TIPE":"Tidak Bersinyal","JENIS":"Persimpangan","NAMA_JALAN":"Jl. Gajah Mada","KELURAHAN":"TIBAN INDAH","KECAMATAN":"SEKUPANG","PRIORITAS":"PRIORITAS 2","SURVEYOR":"BUDI","WAKTU":"2026-09-02T02:54:56.932Z","CARA_COCOK":"ID","JARAK_COCOK_M":0.0},"geometry":{"type":"Point","coordinates":[104.000898,1.107533]}},{"type":"Feature","id":"ANL-SKP-GMA-KOR-012-POV-02","properties":{"fid":457,"ID_POV":"ANL-SKP-GMA-KOR-012-POV-02","ID_TITIK":"ANL-SKP-GMA-KOR-012","UID":"UID-2163","ID_WEBGIS":"ANL-SKP-GMA-SIM-028","POV_KE":2,"LAT":1.107402,"LON":104.000863,"JARAK_M":47.1,"STATUS_POV":"ubah","JML_POV":3,"POV_MEAN":59.2,"POV_MEDIAN":51.1,"POV_MIN":47.1,"POV_MAKS":79.3,"TIPE":"Tidak Bersinyal","JENIS":"Persimpangan","NAMA_JALAN":"Jl. Gajah Mada","KELURAHAN":"TIBAN INDAH","KECAMATAN":"SEKUPANG","PRIORITAS":"PRIORITAS 2","SURVEYOR":"BUDI","WAKTU":"2026-09-02T02:54:56.932Z","CARA_COCOK":"ID","JARAK_COCOK_M":0.0},"geometry":{"type":"Point","coordinates":[104.000863,1.107402]}},{"type":"Feature","id":"ANL-SKP-GMA-KOR-012-POV-03","properties":{"fid":458,"ID_POV":"ANL-SKP-GMA-KOR-012-POV-03","ID_TITIK":"ANL-SKP-GMA-KOR-012","UID":"UID-2163","ID_WEBGIS":"ANL-SKP-GMA-SIM-028","POV_KE":3,"LAT":1.108017,"LON":103.999995,"JARAK_M":79.3,"STATUS_POV":"asli","JML_POV":3,"POV_MEAN":59.2,"POV_MEDIAN":51.1,"POV_MIN":47.1,"POV_MAKS":79.3,"TIPE":"Tidak Bersinyal","JENIS":"Persimpangan","NAMA_JALAN":"Jl. Gajah Mada","KELURAHAN":"TIBAN INDAH","KECAMATAN":"SEKUPANG","PRIORITAS":"PRIORITAS 2","SURVEYOR":"BUDI","WAKTU":"2026-09-02T02:54:56.932Z","CARA_COCOK":"ID","JARAK_COCOK_M":0.0},"geometry":{"type":"Point","coordinates":[103.999995,1.108017]}},{"type":"Feature","id":"ANL-SKP-GMA-KOR-013-POV-01","properties":{"fid":459,"ID_POV":"ANL-SKP-GMA-KOR-013-POV-01","ID_TITIK":"ANL-SKP-GMA-KOR-013","UID":"UID-2164","ID_WEBGIS":"ANL-SKP-GMA-SIM-029","POV_KE":1,"LAT":1.107737,"LON":104.000274,"JARAK_M":61.8,"STATUS_POV":"ubah","JML_POV":3,"POV_MEAN":60.4,"POV_MEDIAN":61.8,"POV_MIN":49.6,"POV_MAKS":69.9,"TIPE":"Tidak Bersinyal","JENIS":"Persimpangan","NAMA_JALAN":"Jl. Gajah Mada","KELURAHAN":"TIBAN INDAH","KECAMATAN":"SEKUPANG","PRIORITAS":"PRIORITAS 2","SURVEYOR":"Rikrik","WAKTU":"2026-09-01T23:08:16.517Z","CARA_COCOK":"ID","JARAK_COCOK_M":0.0},"geometry":{"type":"Point","coordinates":[104.000274,1.107737]}},{"type":"Feature","id":"ANL-SKP-GMA-KOR-013-POV-02","properties":{"fid":460,"ID_POV":"ANL-SKP-GMA-KOR-013-POV-02","ID_TITIK":"ANL-SKP-GMA-KOR-013","UID":"UID-2164","ID_WEBGIS":"ANL-SKP-GMA-SIM-029","POV_KE":2,"LAT":1.107899,"LON":104.000373,"JARAK_M":49.6,"STATUS_POV":"ubah","JML_POV":3,"POV_MEAN":60.4,"POV_MEDIAN":61.8,"POV_MIN":49.6,"POV_MAKS":69.9,"TIPE":"Tidak Bersinyal","JENIS":"Persimpangan","NAMA_JALAN":"Jl. Gajah Mada","KELURAHAN":"TIBAN INDAH","KECAMATAN":"SEKUPANG","PRIORITAS":"PRIORITAS 2","SURVEYOR":"Rikrik","WAKTU":"2026-09-01T23:08:16.517Z","CARA_COCOK":"ID","JARAK_COCOK_M":0.0},"geometry":{"type":"Point","coordinates":[104.000373,1.107899]}},{"type":"Feature","id":"ANL-SKP-GMA-KOR-013-POV-03","properties":{"fid":461,"ID_POV":"ANL-SKP-GMA-KOR-013-POV-03","ID_TITIK":"ANL-SKP-GMA-KOR-013","UID":"UID-2164","ID_WEBGIS":"ANL-SKP-GMA-SIM-029","POV_KE":3,"LAT":1.107319,"LON":104.001143,"JARAK_M":69.9,"STATUS_POV":"ubah","JML_POV":3,"POV_MEAN":60.4,"POV_MEDIAN":61.8,"POV_MIN":49.6,"POV_MAKS":69.9,"TIPE":"Tidak Bersinyal","JENIS":"Persimpangan","NAMA_JALAN":"Jl. Gajah Mada","KELURAHAN":"TIBAN INDAH","KECAMATAN":"SEKUPANG","PRIORITAS":"PRIORITAS 2","SURVEYOR":"Rikrik","WAKTU":"2026-09-01T23:08:16.517Z","CARA_COCOK":"ID","JARAK_COCOK_M":0.0},"geometry":{"type":"Point","coordinates":[104.001143,1.107319]}},{"type":"Feature","id":"ANL-SKP-GMA-SIM-005-POV-01","properties":{"fid":462,"ID_POV":"ANL-SKP-GMA-SIM-005-POV-01","ID_TITIK":"ANL-SKP-GMA-SIM-005","UID":"UID-2165","ID_WEBGIS":"ANL-SKP-GMA-SIM-030","POV_KE":1,"LAT":1.111859,"LON":104.003422,"JARAK_M":70.9,"STATUS_POV":"ubah","JML_POV":3,"POV_MEAN":43.4,"POV_MEDIAN":31.7,"POV_MIN":27.6,"POV_MAKS":70.9,"TIPE":"Tidak Bersinyal","JENIS":"Persimpangan","NAMA_JALAN":"Jl. Gajah Mada","KELURAHAN":"TIBAN INDAH","KECAMATAN":"SEKUPANG","PRIORITAS":"PRIORITAS 2","SURVEYOR":"Sutani","WAKTU":"2026-09-03T09:57:55.318Z","CARA_COCOK":"ID","JARAK_COCOK_M":0.0},"geometry":{"type":"Point","coordinates":[104.003422,1.111859]}},{"type":"Feature","id":"ANL-SKP-GMA-SIM-005-POV-02","properties":{"fid":463,"ID_POV":"ANL-SKP-GMA-SIM-005-POV-02","ID_TITIK":"ANL-SKP-GMA-SIM-005","UID":"UID-2165","ID_WEBGIS":"ANL-SKP-GMA-SIM-030","POV_KE":2,"LAT":1.110998,"LON":104.003247,"JARAK_M":31.7,"STATUS_POV":"ubah","JML_POV":3,"POV_MEAN":43.4,"POV_MEDIAN":31.7,"POV_MIN":27.6,"POV_MAKS":70.9,"TIPE":"Tidak Bersinyal","JENIS":"Persimpangan","NAMA_JALAN":"Jl. Gajah Mada","KELURAHAN":"TIBAN INDAH","KECAMATAN":"SEKUPANG","PRIORITAS":"PRIORITAS 2","SURVEYOR":"Sutani","WAKTU":"2026-09-03T09:57:55.318Z","CARA_COCOK":"ID","JARAK_COCOK_M":0.0},"geometry":{"type":"Point","coordinates":[104.003247,1.110998]}},{"type":"Feature","id":"ANL-SKP-GMA-SIM-005-POV-03","properties":{"fid":464,"ID_POV":"ANL-SKP-GMA-SIM-005-POV-03","ID_TITIK":"ANL-SKP-GMA-SIM-005","UID":"UID-2165","ID_WEBGIS":"ANL-SKP-GMA-SIM-030","POV_KE":3,"LAT":1.111279,"LON":104.003419,"JARAK_M":27.6,"STATUS_POV":"baru","JML_POV":3,"POV_MEAN":43.4,"POV_MEDIAN":31.7,"POV_MIN":27.6,"POV_MAKS":70.9,"TIPE":"Tidak Bersinyal","JENIS":"Persimpangan","NAMA_JALAN":"Jl. Gajah Mada","KELURAHAN":"TIBAN INDAH","KECAMATAN":"SEKUPANG","PRIORITAS":"PRIORITAS 2","SURVEYOR":"Sutani","WAKTU":"2026-09-03T09:57:55.318Z","CARA_COCOK":"ID","JARAK_COCOK_M":0.0},"geometry":{"type":"Point","coordinates":[104.003419,1.111279]}},{"type":"Feature","id":"ANL-SKP-GTG-SIM-001-POV-01","properties":{"fid":465,"ID_POV":"ANL-SKP-GTG-SIM-001-POV-01","ID_TITIK":"ANL-SKP-GTG-SIM-001","UID":"UID-2196","ID_WEBGIS":"ANL-SKP-GTG-SIM-020","POV_KE":1,"LAT":1.108715,"LON":103.957996,"JARAK_M":8.1,"STATUS_POV":"asli","JML_POV":3,"POV_MEAN":18.8,"POV_MEDIAN":20.8,"POV_MIN":8.1,"POV_MAKS":27.6,"TIPE":"Tidak Bersinyal","JENIS":"Persimpangan","NAMA_JALAN":"Jl. Gajah Mada","KELURAHAN":"TIBAN BARU","KECAMATAN":"SEKUPANG","PRIORITAS":"PRIORITAS 1","CARA_COCOK":"ID","JARAK_COCOK_M":0.0},"geometry":{"type":"Point","coordinates":[103.957996,1.108715]}},{"type":"Feature","id":"ANL-SKP-GTG-SIM-001-POV-02","properties":{"fid":466,"ID_POV":"ANL-SKP-GTG-SIM-001-POV-02","ID_TITIK":"ANL-SKP-GTG-SIM-001","UID":"UID-2196","ID_WEBGIS":"ANL-SKP-GTG-SIM-020","POV_KE":2,"LAT":1.108415,"LON":103.957895,"JARAK_M":27.6,"STATUS_POV":"asli","JML_POV":3,"POV_MEAN":18.8,"POV_MEDIAN":20.8,"POV_MIN":8.1,"POV_MAKS":27.6,"TIPE":"Tidak Bersinyal","JENIS":"Persimpangan","NAMA_JALAN":"Jl. Gajah Mada","KELURAHAN":"TIBAN BARU","KECAMATAN":"SEKUPANG","PRIORITAS":"PRIORITAS 1","CARA_COCOK":"ID","JARAK_COCOK_M":0.0},"geometry":{"type":"Point","coordinates":[103.957895,1.108415]}},{"type":"Feature","id":"ANL-SKP-GTG-SIM-001-POV-03","properties":{"fid":467,"ID_POV":"ANL-SKP-GTG-SIM-001-POV-03","ID_TITIK":"ANL-SKP-GTG-SIM-001","UID":"UID-2196","ID_WEBGIS":"ANL-SKP-GTG-SIM-020","POV_KE":3,"LAT":1.10869,"LON":103.957815,"JARAK_M":20.8,"STATUS_POV":"asli","JML_POV":3,"POV_MEAN":18.8,"POV_MEDIAN":20.8,"POV_MIN":8.1,"POV_MAKS":27.6,"TIPE":"Tidak Bersinyal","JENIS":"Persimpangan","NAMA_JALAN":"Jl. Gajah Mada","KELURAHAN":"TIBAN BARU","KECAMATAN":"SEKUPANG","PRIORITAS":"PRIORITAS 1","CARA_COCOK":"ID","JARAK_COCOK_M":0.0},"geometry":{"type":"Point","coordinates":[103.957815,1.10869]}},{"type":"Feature","id":"ANL-SKP-IRS-SIM-001-POV-01","properties":{"fid":468,"ID_POV":"ANL-SKP-IRS-SIM-001-POV-01","ID_TITIK":"ANL-SKP-IRS-SIM-001","UID":"UID-2205","ID_WEBGIS":"ANL-SKP-IRS-SIM-011","POV_KE":1,"LAT":1.112092,"LON":103.946004,"JARAK_M":60.4,"STATUS_POV":"ubah","JML_POV":3,"POV_MEAN":51.5,"POV_MEDIAN":49.1,"POV_MIN":44.9,"POV_MAKS":60.4,"TIPE":"Tidak Bersinyal","JENIS":"Persimpangan","NAMA_JALAN":"Jl. Ir. Sutami","KELURAHAN":"SEI HARAPAN","KECAMATAN":"SEKUPANG","PRIORITAS":"PRIORITAS 2","SURVEYOR":"BUDI","WAKTU":"2026-09-02T04:24:04.154Z","CARA_COCOK":"ID","JARAK_COCOK_M":0.0},"geometry":{"type":"Point","coordinates":[103.946004,1.112092]}},{"type":"Feature","id":"ANL-SKP-IRS-SIM-001-POV-02","properties":{"fid":469,"ID_POV":"ANL-SKP-IRS-SIM-001-POV-02","ID_TITIK":"ANL-SKP-IRS-SIM-001","UID":"UID-2205","ID_WEBGIS":"ANL-SKP-IRS-SIM-011","POV_KE":2,"LAT":1.112533,"LON":103.946052,"JARAK_M":49.1,"STATUS_POV":"asli","JML_POV":3,"POV_MEAN":51.5,"POV_MEDIAN":49.1,"POV_MIN":44.9,"POV_MAKS":60.4,"TIPE":"Tidak Bersinyal","JENIS":"Persimpangan","NAMA_JALAN":"Jl. Ir. Sutami","KELURAHAN":"SEI HARAPAN","KECAMATAN":"SEKUPANG","PRIORITAS":"PRIORITAS 2","SURVEYOR":"BUDI","WAKTU":"2026-09-02T04:24:04.154Z","CARA_COCOK":"ID","JARAK_COCOK_M":0.0},"geometry":{"type":"Point","coordinates":[103.946052,1.112533]}},{"type":"Feature","id":"ANL-SKP-IRS-SIM-001-POV-03","properties":{"fid":470,"ID_POV":"ANL-SKP-IRS-SIM-001-POV-03","ID_TITIK":"ANL-SKP-IRS-SIM-001","UID":"UID-2205","ID_WEBGIS":"ANL-SKP-IRS-SIM-011","POV_KE":3,"LAT":1.111974,"LON":103.946457,"JARAK_M":44.9,"STATUS_POV":"asli","JML_POV":3,"POV_MEAN":51.5,"POV_MEDIAN":49.1,"POV_MIN":44.9,"POV_MAKS":60.4,"TIPE":"Tidak Bersinyal","JENIS":"Persimpangan","NAMA_JALAN":"Jl. Ir. Sutami","KELURAHAN":"SEI HARAPAN","KECAMATAN":"SEKUPANG","PRIORITAS":"PRIORITAS 2","SURVEYOR":"BUDI","WAKTU":"2026-09-02T04:24:04.154Z","CARA_COCOK":"ID","JARAK_COCOK_M":0.0},"geometry":{"type":"Point","coordinates":[103.946457,1.111974]}},{"type":"Feature","id":"ANL-SKP-KAD-SIM-001-POV-01","properties":{"fid":471,"ID_POV":"ANL-SKP-KAD-SIM-001-POV-01","ID_TITIK":"ANL-SKP-KAD-SIM-001","UID":"UID-2222","ID_WEBGIS":"ANL-SKP-KAD-SIM-002","POV_KE":1,"LAT":1.087805,"LON":103.945329,"JARAK_M":10.3,"STATUS_POV":"ubah","JML_POV":3,"POV_MEAN":26.1,"POV_MEDIAN":32.1,"POV_MIN":10.3,"POV_MAKS":36.0,"TIPE":"Tidak Bersinyal","JENIS":"Persimpangan","NAMA_JALAN":"Jl. Djati Kusumo","KELURAHAN":"TANJUNG RIAU","KECAMATAN":"SEKUPANG","PRIORITAS":"PRIORITAS 3","SURVEYOR":"BUDI","WAKTU":"2026-09-02T04:22:18.751Z","CARA_COCOK":"ID","JARAK_COCOK_M":0.0},"geometry":{"type":"Point","coordinates":[103.945329,1.087805]}},{"type":"Feature","id":"ANL-SKP-KAD-SIM-001-POV-02","properties":{"fid":472,"ID_POV":"ANL-SKP-KAD-SIM-001-POV-02","ID_TITIK":"ANL-SKP-KAD-SIM-001","UID":"UID-2222","ID_WEBGIS":"ANL-SKP-KAD-SIM-002","POV_KE":2,"LAT":1.087825,"LON":103.944974,"JARAK_M":32.1,"STATUS_POV":"ubah","JML_POV":3,"POV_MEAN":26.1,"POV_MEDIAN":32.1,"POV_MIN":10.3,"POV_MAKS":36.0,"TIPE":"Tidak Bersinyal","JENIS":"Persimpangan","NAMA_JALAN":"Jl. Djati Kusumo","KELURAHAN":"TANJUNG RIAU","KECAMATAN":"SEKUPANG","PRIORITAS":"PRIORITAS 3","SURVEYOR":"BUDI","WAKTU":"2026-09-02T04:22:18.751Z","CARA_COCOK":"ID","JARAK_COCOK_M":0.0},"geometry":{"type":"Point","coordinates":[103.944974,1.087825]}},{"type":"Feature","id":"ANL-SKP-KAD-SIM-001-POV-03","properties":{"fid":473,"ID_POV":"ANL-SKP-KAD-SIM-001-POV-03","ID_TITIK":"ANL-SKP-KAD-SIM-001","UID":"UID-2222","ID_WEBGIS":"ANL-SKP-KAD-SIM-002","POV_KE":3,"LAT":1.088061,"LON":103.945156,"JARAK_M":36.0,"STATUS_POV":"ubah","JML_POV":3,"POV_MEAN":26.1,"POV_MEDIAN":32.1,"POV_MIN":10.3,"POV_MAKS":36.0,"TIPE":"Tidak Bersinyal","JENIS":"Persimpangan","NAMA_JALAN":"Jl. Djati Kusumo","KELURAHAN":"TANJUNG RIAU","KECAMATAN":"SEKUPANG","PRIORITAS":"PRIORITAS 3","SURVEYOR":"BUDI","WAKTU":"2026-09-02T04:22:18.751Z","CARA_COCOK":"ID","JARAK_COCOK_M":0.0},"geometry":{"type":"Point","coordinates":[103.945156,1.088061]}},{"type":"Feature","id":"ANL-SKP-KAD-SIM-002-POV-01","properties":{"fid":474,"ID_POV":"ANL-SKP-KAD-SIM-002-POV-01","ID_TITIK":"ANL-SKP-KAD-SIM-002","UID":"UID-2223","ID_WEBGIS":"ANL-SKP-KAD-SIM-019","POV_KE":1,"LAT":1.105063,"LON":103.954817,"JARAK_M":39.6,"STATUS_POV":"ubah","JML_POV":3,"POV_MEAN":57.3,"POV_MEDIAN":62.5,"POV_MIN":39.6,"POV_MAKS":69.8,"TIPE":"Tidak Bersinyal","JENIS":"Persimpangan","NAMA_JALAN":"Jl. Gajah Mada","KELURAHAN":"SEI HARAPAN","KECAMATAN":"SEKUPANG","PRIORITAS":"PRIORITAS 2","SURVEYOR":"paiq","WAKTU":"2026-09-03T10:14:53.711Z","CARA_COCOK":"ID","JARAK_COCOK_M":0.0},"geometry":{"type":"Point","coordinates":[103.954817,1.105063]}},{"type":"Feature","id":"ANL-SKP-KAD-SIM-002-POV-02","properties":{"fid":475,"ID_POV":"ANL-SKP-KAD-SIM-002-POV-02","ID_TITIK":"ANL-SKP-KAD-SIM-002","UID":"UID-2223","ID_WEBGIS":"ANL-SKP-KAD-SIM-019","POV_KE":2,"LAT":1.1055,"LON":103.954938,"JARAK_M":69.8,"STATUS_POV":"ubah","JML_POV":3,"POV_MEAN":57.3,"POV_MEDIAN":62.5,"POV_MIN":39.6,"POV_MAKS":69.8,"TIPE":"Tidak Bersinyal","JENIS":"Persimpangan","NAMA_JALAN":"Jl. Gajah Mada","KELURAHAN":"SEI HARAPAN","KECAMATAN":"SEKUPANG","PRIORITAS":"PRIORITAS 2","SURVEYOR":"paiq","WAKTU":"2026-09-03T10:14:53.711Z","CARA_COCOK":"ID","JARAK_COCOK_M":0.0},"geometry":{"type":"Point","coordinates":[103.954938,1.1055]}},{"type":"Feature","id":"ANL-SKP-KAD-SIM-002-POV-03","properties":{"fid":476,"ID_POV":"ANL-SKP-KAD-SIM-002-POV-03","ID_TITIK":"ANL-SKP-KAD-SIM-002","UID":"UID-2223","ID_WEBGIS":"ANL-SKP-KAD-SIM-019","POV_KE":3,"LAT":1.105374,"LON":103.955445,"JARAK_M":62.5,"STATUS_POV":"ubah","JML_POV":3,"POV_MEAN":57.3,"POV_MEDIAN":62.5,"POV_MIN":39.6,"POV_MAKS":69.8,"TIPE":"Tidak Bersinyal","JENIS":"Persimpangan","NAMA_JALAN":"Jl. Gajah Mada","KELURAHAN":"SEI HARAPAN","KECAMATAN":"SEKUPANG","PRIORITAS":"PRIORITAS 2","SURVEYOR":"paiq","WAKTU":"2026-09-03T10:14:53.711Z","CARA_COCOK":"ID","JARAK_COCOK_M":0.0},"geometry":{"type":"Point","coordinates":[103.955445,1.105374]}},{"type":"Feature","id":"ANL-SKP-KSU-SIM-001-POV-01","properties":{"fid":477,"ID_POV":"ANL-SKP-KSU-SIM-001-POV-01","ID_TITIK":"ANL-SKP-KSU-SIM-001","UID":"UID-2228","ID_WEBGIS":"ANL-SKP-KSU-SIM-005","POV_KE":1,"LAT":1.126168,"LON":103.92774,"JARAK_M":34.1,"STATUS_POV":"ubah","JML_POV":3,"POV_MEAN":34.9,"POV_MEDIAN":34.1,"POV_MIN":31.6,"POV_MAKS":38.9,"TIPE":"Tidak Bersinyal","JENIS":"Persimpangan","NAMA_JALAN":"Jl. RE Martadinata Ujung","KELURAHAN":"TANJUNG PINGGIR","KECAMATAN":"SEKUPANG","PRIORITAS":"PRIORITAS 3","SURVEYOR":"BUDI","WAKTU":"2026-09-02T00:47:38.128Z","CARA_COCOK":"ID","JARAK_COCOK_M":0.0},"geometry":{"type":"Point","coordinates":[103.92774,1.126168]}},{"type":"Feature","id":"ANL-SKP-KSU-SIM-001-POV-02","properties":{"fid":478,"ID_POV":"ANL-SKP-KSU-SIM-001-POV-02","ID_TITIK":"ANL-SKP-KSU-SIM-001","UID":"UID-2228","ID_WEBGIS":"ANL-SKP-KSU-SIM-005","POV_KE":2,"LAT":1.12616,"LON":103.927958,"JARAK_M":31.6,"STATUS_POV":"ubah","JML_POV":3,"POV_MEAN":34.9,"POV_MEDIAN":34.1,"POV_MIN":31.6,"POV_MAKS":38.9,"TIPE":"Tidak Bersinyal","JENIS":"Persimpangan","NAMA_JALAN":"Jl. RE Martadinata Ujung","KELURAHAN":"TANJUNG PINGGIR","KECAMATAN":"SEKUPANG","PRIORITAS":"PRIORITAS 3","SURVEYOR":"BUDI","WAKTU":"2026-09-02T00:47:38.128Z","CARA_COCOK":"ID","JARAK_COCOK_M":0.0},"geometry":{"type":"Point","coordinates":[103.927958,1.12616]}},{"type":"Feature","id":"ANL-SKP-KSU-SIM-001-POV-03","properties":{"fid":479,"ID_POV":"ANL-SKP-KSU-SIM-001-POV-03","ID_TITIK":"ANL-SKP-KSU-SIM-001","UID":"UID-2228","ID_WEBGIS":"ANL-SKP-KSU-SIM-005","POV_KE":3,"LAT":1.126426,"LON":103.927539,"JARAK_M":38.9,"STATUS_POV":"ubah","JML_POV":3,"POV_MEAN":34.9,"POV_MEDIAN":34.1,"POV_MIN":31.6,"POV_MAKS":38.9,"TIPE":"Tidak Bersinyal","JENIS":"Persimpangan","NAMA_JALAN":"Jl. RE Martadinata Ujung","KELURAHAN":"TANJUNG PINGGIR","KECAMATAN":"SEKUPANG","PRIORITAS":"PRIORITAS 3","SURVEYOR":"BUDI","WAKTU":"2026-09-02T00:47:38.128Z","CARA_COCOK":"ID","JARAK_COCOK_M":0.0},"geometry":{"type":"Point","coordinates":[103.927539,1.126426]}},{"type":"Feature","id":"ANL-SKP-PAL-SIM-001-POV-01","properties":{"fid":480,"ID_POV":"ANL-SKP-PAL-SIM-001-POV-01","ID_TITIK":"ANL-SKP-PAL-SIM-001","UID":"UID-2230","ID_WEBGIS":"ANL-SKP-PAL-SIM-009","POV_KE":1,"LAT":1.118979,"LON":103.93738,"JARAK_M":43.7,"STATUS_POV":"asli","JML_POV":3,"POV_MEAN":36.7,"POV_MEDIAN":42.2,"POV_MIN":24.2,"POV_MAKS":43.7,"TIPE":"Bersinyal (OSM)","JENIS":"Persimpangan","NAMA_JALAN":"Jl. Palapa","KELURAHAN":"TANJUNG PINGGIR","KECAMATAN":"SEKUPANG","PRIORITAS":"PRIORITAS 3","SURVEYOR":"paiq","WAKTU":"2026-09-03T10:33:43.447Z","CARA_COCOK":"ID","JARAK_COCOK_M":0.0},"geometry":{"type":"Point","coordinates":[103.93738,1.118979]}},{"type":"Feature","id":"ANL-SKP-PAL-SIM-001-POV-02","properties":{"fid":481,"ID_POV":"ANL-SKP-PAL-SIM-001-POV-02","ID_TITIK":"ANL-SKP-PAL-SIM-001","UID":"UID-2230","ID_WEBGIS":"ANL-SKP-PAL-SIM-009","POV_KE":2,"LAT":1.118383,"LON":103.937605,"JARAK_M":42.2,"STATUS_POV":"asli","JML_POV":3,"POV_MEAN":36.7,"POV_MEDIAN":42.2,"POV_MIN":24.2,"POV_MAKS":43.7,"TIPE":"Bersinyal (OSM)","JENIS":"Persimpangan","NAMA_JALAN":"Jl. Palapa","KELURAHAN":"TANJUNG PINGGIR","KECAMATAN":"SEKUPANG","PRIORITAS":"PRIORITAS 3","SURVEYOR":"paiq","WAKTU":"2026-09-03T10:33:43.447Z","CARA_COCOK":"ID","JARAK_COCOK_M":0.0},"geometry":{"type":"Point","coordinates":[103.937605,1.118383]}},{"type":"Feature","id":"ANL-SKP-PAL-SIM-001-POV-03","properties":{"fid":482,"ID_POV":"ANL-SKP-PAL-SIM-001-POV-03","ID_TITIK":"ANL-SKP-PAL-SIM-001","UID":"UID-2230","ID_WEBGIS":"ANL-SKP-PAL-SIM-009","POV_KE":3,"LAT":1.118751,"LON":103.937482,"JARAK_M":24.2,"STATUS_POV":"baru","JML_POV":3,"POV_MEAN":36.7,"POV_MEDIAN":42.2,"POV_MIN":24.2,"POV_MAKS":43.7,"TIPE":"Bersinyal (OSM)","JENIS":"Persimpangan","NAMA_JALAN":"Jl. Palapa","KELURAHAN":"TANJUNG PINGGIR","KECAMATAN":"SEKUPANG","PRIORITAS":"PRIORITAS 3","SURVEYOR":"paiq","WAKTU":"2026-09-03T10:33:43.447Z","CARA_COCOK":"ID","JARAK_COCOK_M":0.0},"geometry":{"type":"Point","coordinates":[103.937482,1.118751]}},{"type":"Feature","id":"ANL-SKP-PDI-SIM-001-POV-01","properties":{"fid":483,"ID_POV":"ANL-SKP-PDI-SIM-001-POV-01","ID_TITIK":"ANL-SKP-PDI-SIM-001","UID":"UID-2237","ID_WEBGIS":"ANL-SKP-PDI-SIM-023","POV_KE":1,"LAT":1.098741,"LON":103.960556,"JARAK_M":27.9,"STATUS_POV":"baru","JML_POV":3,"POV_MEAN":30.4,"POV_MEDIAN":27.9,"POV_MIN":22.7,"POV_MAKS":40.7,"TIPE":"Tidak Bersinyal","JENIS":"Persimpangan","NAMA_JALAN":"Jl. Utama Tiban Koperasi","KELURAHAN":"TIBAN BARU","KECAMATAN":"SEKUPANG","PRIORITAS":"PRIORITAS 3","SURVEYOR":"paiq","WAKTU":"2026-09-03T10:35:05.927Z","CARA_COCOK":"ID","JARAK_COCOK_M":0.0},"geometry":{"type":"Point","coordinates":[103.960556,1.098741]}},{"type":"Feature","id":"ANL-SKP-PDI-SIM-001-POV-02","properties":{"fid":484,"ID_POV":"ANL-SKP-PDI-SIM-001-POV-02","ID_TITIK":"ANL-SKP-PDI-SIM-001","UID":"UID-2237","ID_WEBGIS":"ANL-SKP-PDI-SIM-023","POV_KE":2,"LAT":1.099011,"LON":103.960506,"JARAK_M":22.7,"STATUS_POV":"baru","JML_POV":3,"POV_MEAN":30.4,"POV_MEDIAN":27.9,"POV_MIN":22.7,"POV_MAKS":40.7,"TIPE":"Tidak Bersinyal","JENIS":"Persimpangan","NAMA_JALAN":"Jl. Utama Tiban Koperasi","KELURAHAN":"TIBAN BARU","KECAMATAN":"SEKUPANG","PRIORITAS":"PRIORITAS 3","SURVEYOR":"paiq","WAKTU":"2026-09-03T10:35:05.927Z","CARA_COCOK":"ID","JARAK_COCOK_M":0.0},"geometry":{"type":"Point","coordinates":[103.960506,1.099011]}},{"type":"Feature","id":"ANL-SKP-PDI-SIM-001-POV-03","properties":{"fid":485,"ID_POV":"ANL-SKP-PDI-SIM-001-POV-03","ID_TITIK":"ANL-SKP-PDI-SIM-001","UID":"UID-2237","ID_WEBGIS":"ANL-SKP-PDI-SIM-023","POV_KE":3,"LAT":1.098581,"LON":103.960686,"JARAK_M":40.7,"STATUS_POV":"baru","JML_POV":3,"POV_MEAN":30.4,"POV_MEDIAN":27.9,"POV_MIN":22.7,"POV_MAKS":40.7,"TIPE":"Tidak Bersinyal","JENIS":"Persimpangan","NAMA_JALAN":"Jl. Utama Tiban Koperasi","KELURAHAN":"TIBAN BARU","KECAMATAN":"SEKUPANG","PRIORITAS":"PRIORITAS 3","SURVEYOR":"paiq","WAKTU":"2026-09-03T10:35:05.927Z","CARA_COCOK":"ID","JARAK_COCOK_M":0.0},"geometry":{"type":"Point","coordinates":[103.960686,1.098581]}},{"type":"Feature","id":"ANL-SKP-RMA-SIM-001-POV-01","properties":{"fid":486,"ID_POV":"ANL-SKP-RMA-SIM-001-POV-01","ID_TITIK":"ANL-SKP-RMA-SIM-001","UID":"UID-2283","ID_WEBGIS":"ANL-SKP-RMA-SIM-006","POV_KE":1,"LAT":1.122822,"LON":103.933226,"JARAK_M":35.3,"STATUS_POV":"ubah","JML_POV":3,"POV_MEAN":38.8,"POV_MEDIAN":35.3,"POV_MIN":33.0,"POV_MAKS":48.1,"TIPE":"Tidak Bersinyal","JENIS":"Persimpangan","NAMA_JALAN":"Jl. RE Martadinata","KELURAHAN":"TANJUNG PINGGIR","KECAMATAN":"SEKUPANG","PRIORITAS":"PRIORITAS 3","SURVEYOR":"BUDI","WAKTU":"2026-09-02T04:24:04.154Z","CARA_COCOK":"ID","JARAK_COCOK_M":0.0},"geometry":{"type":"Point","coordinates":[103.933226,1.122822]}},{"type":"Feature","id":"ANL-SKP-RMA-SIM-001-POV-02","properties":{"fid":487,"ID_POV":"ANL-SKP-RMA-SIM-001-POV-02","ID_TITIK":"ANL-SKP-RMA-SIM-001","UID":"UID-2283","ID_WEBGIS":"ANL-SKP-RMA-SIM-006","POV_KE":2,"LAT":1.122536,"LON":103.933367,"JARAK_M":33.0,"STATUS_POV":"asli","JML_POV":3,"POV_MEAN":38.8,"POV_MEDIAN":35.3,"POV_MIN":33.0,"POV_MAKS":48.1,"TIPE":"Tidak Bersinyal","JENIS":"Persimpangan","NAMA_JALAN":"Jl. RE Martadinata","KELURAHAN":"TANJUNG PINGGIR","KECAMATAN":"SEKUPANG","PRIORITAS":"PRIORITAS 3","SURVEYOR":"BUDI","WAKTU":"2026-09-02T04:24:04.154Z","CARA_COCOK":"ID","JARAK_COCOK_M":0.0},"geometry":{"type":"Point","coordinates":[103.933367,1.122536]}},{"type":"Feature","id":"ANL-SKP-RMA-SIM-001-POV-03","properties":{"fid":488,"ID_POV":"ANL-SKP-RMA-SIM-001-POV-03","ID_TITIK":"ANL-SKP-RMA-SIM-001","UID":"UID-2283","ID_WEBGIS":"ANL-SKP-RMA-SIM-006","POV_KE":3,"LAT":1.122889,"LON":103.932807,"JARAK_M":48.1,"STATUS_POV":"ubah","JML_POV":3,"POV_MEAN":38.8,"POV_MEDIAN":35.3,"POV_MIN":33.0,"POV_MAKS":48.1,"TIPE":"Tidak Bersinyal","JENIS":"Persimpangan","NAMA_JALAN":"Jl. RE Martadinata","KELURAHAN":"TANJUNG PINGGIR","KECAMATAN":"SEKUPANG","PRIORITAS":"PRIORITAS 3","SURVEYOR":"BUDI","WAKTU":"2026-09-02T04:24:04.154Z","CARA_COCOK":"ID","JARAK_COCOK_M":0.0},"geometry":{"type":"Point","coordinates":[103.932807,1.122889]}},{"type":"Feature","id":"ANL-SKP-RMA-SIM-002-POV-01","properties":{"fid":489,"ID_POV":"ANL-SKP-RMA-SIM-002-POV-01","ID_TITIK":"ANL-SKP-RMA-SIM-002","UID":"UID-2284","ID_WEBGIS":"ANL-SKP-RMA-SIM-008","POV_KE":1,"LAT":1.118818,"LON":103.937482,"JARAK_M":30.6,"STATUS_POV":"baru","JML_POV":3,"POV_MEAN":38.0,"POV_MEDIAN":33.4,"POV_MIN":30.6,"POV_MAKS":50.1,"TIPE":"Tidak Bersinyal","JENIS":"Persimpangan","NAMA_JALAN":"Jl. RE Martadinata","KELURAHAN":"TANJUNG PINGGIR","KECAMATAN":"SEKUPANG","PRIORITAS":"PRIORITAS 3","SURVEYOR":"BUDI","WAKTU":"2026-09-02T01:42:17.952Z","CARA_COCOK":"ID","JARAK_COCOK_M":0.0},"geometry":{"type":"Point","coordinates":[103.937482,1.118818]}},{"type":"Feature","id":"ANL-SKP-RMA-SIM-002-POV-02","properties":{"fid":490,"ID_POV":"ANL-SKP-RMA-SIM-002-POV-02","ID_TITIK":"ANL-SKP-RMA-SIM-002","UID":"UID-2284","ID_WEBGIS":"ANL-SKP-RMA-SIM-008","POV_KE":2,"LAT":1.118842,"LON":103.937721,"JARAK_M":50.1,"STATUS_POV":"baru","JML_POV":3,"POV_MEAN":38.0,"POV_MEDIAN":33.4,"POV_MIN":30.6,"POV_MAKS":50.1,"TIPE":"Tidak Bersinyal","JENIS":"Persimpangan","NAMA_JALAN":"Jl. RE Martadinata","KELURAHAN":"TANJUNG PINGGIR","KECAMATAN":"SEKUPANG","PRIORITAS":"PRIORITAS 3","SURVEYOR":"BUDI","WAKTU":"2026-09-02T01:42:17.952Z","CARA_COCOK":"ID","JARAK_COCOK_M":0.0},"geometry":{"type":"Point","coordinates":[103.937721,1.118842]}},{"type":"Feature","id":"ANL-SKP-RMA-SIM-002-POV-03","properties":{"fid":491,"ID_POV":"ANL-SKP-RMA-SIM-002-POV-03","ID_TITIK":"ANL-SKP-RMA-SIM-002","UID":"UID-2284","ID_WEBGIS":"ANL-SKP-RMA-SIM-008","POV_KE":3,"LAT":1.118386,"LON":103.937598,"JARAK_M":33.4,"STATUS_POV":"baru","JML_POV":3,"POV_MEAN":38.0,"POV_MEDIAN":33.4,"POV_MIN":30.6,"POV_MAKS":50.1,"TIPE":"Tidak Bersinyal","JENIS":"Persimpangan","NAMA_JALAN":"Jl. RE Martadinata","KELURAHAN":"TANJUNG PINGGIR","KECAMATAN":"SEKUPANG","PRIORITAS":"PRIORITAS 3","SURVEYOR":"BUDI","WAKTU":"2026-09-02T01:42:17.952Z","CARA_COCOK":"ID","JARAK_COCOK_M":0.0},"geometry":{"type":"Point","coordinates":[103.937598,1.118386]}},{"type":"Feature","id":"ANL-SKP-RMA-SIM-003-POV-01","properties":{"fid":492,"ID_POV":"ANL-SKP-RMA-SIM-003-POV-01","ID_TITIK":"ANL-SKP-RMA-SIM-003","UID":"UID-2285","ID_WEBGIS":"ANL-SKP-RMA-SIM-018","POV_KE":1,"LAT":1.104983,"LON":103.955276,"JARAK_M":69.5,"STATUS_POV":"ubah","JML_POV":4,"POV_MEAN":48.8,"POV_MEDIAN":54.2,"POV_MIN":17.3,"POV_MAKS":69.5,"TIPE":"Bersinyal (OSM)","JENIS":"Persimpangan","NAMA_JALAN":"Jl. RE Martadinata","KELURAHAN":"TIBAN BARU","KECAMATAN":"SEKUPANG","PRIORITAS":"PRIORITAS 2","SURVEYOR":"BUDI","WAKTU":"2026-09-02T02:32:23.371Z","CARA_COCOK":"ID","JARAK_COCOK_M":0.0},"geometry":{"type":"Point","coordinates":[103.955276,1.104983]}},{"type":"Feature","id":"ANL-SKP-RMA-SIM-003-POV-02","properties":{"fid":493,"ID_POV":"ANL-SKP-RMA-SIM-003-POV-02","ID_TITIK":"ANL-SKP-RMA-SIM-003","UID":"UID-2285","ID_WEBGIS":"ANL-SKP-RMA-SIM-018","POV_KE":2,"LAT":1.105071,"LON":103.954815,"JARAK_M":63.3,"STATUS_POV":"ubah","JML_POV":4,"POV_MEAN":48.8,"POV_MEDIAN":54.2,"POV_MIN":17.3,"POV_MAKS":69.5,"TIPE":"Bersinyal (OSM)","JENIS":"Persimpangan","NAMA_JALAN":"Jl. RE Martadinata","KELURAHAN":"TIBAN BARU","KECAMATAN":"SEKUPANG","PRIORITAS":"PRIORITAS 2","SURVEYOR":"BUDI","WAKTU":"2026-09-02T02:32:23.371Z","CARA_COCOK":"ID","JARAK_COCOK_M":0.0},"geometry":{"type":"Point","coordinates":[103.954815,1.105071]}},{"type":"Feature","id":"ANL-SKP-RMA-SIM-003-POV-03","properties":{"fid":494,"ID_POV":"ANL-SKP-RMA-SIM-003-POV-03","ID_TITIK":"ANL-SKP-RMA-SIM-003","UID":"UID-2285","ID_WEBGIS":"ANL-SKP-RMA-SIM-018","POV_KE":3,"LAT":1.105552,"LON":103.954924,"JARAK_M":17.3,"STATUS_POV":"asli","JML_POV":4,"POV_MEAN":48.8,"POV_MEDIAN":54.2,"POV_MIN":17.3,"POV_MAKS":69.5,"TIPE":"Bersinyal (OSM)","JENIS":"Persimpangan","NAMA_JALAN":"Jl. RE Martadinata","KELURAHAN":"TIBAN BARU","KECAMATAN":"SEKUPANG","PRIORITAS":"PRIORITAS 2","SURVEYOR":"BUDI","WAKTU":"2026-09-02T02:32:23.371Z","CARA_COCOK":"ID","JARAK_COCOK_M":0.0},"geometry":{"type":"Point","coordinates":[103.954924,1.105552]}},{"type":"Feature","id":"ANL-SKP-RMA-SIM-003-POV-04","properties":{"fid":495,"ID_POV":"ANL-SKP-RMA-SIM-003-POV-04","ID_TITIK":"ANL-SKP-RMA-SIM-003","UID":"UID-2285","ID_WEBGIS":"ANL-SKP-RMA-SIM-018","POV_KE":4,"LAT":1.10538,"LON":103.955434,"JARAK_M":45.2,"STATUS_POV":"baru","JML_POV":4,"POV_MEAN":48.8,"POV_MEDIAN":54.2,"POV_MIN":17.3,"POV_MAKS":69.5,"TIPE":"Bersinyal (OSM)","JENIS":"Persimpangan","NAMA_JALAN":"Jl. RE Martadinata","KELURAHAN":"TIBAN BARU","KECAMATAN":"SEKUPANG","PRIORITAS":"PRIORITAS 2","SURVEYOR":"BUDI","WAKTU":"2026-09-02T02:32:23.371Z","CARA_COCOK":"ID","JARAK_COCOK_M":0.0},"geometry":{"type":"Point","coordinates":[103.955434,1.10538]}},{"type":"Feature","id":"ANL-SKP-RMU-SIM-001-POV-01","properties":{"fid":496,"ID_POV":"ANL-SKP-RMU-SIM-001-POV-01","ID_TITIK":"ANL-SKP-RMU-SIM-001","UID":"UID-2292","ID_WEBGIS":"ANL-SKP-RMU-SIM-004","POV_KE":1,"LAT":1.126466,"LON":103.92759,"JARAK_M":23.1,"STATUS_POV":"ubah","JML_POV":3,"POV_MEAN":31.3,"POV_MEDIAN":32.0,"POV_MIN":23.1,"POV_MAKS":38.8,"TIPE":"Tidak Bersinyal","JENIS":"Persimpangan","NAMA_JALAN":"Jl. RE Martadinata Ujung","KELURAHAN":"TANJUNG PINGGIR","KECAMATAN":"SEKUPANG","PRIORITAS":"PRIORITAS 3","SURVEYOR":"BUDI","WAKTU":"2026-09-02T04:23:40.883Z","CARA_COCOK":"ID","JARAK_COCOK_M":0.0},"geometry":{"type":"Point","coordinates":[103.92759,1.126466]}},{"type":"Feature","id":"ANL-SKP-RMU-SIM-001-POV-02","properties":{"fid":497,"ID_POV":"ANL-SKP-RMU-SIM-001-POV-02","ID_TITIK":"ANL-SKP-RMU-SIM-001","UID":"UID-2292","ID_WEBGIS":"ANL-SKP-RMU-SIM-004","POV_KE":2,"LAT":1.126225,"LON":103.927907,"JARAK_M":32.0,"STATUS_POV":"ubah","JML_POV":3,"POV_MEAN":31.3,"POV_MEDIAN":32.0,"POV_MIN":23.1,"POV_MAKS":38.8,"TIPE":"Tidak Bersinyal","JENIS":"Persimpangan","NAMA_JALAN":"Jl. RE Martadinata Ujung","KELURAHAN":"TANJUNG PINGGIR","KECAMATAN":"SEKUPANG","PRIORITAS":"PRIORITAS 3","SURVEYOR":"BUDI","WAKTU":"2026-09-02T04:23:40.883Z","CARA_COCOK":"ID","JARAK_COCOK_M":0.0},"geometry":{"type":"Point","coordinates":[103.927907,1.126225]}},{"type":"Feature","id":"ANL-SKP-RMU-SIM-001-POV-03","properties":{"fid":498,"ID_POV":"ANL-SKP-RMU-SIM-001-POV-03","ID_TITIK":"ANL-SKP-RMU-SIM-001","UID":"UID-2292","ID_WEBGIS":"ANL-SKP-RMU-SIM-004","POV_KE":3,"LAT":1.126479,"LON":103.927893,"JARAK_M":38.8,"STATUS_POV":"ubah","JML_POV":3,"POV_MEAN":31.3,"POV_MEDIAN":32.0,"POV_MIN":23.1,"POV_MAKS":38.8,"TIPE":"Tidak Bersinyal","JENIS":"Persimpangan","NAMA_JALAN":"Jl. RE Martadinata Ujung","KELURAHAN":"TANJUNG PINGGIR","KECAMATAN":"SEKUPANG","PRIORITAS":"PRIORITAS 3","SURVEYOR":"BUDI","WAKTU":"2026-09-02T04:23:40.883Z","CARA_COCOK":"ID","JARAK_COCOK_M":0.0},"geometry":{"type":"Point","coordinates":[103.927893,1.126479]}},{"type":"Feature","id":"ANL-SKP-SK1-SIM-001-POV-01","properties":{"fid":499,"ID_POV":"ANL-SKP-SK1-SIM-001-POV-01","ID_TITIK":"ANL-SKP-SK1-SIM-001","UID":"UID-2297","ID_WEBGIS":"ANL-SKP-SK1-SIM-010","POV_KE":1,"LAT":1.112451,"LON":103.946409,"JARAK_M":68.7,"STATUS_POV":"ubah","JML_POV":3,"POV_MEAN":55.1,"POV_MEDIAN":56.9,"POV_MIN":39.6,"POV_MAKS":68.7,"TIPE":"Bersinyal (OSM)","JENIS":"Persimpangan","NAMA_JALAN":"Jl. RE Martadinata","KELURAHAN":"TANJUNG PINGGIR","KECAMATAN":"SEKUPANG","PRIORITAS":"PRIORITAS 2","SURVEYOR":"BUDI","WAKTU":"2026-09-02T04:21:23.169Z","CARA_COCOK":"ID","JARAK_COCOK_M":0.0},"geometry":{"type":"Point","coordinates":[103.946409,1.112451]}},{"type":"Feature","id":"ANL-SKP-SK1-SIM-001-POV-02","properties":{"fid":500,"ID_POV":"ANL-SKP-SK1-SIM-001-POV-02","ID_TITIK":"ANL-SKP-SK1-SIM-001","UID":"UID-2297","ID_WEBGIS":"ANL-SKP-SK1-SIM-010","POV_KE":2,"LAT":1.112427,"LON":103.946108,"JARAK_M":39.6,"STATUS_POV":"ubah","JML_POV":3,"POV_MEAN":55.1,"POV_MEDIAN":56.9,"POV_MIN":39.6,"POV_MAKS":68.7,"TIPE":"Bersinyal (OSM)","JENIS":"Persimpangan","NAMA_JALAN":"Jl. RE Martadinata","KELURAHAN":"TANJUNG PINGGIR","KECAMATAN":"SEKUPANG","PRIORITAS":"PRIORITAS 2","SURVEYOR":"BUDI","WAKTU":"2026-09-02T04:21:23.169Z","CARA_COCOK":"ID","JARAK_COCOK_M":0.0},"geometry":{"type":"Point","coordinates":[103.946108,1.112427]}},{"type":"Feature","id":"ANL-SKP-SK1-SIM-001-POV-03","properties":{"fid":501,"ID_POV":"ANL-SKP-SK1-SIM-001-POV-03","ID_TITIK":"ANL-SKP-SK1-SIM-001","UID":"UID-2297","ID_WEBGIS":"ANL-SKP-SK1-SIM-010","POV_KE":3,"LAT":1.112049,"LON":103.946352,"JARAK_M":56.9,"STATUS_POV":"ubah","JML_POV":3,"POV_MEAN":55.1,"POV_MEDIAN":56.9,"POV_MIN":39.6,"POV_MAKS":68.7,"TIPE":"Bersinyal (OSM)","JENIS":"Persimpangan","NAMA_JALAN":"Jl. RE Martadinata","KELURAHAN":"TANJUNG PINGGIR","KECAMATAN":"SEKUPANG","PRIORITAS":"PRIORITAS 2","SURVEYOR":"BUDI","WAKTU":"2026-09-02T04:21:23.169Z","CARA_COCOK":"ID","JARAK_COCOK_M":0.0},"geometry":{"type":"Point","coordinates":[103.946352,1.112049]}},{"type":"Feature","id":"ANL-SKP-SK1-SIM-002-POV-01","properties":{"fid":502,"ID_POV":"ANL-SKP-SK1-SIM-002-POV-01","ID_TITIK":"ANL-SKP-SK1-SIM-002","UID":"UID-2298","ID_WEBGIS":"ANL-SKP-SK1-SIM-013","POV_KE":1,"LAT":1.110679,"LON":103.94507,"JARAK_M":21.9,"STATUS_POV":"ubah","JML_POV":3,"POV_MEAN":21.2,"POV_MEDIAN":21.9,"POV_MIN":16.2,"POV_MAKS":25.5,"TIPE":"Tidak Bersinyal","JENIS":"Persimpangan","NAMA_JALAN":"Jl. Kawasan Industri Sekupang 1","KELURAHAN":"SEI HARAPAN","KECAMATAN":"SEKUPANG","PRIORITAS":"PRIORITAS 3","SURVEYOR":"BUDI","WAKTU":"2026-09-02T04:56:26.419Z","CARA_COCOK":"ID","JARAK_COCOK_M":0.0},"geometry":{"type":"Point","coordinates":[103.94507,1.110679]}},{"type":"Feature","id":"ANL-SKP-SK1-SIM-002-POV-02","properties":{"fid":503,"ID_POV":"ANL-SKP-SK1-SIM-002-POV-02","ID_TITIK":"ANL-SKP-SK1-SIM-002","UID":"UID-2298","ID_WEBGIS":"ANL-SKP-SK1-SIM-013","POV_KE":2,"LAT":1.110875,"LON":103.945108,"JARAK_M":25.5,"STATUS_POV":"ubah","JML_POV":3,"POV_MEAN":21.2,"POV_MEDIAN":21.9,"POV_MIN":16.2,"POV_MAKS":25.5,"TIPE":"Tidak Bersinyal","JENIS":"Persimpangan","NAMA_JALAN":"Jl. Kawasan Industri Sekupang 1","KELURAHAN":"SEI HARAPAN","KECAMATAN":"SEKUPANG","PRIORITAS":"PRIORITAS 3","SURVEYOR":"BUDI","WAKTU":"2026-09-02T04:56:26.419Z","CARA_COCOK":"ID","JARAK_COCOK_M":0.0},"geometry":{"type":"Point","coordinates":[103.945108,1.110875]}},{"type":"Feature","id":"ANL-SKP-SK1-SIM-002-POV-03","properties":{"fid":504,"ID_POV":"ANL-SKP-SK1-SIM-002-POV-03","ID_TITIK":"ANL-SKP-SK1-SIM-002","UID":"UID-2298","ID_WEBGIS":"ANL-SKP-SK1-SIM-013","POV_KE":3,"LAT":1.110664,"LON":103.944809,"JARAK_M":16.2,"STATUS_POV":"ubah","JML_POV":3,"POV_MEAN":21.2,"POV_MEDIAN":21.9,"POV_MIN":16.2,"POV_MAKS":25.5,"TIPE":"Tidak Bersinyal","JENIS":"Persimpangan","NAMA_JALAN":"Jl. Kawasan Industri Sekupang 1","KELURAHAN":"SEI HARAPAN","KECAMATAN":"SEKUPANG","PRIORITAS":"PRIORITAS 3","SURVEYOR":"BUDI","WAKTU":"2026-09-02T04:56:26.419Z","CARA_COCOK":"ID","JARAK_COCOK_M":0.0},"geometry":{"type":"Point","coordinates":[103.944809,1.110664]}},{"type":"Feature","id":"ANL-SKP-SK1-SIM-003-POV-01","properties":{"fid":505,"ID_POV":"ANL-SKP-SK1-SIM-003-POV-01","ID_TITIK":"ANL-SKP-SK1-SIM-003","UID":"UID-2299","ID_WEBGIS":"ANL-SKP-SK1-SIM-014","POV_KE":1,"LAT":1.109351,"LON":103.941838,"JARAK_M":20.6,"STATUS_POV":"ubah","JML_POV":3,"POV_MEAN":20.7,"POV_MEDIAN":20.6,"POV_MIN":19.0,"POV_MAKS":22.4,"TIPE":"Tidak Bersinyal","JENIS":"Persimpangan","NAMA_JALAN":"Jl. Kawasan Industri Sekupang 1","KELURAHAN":"SEI HARAPAN","KECAMATAN":"SEKUPANG","PRIORITAS":"PRIORITAS 3","SURVEYOR":"BUDI","WAKTU":"2026-09-02T04:22:46.266Z","CARA_COCOK":"ID","JARAK_COCOK_M":0.0},"geometry":{"type":"Point","coordinates":[103.941838,1.109351]}},{"type":"Feature","id":"ANL-SKP-SK1-SIM-003-POV-02","properties":{"fid":506,"ID_POV":"ANL-SKP-SK1-SIM-003-POV-02","ID_TITIK":"ANL-SKP-SK1-SIM-003","UID":"UID-2299","ID_WEBGIS":"ANL-SKP-SK1-SIM-014","POV_KE":2,"LAT":1.109428,"LON":103.941624,"JARAK_M":22.4,"STATUS_POV":"ubah","JML_POV":3,"POV_MEAN":20.7,"POV_MEDIAN":20.6,"POV_MIN":19.0,"POV_MAKS":22.4,"TIPE":"Tidak Bersinyal","JENIS":"Persimpangan","NAMA_JALAN":"Jl. Kawasan Industri Sekupang 1","KELURAHAN":"SEI HARAPAN","KECAMATAN":"SEKUPANG","PRIORITAS":"PRIORITAS 3","SURVEYOR":"BUDI","WAKTU":"2026-09-02T04:22:46.266Z","CARA_COCOK":"ID","JARAK_COCOK_M":0.0},"geometry":{"type":"Point","coordinates":[103.941624,1.109428]}},{"type":"Feature","id":"ANL-SKP-SK1-SIM-003-POV-03","properties":{"fid":507,"ID_POV":"ANL-SKP-SK1-SIM-003-POV-03","ID_TITIK":"ANL-SKP-SK1-SIM-003","UID":"UID-2299","ID_WEBGIS":"ANL-SKP-SK1-SIM-014","POV_KE":3,"LAT":1.109239,"LON":103.94152,"JARAK_M":19.0,"STATUS_POV":"ubah","JML_POV":3,"POV_MEAN":20.7,"POV_MEDIAN":20.6,"POV_MIN":19.0,"POV_MAKS":22.4,"TIPE":"Tidak Bersinyal","JENIS":"Persimpangan","NAMA_JALAN":"Jl. Kawasan Industri Sekupang 1","KELURAHAN":"SEI HARAPAN","KECAMATAN":"SEKUPANG","PRIORITAS":"PRIORITAS 3","SURVEYOR":"BUDI","WAKTU":"2026-09-02T04:22:46.266Z","CARA_COCOK":"ID","JARAK_COCOK_M":0.0},"geometry":{"type":"Point","coordinates":[103.94152,1.109239]}},{"type":"Feature","id":"ANL-SKP-SK1-SIM-004-POV-01","properties":{"fid":508,"ID_POV":"ANL-SKP-SK1-SIM-004-POV-01","ID_TITIK":"ANL-SKP-SK1-SIM-004","UID":"UID-2300","ID_WEBGIS":"ANL-SKP-SK1-SIM-015","POV_KE":1,"LAT":1.109337,"LON":103.94181,"JARAK_M":27.5,"STATUS_POV":"ubah","JML_POV":3,"POV_MEAN":17.2,"POV_MEDIAN":13.1,"POV_MIN":11.1,"POV_MAKS":27.5,"TIPE":"Tidak Bersinyal","JENIS":"Persimpangan","NAMA_JALAN":"Jl. Kawasan Industri Sekupang 1","KELURAHAN":"TANJUNG PINGGIR","KECAMATAN":"SEKUPANG","PRIORITAS":"PRIORITAS 3","SURVEYOR":"BUDI","WAKTU":"2026-09-02T04:54:56.021Z","CARA_COCOK":"ID","JARAK_COCOK_M":0.0},"geometry":{"type":"Point","coordinates":[103.94181,1.109337]}},{"type":"Feature","id":"ANL-SKP-SK1-SIM-004-POV-02","properties":{"fid":509,"ID_POV":"ANL-SKP-SK1-SIM-004-POV-02","ID_TITIK":"ANL-SKP-SK1-SIM-004","UID":"UID-2300","ID_WEBGIS":"ANL-SKP-SK1-SIM-015","POV_KE":2,"LAT":1.109418,"LON":103.941644,"JARAK_M":13.1,"STATUS_POV":"ubah","JML_POV":3,"POV_MEAN":17.2,"POV_MEDIAN":13.1,"POV_MIN":11.1,"POV_MAKS":27.5,"TIPE":"Tidak Bersinyal","JENIS":"Persimpangan","NAMA_JALAN":"Jl. Kawasan Industri Sekupang 1","KELURAHAN":"TANJUNG PINGGIR","KECAMATAN":"SEKUPANG","PRIORITAS":"PRIORITAS 3","SURVEYOR":"BUDI","WAKTU":"2026-09-02T04:54:56.021Z","CARA_COCOK":"ID","JARAK_COCOK_M":0.0},"geometry":{"type":"Point","coordinates":[103.941644,1.109418]}},{"type":"Feature","id":"ANL-SKP-SK1-SIM-005-POV-01","properties":{"fid":510,"ID_POV":"ANL-SKP-SK1-SIM-005-POV-01","ID_TITIK":"ANL-SKP-SK1-SIM-005","UID":"UID-2301","ID_WEBGIS":"ANL-SKP-SK1-SIM-016","POV_KE":1,"LAT":1.107658,"LON":103.936338,"JARAK_M":16.0,"STATUS_POV":"ubah","JML_POV":3,"POV_MEAN":18.9,"POV_MEDIAN":18.3,"POV_MIN":16.0,"POV_MAKS":22.3,"TIPE":"Tidak Bersinyal","JENIS":"Persimpangan","NAMA_JALAN":"Jl. Kawasan Industri Sekupang 1","KELURAHAN":"SEI HARAPAN","KECAMATAN":"SEKUPANG","PRIORITAS":"PRIORITAS 3","SURVEYOR":"BUDI","WAKTU":"2026-09-02T04:15:46.366Z","CARA_COCOK":"ID","JARAK_COCOK_M":0.0},"geometry":{"type":"Point","coordinates":[103.936338,1.107658]}},{"type":"Feature","id":"ANL-SKP-SK1-SIM-005-POV-02","properties":{"fid":511,"ID_POV":"ANL-SKP-SK1-SIM-005-POV-02","ID_TITIK":"ANL-SKP-SK1-SIM-005","UID":"UID-2301","ID_WEBGIS":"ANL-SKP-SK1-SIM-016","POV_KE":2,"LAT":1.107575,"LON":103.93651,"JARAK_M":22.3,"STATUS_POV":"ubah","JML_POV":3,"POV_MEAN":18.9,"POV_MEDIAN":18.3,"POV_MIN":16.0,"POV_MAKS":22.3,"TIPE":"Tidak Bersinyal","JENIS":"Persimpangan","NAMA_JALAN":"Jl. Kawasan Industri Sekupang 1","KELURAHAN":"SEI HARAPAN","KECAMATAN":"SEKUPANG","PRIORITAS":"PRIORITAS 3","SURVEYOR":"BUDI","WAKTU":"2026-09-02T04:15:46.366Z","CARA_COCOK":"ID","JARAK_COCOK_M":0.0},"geometry":{"type":"Point","coordinates":[103.93651,1.107575]}},{"type":"Feature","id":"ANL-SKP-SK1-SIM-005-POV-03","properties":{"fid":512,"ID_POV":"ANL-SKP-SK1-SIM-005-POV-03","ID_TITIK":"ANL-SKP-SK1-SIM-005","UID":"UID-2301","ID_WEBGIS":"ANL-SKP-SK1-SIM-016","POV_KE":3,"LAT":1.107761,"LON":103.936602,"JARAK_M":18.3,"STATUS_POV":"ubah","JML_POV":3,"POV_MEAN":18.9,"POV_MEDIAN":18.3,"POV_MIN":16.0,"POV_MAKS":22.3,"TIPE":"Tidak Bersinyal","JENIS":"Persimpangan","NAMA_JALAN":"Jl. Kawasan Industri Sekupang 1","KELURAHAN":"SEI HARAPAN","KECAMATAN":"SEKUPANG","PRIORITAS":"PRIORITAS 3","SURVEYOR":"BUDI","WAKTU":"2026-09-02T04:15:46.366Z","CARA_COCOK":"ID","JARAK_COCOK_M":0.0},"geometry":{"type":"Point","coordinates":[103.936602,1.107761]}},{"type":"Feature","id":"ANL-SKP-SK1-SIM-006-POV-01","properties":{"fid":513,"ID_POV":"ANL-SKP-SK1-SIM-006-POV-01","ID_TITIK":"ANL-SKP-SK1-SIM-006","UID":"UID-2302","ID_WEBGIS":"ANL-SKP-SK1-SIM-017","POV_KE":1,"LAT":1.107595,"LON":103.936514,"JARAK_M":12.0,"STATUS_POV":"ubah","JML_POV":3,"POV_MEAN":17.7,"POV_MEDIAN":15.5,"POV_MIN":12.0,"POV_MAKS":25.6,"TIPE":"Bersinyal (OSM)","JENIS":"Persimpangan","NAMA_JALAN":"Jl. Kawasan Industri Sekupang 2","KELURAHAN":"SEI HARAPAN","KECAMATAN":"SEKUPANG","PRIORITAS":"PRIORITAS 3","SURVEYOR":"BUDI","WAKTU":"2026-09-02T05:07:50.934Z","CARA_COCOK":"ID","JARAK_COCOK_M":0.0},"geometry":{"type":"Point","coordinates":[103.936514,1.107595]}},{"type":"Feature","id":"ANL-SKP-SK1-SIM-006-POV-02","properties":{"fid":514,"ID_POV":"ANL-SKP-SK1-SIM-006-POV-02","ID_TITIK":"ANL-SKP-SK1-SIM-006","UID":"UID-2302","ID_WEBGIS":"ANL-SKP-SK1-SIM-017","POV_KE":2,"LAT":1.10776,"LON":103.936568,"JARAK_M":25.6,"STATUS_POV":"ubah","JML_POV":3,"POV_MEAN":17.7,"POV_MEDIAN":15.5,"POV_MIN":12.0,"POV_MAKS":25.6,"TIPE":"Bersinyal (OSM)","JENIS":"Persimpangan","NAMA_JALAN":"Jl. Kawasan Industri Sekupang 2","KELURAHAN":"SEI HARAPAN","KECAMATAN":"SEKUPANG","PRIORITAS":"PRIORITAS 3","SURVEYOR":"BUDI","WAKTU":"2026-09-02T05:07:50.934Z","CARA_COCOK":"ID","JARAK_COCOK_M":0.0},"geometry":{"type":"Point","coordinates":[103.936568,1.10776]}},{"type":"Feature","id":"ANL-SKP-SK1-SIM-006-POV-03","properties":{"fid":515,"ID_POV":"ANL-SKP-SK1-SIM-006-POV-03","ID_TITIK":"ANL-SKP-SK1-SIM-006","UID":"UID-2302","ID_WEBGIS":"ANL-SKP-SK1-SIM-017","POV_KE":3,"LAT":1.10761,"LON":103.936267,"JARAK_M":15.5,"STATUS_POV":"baru","JML_POV":3,"POV_MEAN":17.7,"POV_MEDIAN":15.5,"POV_MIN":12.0,"POV_MAKS":25.6,"TIPE":"Bersinyal (OSM)","JENIS":"Persimpangan","NAMA_JALAN":"Jl. Kawasan Industri Sekupang 2","KELURAHAN":"SEI HARAPAN","KECAMATAN":"SEKUPANG","PRIORITAS":"PRIORITAS 3","SURVEYOR":"BUDI","WAKTU":"2026-09-02T05:07:50.934Z","CARA_COCOK":"ID","JARAK_COCOK_M":0.0},"geometry":{"type":"Point","coordinates":[103.936267,1.10761]}},{"type":"Feature","id":"ANL-SKP-SK2-SIM-001-POV-01","properties":{"fid":516,"ID_POV":"ANL-SKP-SK2-SIM-001-POV-01","ID_TITIK":"ANL-SKP-SK2-SIM-001","UID":"UID-2306","ID_WEBGIS":"ANL-SKP-SK2-SIM-012","POV_KE":1,"LAT":1.110909,"LON":103.9451,"JARAK_M":15.9,"STATUS_POV":"ubah","JML_POV":3,"POV_MEAN":19.2,"POV_MEDIAN":15.9,"POV_MIN":12.8,"POV_MAKS":28.8,"TIPE":"Tidak Bersinyal","JENIS":"Persimpangan","NAMA_JALAN":"Jl. Kawasan Industri Sekupang 2","KELURAHAN":"SEI HARAPAN","KECAMATAN":"SEKUPANG","PRIORITAS":"PRIORITAS 3","SURVEYOR":"BUDI","WAKTU":"2026-09-02T04:09:38.590Z","CARA_COCOK":"ID","JARAK_COCOK_M":0.0},"geometry":{"type":"Point","coordinates":[103.9451,1.110909]}},{"type":"Feature","id":"ANL-SKP-SK2-SIM-001-POV-02","properties":{"fid":517,"ID_POV":"ANL-SKP-SK2-SIM-001-POV-02","ID_TITIK":"ANL-SKP-SK2-SIM-001","UID":"UID-2306","ID_WEBGIS":"ANL-SKP-SK2-SIM-012","POV_KE":2,"LAT":1.110702,"LON":103.944836,"JARAK_M":28.8,"STATUS_POV":"ubah","JML_POV":3,"POV_MEAN":19.2,"POV_MEDIAN":15.9,"POV_MIN":12.8,"POV_MAKS":28.8,"TIPE":"Tidak Bersinyal","JENIS":"Persimpangan","NAMA_JALAN":"Jl. Kawasan Industri Sekupang 2","KELURAHAN":"SEI HARAPAN","KECAMATAN":"SEKUPANG","PRIORITAS":"PRIORITAS 3","SURVEYOR":"BUDI","WAKTU":"2026-09-02T04:09:38.590Z","CARA_COCOK":"ID","JARAK_COCOK_M":0.0},"geometry":{"type":"Point","coordinates":[103.944836,1.110702]}},{"type":"Feature","id":"ANL-SKP-TKO-SIM-001-POV-01","properties":{"fid":518,"ID_POV":"ANL-SKP-TKO-SIM-001-POV-01","ID_TITIK":"ANL-SKP-TKO-SIM-001","UID":"UID-2311","ID_WEBGIS":"ANL-SKP-TKO-SIM-022","POV_KE":1,"LAT":1.098506,"LON":103.960648,"JARAK_M":36.6,"STATUS_POV":"ubah","JML_POV":3,"POV_MEAN":32.2,"POV_MEDIAN":36.6,"POV_MIN":11.8,"POV_MAKS":48.2,"TIPE":"Tidak Bersinyal","JENIS":"Persimpangan","NAMA_JALAN":"Jl. Utama Tiban Koperasi","KELURAHAN":"TIBAN BARU","KECAMATAN":"SEKUPANG","PRIORITAS":"PRIORITAS 3","SURVEYOR":"BUDI","WAKTU":"2026-09-02T03:21:10.969Z","CARA_COCOK":"ID","JARAK_COCOK_M":0.0},"geometry":{"type":"Point","coordinates":[103.960648,1.098506]}},{"type":"Feature","id":"ANL-SKP-TKO-SIM-001-POV-02","properties":{"fid":519,"ID_POV":"ANL-SKP-TKO-SIM-001-POV-02","ID_TITIK":"ANL-SKP-TKO-SIM-001","UID":"UID-2311","ID_WEBGIS":"ANL-SKP-TKO-SIM-022","POV_KE":2,"LAT":1.099105,"LON":103.960488,"JARAK_M":48.2,"STATUS_POV":"asli","JML_POV":3,"POV_MEAN":32.2,"POV_MEDIAN":36.6,"POV_MIN":11.8,"POV_MAKS":48.2,"TIPE":"Tidak Bersinyal","JENIS":"Persimpangan","NAMA_JALAN":"Jl. Utama Tiban Koperasi","KELURAHAN":"TIBAN BARU","KECAMATAN":"SEKUPANG","PRIORITAS":"PRIORITAS 3","SURVEYOR":"BUDI","WAKTU":"2026-09-02T03:21:10.969Z","CARA_COCOK":"ID","JARAK_COCOK_M":0.0},"geometry":{"type":"Point","coordinates":[103.960488,1.099105]}},{"type":"Feature","id":"ANL-SKP-TTM-SIM-001-POV-01","properties":{"fid":520,"ID_POV":"ANL-SKP-TTM-SIM-001-POV-01","ID_TITIK":"ANL-SKP-TTM-SIM-001","UID":"UID-2314","ID_WEBGIS":"ANL-SKP-TTM-SIM-024","POV_KE":1,"LAT":1.114874,"LON":103.967554,"JARAK_M":22.2,"STATUS_POV":"asli","JML_POV":3,"POV_MEAN":19.8,"POV_MEDIAN":22.2,"POV_MIN":5.5,"POV_MAKS":31.8,"TIPE":"Tidak Bersinyal","JENIS":"Persimpangan","NAMA_JALAN":"Jl. Utama Tiban III - Tiban Mentarau","KELURAHAN":"PATAM LESTARI","KECAMATAN":"SEKUPANG","PRIORITAS":"PRIORITAS 2","SURVEYOR":"BUDI","WAKTU":"2026-09-02T04:58:04.916Z","CARA_COCOK":"ID","JARAK_COCOK_M":0.0},"geometry":{"type":"Point","coordinates":[103.967554,1.114874]}},{"type":"Feature","id":"ANL-SKP-TTM-SIM-001-POV-02","properties":{"fid":521,"ID_POV":"ANL-SKP-TTM-SIM-001-POV-02","ID_TITIK":"ANL-SKP-TTM-SIM-001","UID":"UID-2314","ID_WEBGIS":"ANL-SKP-TTM-SIM-024","POV_KE":2,"LAT":1.114954,"LON":103.967805,"JARAK_M":31.8,"STATUS_POV":"asli","JML_POV":3,"POV_MEAN":19.8,"POV_MEDIAN":22.2,"POV_MIN":5.5,"POV_MAKS":31.8,"TIPE":"Tidak Bersinyal","JENIS":"Persimpangan","NAMA_JALAN":"Jl. Utama Tiban III - Tiban Mentarau","KELURAHAN":"PATAM LESTARI","KECAMATAN":"SEKUPANG","PRIORITAS":"PRIORITAS 2","SURVEYOR":"BUDI","WAKTU":"2026-09-02T04:58:04.916Z","CARA_COCOK":"ID","JARAK_COCOK_M":0.0},"geometry":{"type":"Point","coordinates":[103.967805,1.114954]}},{"type":"Feature","id":"ANL-SKP-TTM-SIM-002-POV-01","properties":{"fid":522,"ID_POV":"ANL-SKP-TTM-SIM-002-POV-01","ID_TITIK":"ANL-SKP-TTM-SIM-002","UID":"UID-2315","ID_WEBGIS":"ANL-SKP-TTM-SIM-025","POV_KE":1,"LAT":1.114897,"LON":103.967554,"JARAK_M":16.9,"STATUS_POV":"ubah","JML_POV":3,"POV_MEAN":21.2,"POV_MEDIAN":19.9,"POV_MIN":16.9,"POV_MAKS":26.8,"TIPE":"Bersinyal (OSM)","JENIS":"Persimpangan","NAMA_JALAN":"Jl. Utama Tiban III - Tiban Mentarau","KELURAHAN":"PATAM LESTARI","KECAMATAN":"SEKUPANG","PRIORITAS":"PRIORITAS 2","SURVEYOR":"BUDI","WAKTU":"2026-09-02T04:59:47.317Z","CARA_COCOK":"ID","JARAK_COCOK_M":0.0},"geometry":{"type":"Point","coordinates":[103.967554,1.114897]}},{"type":"Feature","id":"ANL-SKP-TTM-SIM-002-POV-02","properties":{"fid":523,"ID_POV":"ANL-SKP-TTM-SIM-002-POV-02","ID_TITIK":"ANL-SKP-TTM-SIM-002","UID":"UID-2315","ID_WEBGIS":"ANL-SKP-TTM-SIM-025","POV_KE":2,"LAT":1.115079,"LON":103.967637,"JARAK_M":19.9,"STATUS_POV":"ubah","JML_POV":3,"POV_MEAN":21.2,"POV_MEDIAN":19.9,"POV_MIN":16.9,"POV_MAKS":26.8,"TIPE":"Bersinyal (OSM)","JENIS":"Persimpangan","NAMA_JALAN":"Jl. Utama Tiban III - Tiban Mentarau","KELURAHAN":"PATAM LESTARI","KECAMATAN":"SEKUPANG","PRIORITAS":"PRIORITAS 2","SURVEYOR":"BUDI","WAKTU":"2026-09-02T04:59:47.317Z","CARA_COCOK":"ID","JARAK_COCOK_M":0.0},"geometry":{"type":"Point","coordinates":[103.967637,1.115079]}},{"type":"Feature","id":"ANL-SKP-TTM-SIM-002-POV-03","properties":{"fid":524,"ID_POV":"ANL-SKP-TTM-SIM-002-POV-03","ID_TITIK":"ANL-SKP-TTM-SIM-002","UID":"UID-2315","ID_WEBGIS":"ANL-SKP-TTM-SIM-025","POV_KE":3,"LAT":1.115002,"LON":103.967481,"JARAK_M":26.8,"STATUS_POV":"ubah","JML_POV":3,"POV_MEAN":21.2,"POV_MEDIAN":19.9,"POV_MIN":16.9,"POV_MAKS":26.8,"TIPE":"Bersinyal (OSM)","JENIS":"Persimpangan","NAMA_JALAN":"Jl. Utama Tiban III - Tiban Mentarau","KELURAHAN":"PATAM LESTARI","KECAMATAN":"SEKUPANG","PRIORITAS":"PRIORITAS 2","SURVEYOR":"BUDI","WAKTU":"2026-09-02T04:59:47.317Z","CARA_COCOK":"ID","JARAK_COCOK_M":0.0},"geometry":{"type":"Point","coordinates":[103.967481,1.115002]}},{"type":"Feature","id":"PWK-BTK-ABU-SIM-001-POV-01","properties":{"fid":525,"ID_POV":"PWK-BTK-ABU-SIM-001-POV-01","ID_TITIK":"PWK-BTK-ABU-SIM-001","UID":"UID-2319","ID_WEBGIS":"PWK-BTK-ABU-SIM-033","POV_KE":1,"LAT":1.107187,"LON":104.079317,"JARAK_M":55.1,"STATUS_POV":"ubah","JML_POV":3,"POV_MEAN":48.5,"POV_MEDIAN":55.1,"POV_MIN":21.4,"POV_MAKS":69.1,"TIPE":"Tidak Bersinyal","JENIS":"Persimpangan","NAMA_JALAN":"Jl. Abulyatama","KELURAHAN":"BELIAN","KECAMATAN":"BATAM KOTA","PRIORITAS":"PRIORITAS 3","SURVEYOR":"wahyu","WAKTU":"2026-09-02T05:24:42.376Z","CARA_COCOK":"ID","JARAK_COCOK_M":0.0},"geometry":{"type":"Point","coordinates":[104.079317,1.107187]}},{"type":"Feature","id":"PWK-BTK-ABU-SIM-001-POV-02","properties":{"fid":526,"ID_POV":"PWK-BTK-ABU-SIM-001-POV-02","ID_TITIK":"PWK-BTK-ABU-SIM-001","UID":"UID-2319","ID_WEBGIS":"PWK-BTK-ABU-SIM-033","POV_KE":2,"LAT":1.106996,"LON":104.079091,"JARAK_M":69.1,"STATUS_POV":"asli","JML_POV":3,"POV_MEAN":48.5,"POV_MEDIAN":55.1,"POV_MIN":21.4,"POV_MAKS":69.1,"TIPE":"Tidak Bersinyal","JENIS":"Persimpangan","NAMA_JALAN":"Jl. Abulyatama","KELURAHAN":"BELIAN","KECAMATAN":"BATAM KOTA","PRIORITAS":"PRIORITAS 3","SURVEYOR":"wahyu","WAKTU":"2026-09-02T05:24:42.376Z","CARA_COCOK":"ID","JARAK_COCOK_M":0.0},"geometry":{"type":"Point","coordinates":[104.079091,1.106996]}},{"type":"Feature","id":"PWK-BTK-ABU-SIM-001-POV-03","properties":{"fid":527,"ID_POV":"PWK-BTK-ABU-SIM-001-POV-03","ID_TITIK":"PWK-BTK-ABU-SIM-001","UID":"UID-2319","ID_WEBGIS":"PWK-BTK-ABU-SIM-033","POV_KE":3,"LAT":1.10671,"LON":104.079598,"JARAK_M":21.4,"STATUS_POV":"asli","JML_POV":3,"POV_MEAN":48.5,"POV_MEDIAN":55.1,"POV_MIN":21.4,"POV_MAKS":69.1,"TIPE":"Tidak Bersinyal","JENIS":"Persimpangan","NAMA_JALAN":"Jl. Abulyatama","KELURAHAN":"BELIAN","KECAMATAN":"BATAM KOTA","PRIORITAS":"PRIORITAS 3","SURVEYOR":"wahyu","WAKTU":"2026-09-02T05:24:42.376Z","CARA_COCOK":"ID","JARAK_COCOK_M":0.0},"geometry":{"type":"Point","coordinates":[104.079598,1.10671]}},{"type":"Feature","id":"PWK-BTK-ABU-SIM-002-POV-01","properties":{"fid":528,"ID_POV":"PWK-BTK-ABU-SIM-002-POV-01","ID_TITIK":"PWK-BTK-ABU-SIM-002","UID":"UID-2320","ID_WEBGIS":"PWK-BTK-ABU-SIM-035","POV_KE":1,"LAT":1.107256,"LON":104.079297,"JARAK_M":55.1,"STATUS_POV":"asli","JML_POV":3,"POV_MEAN":47.9,"POV_MEDIAN":55.1,"POV_MIN":28.8,"POV_MAKS":59.7,"TIPE":"Bersinyal (ATCS)","JENIS":"Persimpangan","NAMA_JALAN":"Jl. Abulyatama","KELURAHAN":"BELIAN","KECAMATAN":"BATAM KOTA","PRIORITAS":"PRIORITAS 3","SURVEYOR":"wahyu","WAKTU":"2026-09-02T02:38:49.663Z","CARA_COCOK":"ID","JARAK_COCOK_M":0.0},"geometry":{"type":"Point","coordinates":[104.079297,1.107256]}},{"type":"Feature","id":"PWK-BTK-ABU-SIM-002-POV-02","properties":{"fid":529,"ID_POV":"PWK-BTK-ABU-SIM-002-POV-02","ID_TITIK":"PWK-BTK-ABU-SIM-002","UID":"UID-2320","ID_WEBGIS":"PWK-BTK-ABU-SIM-035","POV_KE":2,"LAT":1.10657,"LON":104.079698,"JARAK_M":59.7,"STATUS_POV":"ubah","JML_POV":3,"POV_MEAN":47.9,"POV_MEDIAN":55.1,"POV_MIN":28.8,"POV_MAKS":59.7,"TIPE":"Bersinyal (ATCS)","JENIS":"Persimpangan","NAMA_JALAN":"Jl. Abulyatama","KELURAHAN":"BELIAN","KECAMATAN":"BATAM KOTA","PRIORITAS":"PRIORITAS 3","SURVEYOR":"wahyu","WAKTU":"2026-09-02T02:38:49.663Z","CARA_COCOK":"ID","JARAK_COCOK_M":0.0},"geometry":{"type":"Point","coordinates":[104.079698,1.10657]}},{"type":"Feature","id":"PWK-BTK-DML-SIM-001-POV-01","properties":{"fid":530,"ID_POV":"PWK-BTK-DML-SIM-001-POV-01","ID_TITIK":"PWK-BTK-DML-SIM-001","UID":"UID-2322","ID_WEBGIS":"PWK-BTK-DML-SIM-015","POV_KE":1,"LAT":1.11128,"LON":104.0424,"JARAK_M":24.9,"STATUS_POV":"asli","JML_POV":3,"POV_MEAN":65.6,"POV_MEDIAN":83.2,"POV_MIN":24.9,"POV_MAKS":88.8,"TIPE":"Bersinyal (ATCS + OSM)","JENIS":"Persimpangan","NAMA_JALAN":"Jl. Simp. Duta Mas - Legenda Malaka","KELURAHAN":"BALOI PERMAI","KECAMATAN":"BATAM KOTA","PRIORITAS":"PRIORITAS 1","SURVEYOR":"wahyu","WAKTU":"2026-09-02T04:29:51.922Z","CARA_COCOK":"ID","JARAK_COCOK_M":0.0},"geometry":{"type":"Point","coordinates":[104.0424,1.11128]}},{"type":"Feature","id":"PWK-BTK-DML-SIM-001-POV-02","properties":{"fid":531,"ID_POV":"PWK-BTK-DML-SIM-001-POV-02","ID_TITIK":"PWK-BTK-DML-SIM-001","UID":"UID-2322","ID_WEBGIS":"PWK-BTK-DML-SIM-015","POV_KE":2,"LAT":1.11075,"LON":104.041828,"JARAK_M":83.2,"STATUS_POV":"ubah","JML_POV":3,"POV_MEAN":65.6,"POV_MEDIAN":83.2,"POV_MIN":24.9,"POV_MAKS":88.8,"TIPE":"Bersinyal (ATCS + OSM)","JENIS":"Persimpangan","NAMA_JALAN":"Jl. Simp. Duta Mas - Legenda Malaka","KELURAHAN":"BALOI PERMAI","KECAMATAN":"BATAM KOTA","PRIORITAS":"PRIORITAS 1","SURVEYOR":"wahyu","WAKTU":"2026-09-02T04:29:51.922Z","CARA_COCOK":"ID","JARAK_COCOK_M":0.0},"geometry":{"type":"Point","coordinates":[104.041828,1.11075]}},{"type":"Feature","id":"PWK-BTK-DML-SIM-001-POV-03","properties":{"fid":532,"ID_POV":"PWK-BTK-DML-SIM-001-POV-03","ID_TITIK":"PWK-BTK-DML-SIM-001","UID":"UID-2322","ID_WEBGIS":"PWK-BTK-DML-SIM-015","POV_KE":3,"LAT":1.111037,"LON":104.041702,"JARAK_M":88.8,"STATUS_POV":"ubah","JML_POV":3,"POV_MEAN":65.6,"POV_MEDIAN":83.2,"POV_MIN":24.9,"POV_MAKS":88.8,"TIPE":"Bersinyal (ATCS + OSM)","JENIS":"Persimpangan","NAMA_JALAN":"Jl. Simp. Duta Mas - Legenda Malaka","KELURAHAN":"BALOI PERMAI","KECAMATAN":"BATAM KOTA","PRIORITAS":"PRIORITAS 1","SURVEYOR":"wahyu","WAKTU":"2026-09-02T04:29:51.922Z","CARA_COCOK":"ID","JARAK_COCOK_M":0.0},"geometry":{"type":"Point","coordinates":[104.041702,1.111037]}},{"type":"Feature","id":"PWK-BTK-EPB-SIM-001-POV-01","properties":{"fid":533,"ID_POV":"PWK-BTK-EPB-SIM-001-POV-01","ID_TITIK":"PWK-BTK-EPB-SIM-001","UID":"UID-2324","ID_WEBGIS":"PWK-BTK-EPB-SIM-002","POV_KE":1,"LAT":1.127321,"LON":104.052933,"JARAK_M":28.5,"STATUS_POV":"ubah","JML_POV":4,"POV_MEAN":42.4,"POV_MEDIAN":46.0,"POV_MIN":11.9,"POV_MAKS":65.6,"TIPE":"Bersinyal (ATCS)","JENIS":"Persimpangan","NAMA_JALAN":"Jl. Engku Putri","KELURAHAN":"TELUK TERING","KECAMATAN":"BATAM KOTA","PRIORITAS":"PRIORITAS 1","SURVEYOR":"wahyu","WAKTU":"2026-09-02T05:06:16.577Z","CARA_COCOK":"ID","JARAK_COCOK_M":0.0},"geometry":{"type":"Point","coordinates":[104.052933,1.127321]}},{"type":"Feature","id":"PWK-BTK-EPB-SIM-001-POV-02","properties":{"fid":534,"ID_POV":"PWK-BTK-EPB-SIM-001-POV-02","ID_TITIK":"PWK-BTK-EPB-SIM-001","UID":"UID-2324","ID_WEBGIS":"PWK-BTK-EPB-SIM-002","POV_KE":2,"LAT":1.12747,"LON":104.05292,"JARAK_M":11.9,"STATUS_POV":"asli","JML_POV":4,"POV_MEAN":42.4,"POV_MEDIAN":46.0,"POV_MIN":11.9,"POV_MAKS":65.6,"TIPE":"Bersinyal (ATCS)","JENIS":"Persimpangan","NAMA_JALAN":"Jl. Engku Putri","KELURAHAN":"TELUK TERING","KECAMATAN":"BATAM KOTA","PRIORITAS":"PRIORITAS 1","SURVEYOR":"wahyu","WAKTU":"2026-09-02T05:06:16.577Z","CARA_COCOK":"ID","JARAK_COCOK_M":0.0},"geometry":{"type":"Point","coordinates":[104.05292,1.12747]}},{"type":"Feature","id":"PWK-BTK-EPB-SIM-001-POV-03","properties":{"fid":535,"ID_POV":"PWK-BTK-EPB-SIM-001-POV-03","ID_TITIK":"PWK-BTK-EPB-SIM-001","UID":"UID-2324","ID_WEBGIS":"PWK-BTK-EPB-SIM-002","POV_KE":3,"LAT":1.127241,"LON":104.05246,"JARAK_M":63.4,"STATUS_POV":"ubah","JML_POV":4,"POV_MEAN":42.4,"POV_MEDIAN":46.0,"POV_MIN":11.9,"POV_MAKS":65.6,"TIPE":"Bersinyal (ATCS)","JENIS":"Persimpangan","NAMA_JALAN":"Jl. Engku Putri","KELURAHAN":"TELUK TERING","KECAMATAN":"BATAM KOTA","PRIORITAS":"PRIORITAS 1","SURVEYOR":"wahyu","WAKTU":"2026-09-02T05:06:16.577Z","CARA_COCOK":"ID","JARAK_COCOK_M":0.0},"geometry":{"type":"Point","coordinates":[104.05246,1.127241]}},{"type":"Feature","id":"PWK-BTK-EPB-SIM-001-POV-04","properties":{"fid":536,"ID_POV":"PWK-BTK-EPB-SIM-001-POV-04","ID_TITIK":"PWK-BTK-EPB-SIM-001","UID":"UID-2324","ID_WEBGIS":"PWK-BTK-EPB-SIM-002","POV_KE":4,"LAT":1.127514,"LON":104.052334,"JARAK_M":65.6,"STATUS_POV":"ubah","JML_POV":4,"POV_MEAN":42.4,"POV_MEDIAN":46.0,"POV_MIN":11.9,"POV_MAKS":65.6,"TIPE":"Bersinyal (ATCS)","JENIS":"Persimpangan","NAMA_JALAN":"Jl. Engku Putri","KELURAHAN":"TELUK TERING","KECAMATAN":"BATAM KOTA","PRIORITAS":"PRIORITAS 1","SURVEYOR":"wahyu","WAKTU":"2026-09-02T05:06:16.577Z","CARA_COCOK":"ID","JARAK_COCOK_M":0.0},"geometry":{"type":"Point","coordinates":[104.052334,1.127514]}},{"type":"Feature","id":"PWK-BTK-EPT-SIM-001-POV-01","properties":{"fid":537,"ID_POV":"PWK-BTK-EPT-SIM-001-POV-01","ID_TITIK":"PWK-BTK-EPT-SIM-001","UID":"UID-2325","ID_WEBGIS":"PWK-BTK-EPT-SIM-001","POV_KE":1,"LAT":1.127608,"LON":104.057149,"JARAK_M":31.5,"STATUS_POV":"ubah","JML_POV":3,"POV_MEAN":32.2,"POV_MEDIAN":31.5,"POV_MIN":25.1,"POV_MAKS":40.1,"TIPE":"Bersinyal (ATCS)","JENIS":"Persimpangan","NAMA_JALAN":"Jl. Engku Putri Timur","KELURAHAN":"BELIAN","KECAMATAN":"BATAM KOTA","PRIORITAS":"PRIORITAS 2","SURVEYOR":"wahyu","WAKTU":"2026-09-02T05:32:37.910Z","CARA_COCOK":"ID","JARAK_COCOK_M":0.0},"geometry":{"type":"Point","coordinates":[104.057149,1.127608]}},{"type":"Feature","id":"PWK-BTK-EPT-SIM-001-POV-02","properties":{"fid":538,"ID_POV":"PWK-BTK-EPT-SIM-001-POV-02","ID_TITIK":"PWK-BTK-EPT-SIM-001","UID":"UID-2325","ID_WEBGIS":"PWK-BTK-EPT-SIM-001","POV_KE":2,"LAT":1.127946,"LON":104.057307,"JARAK_M":25.1,"STATUS_POV":"ubah","JML_POV":3,"POV_MEAN":32.2,"POV_MEDIAN":31.5,"POV_MIN":25.1,"POV_MAKS":40.1,"TIPE":"Bersinyal (ATCS)","JENIS":"Persimpangan","NAMA_JALAN":"Jl. Engku Putri Timur","KELURAHAN":"BELIAN","KECAMATAN":"BATAM KOTA","PRIORITAS":"PRIORITAS 2","SURVEYOR":"wahyu","WAKTU":"2026-09-02T05:32:37.910Z","CARA_COCOK":"ID","JARAK_COCOK_M":0.0},"geometry":{"type":"Point","coordinates":[104.057307,1.127946]}},{"type":"Feature","id":"PWK-BTK-EPT-SIM-001-POV-03","properties":{"fid":539,"ID_POV":"PWK-BTK-EPT-SIM-001-POV-03","ID_TITIK":"PWK-BTK-EPT-SIM-001","UID":"UID-2325","ID_WEBGIS":"PWK-BTK-EPT-SIM-001","POV_KE":3,"LAT":1.12738,"LON":104.057374,"JARAK_M":40.1,"STATUS_POV":"ubah","JML_POV":3,"POV_MEAN":32.2,"POV_MEDIAN":31.5,"POV_MIN":25.1,"POV_MAKS":40.1,"TIPE":"Bersinyal (ATCS)","JENIS":"Persimpangan","NAMA_JALAN":"Jl. Engku Putri Timur","KELURAHAN":"BELIAN","KECAMATAN":"BATAM KOTA","PRIORITAS":"PRIORITAS 2","SURVEYOR":"wahyu","WAKTU":"2026-09-02T05:32:37.910Z","CARA_COCOK":"ID","JARAK_COCOK_M":0.0},"geometry":{"type":"Point","coordinates":[104.057374,1.12738]}},{"type":"Feature","id":"PWK-BTK-H01-SIM-001-POV-01","properties":{"fid":540,"ID_POV":"PWK-BTK-H01-SIM-001-POV-01","ID_TITIK":"PWK-BTK-H01-SIM-001","UID":"UID-2326","ID_WEBGIS":"PWK-BTK-H01-SIM-007","POV_KE":1,"LAT":1.129818,"LON":104.047021,"JARAK_M":41.0,"STATUS_POV":"ubah","JML_POV":3,"POV_MEAN":34.7,"POV_MEDIAN":40.4,"POV_MIN":22.7,"POV_MAKS":41.0,"TIPE":"Bersinyal (OSM)","JENIS":"Persimpangan","NAMA_JALAN":"Jl. Harmoni 01","KELURAHAN":"TELUK TERING","KECAMATAN":"BATAM KOTA","PRIORITAS":"PRIORITAS 3","SURVEYOR":"wahyu","WAKTU":"2026-09-02T05:33:04.015Z","CARA_COCOK":"ID","JARAK_COCOK_M":0.0},"geometry":{"type":"Point","coordinates":[104.047021,1.129818]}},{"type":"Feature","id":"PWK-BTK-H01-SIM-001-POV-02","properties":{"fid":541,"ID_POV":"PWK-BTK-H01-SIM-001-POV-02","ID_TITIK":"PWK-BTK-H01-SIM-001","UID":"UID-2326","ID_WEBGIS":"PWK-BTK-H01-SIM-007","POV_KE":2,"LAT":1.129802,"LON":104.047334,"JARAK_M":40.4,"STATUS_POV":"asli","JML_POV":3,"POV_MEAN":34.7,"POV_MEDIAN":40.4,"POV_MIN":22.7,"POV_MAKS":41.0,"TIPE":"Bersinyal (OSM)","JENIS":"Persimpangan","NAMA_JALAN":"Jl. Harmoni 01","KELURAHAN":"TELUK TERING","KECAMATAN":"BATAM KOTA","PRIORITAS":"PRIORITAS 3","SURVEYOR":"wahyu","WAKTU":"2026-09-02T05:33:04.015Z","CARA_COCOK":"ID","JARAK_COCOK_M":0.0},"geometry":{"type":"Point","coordinates":[104.047334,1.129802]}},{"type":"Feature","id":"PWK-BTK-H01-SIM-002-POV-01","properties":{"fid":542,"ID_POV":"PWK-BTK-H01-SIM-002-POV-01","ID_TITIK":"PWK-BTK-H01-SIM-002","UID":"UID-2327","ID_WEBGIS":"PWK-BTK-H01-SIM-040","POV_KE":1,"LAT":1.131841,"LON":104.048746,"JARAK_M":17.3,"STATUS_POV":"ubah","JML_POV":3,"POV_MEAN":19.8,"POV_MEDIAN":17.3,"POV_MIN":12.8,"POV_MAKS":29.3,"TIPE":"Tidak Bersinyal","JENIS":"Persimpangan","NAMA_JALAN":"Jl. Ibnu Sutowo","KELURAHAN":"TELUK TERING","KECAMATAN":"BATAM KOTA","PRIORITAS":"PRIORITAS 3","SURVEYOR":"wahyu","WAKTU":"2026-09-02T04:03:04.060Z","CARA_COCOK":"ID","JARAK_COCOK_M":0.0},"geometry":{"type":"Point","coordinates":[104.048746,1.131841]}},{"type":"Feature","id":"PWK-BTK-H01-SIM-002-POV-02","properties":{"fid":543,"ID_POV":"PWK-BTK-H01-SIM-002-POV-02","ID_TITIK":"PWK-BTK-H01-SIM-002","UID":"UID-2327","ID_WEBGIS":"PWK-BTK-H01-SIM-040","POV_KE":2,"LAT":1.132079,"LON":104.04885,"JARAK_M":29.3,"STATUS_POV":"ubah","JML_POV":3,"POV_MEAN":19.8,"POV_MEDIAN":17.3,"POV_MIN":12.8,"POV_MAKS":29.3,"TIPE":"Tidak Bersinyal","JENIS":"Persimpangan","NAMA_JALAN":"Jl. Ibnu Sutowo","KELURAHAN":"TELUK TERING","KECAMATAN":"BATAM KOTA","PRIORITAS":"PRIORITAS 3","SURVEYOR":"wahyu","WAKTU":"2026-09-02T04:03:04.060Z","CARA_COCOK":"ID","JARAK_COCOK_M":0.0},"geometry":{"type":"Point","coordinates":[104.04885,1.132079]}},{"type":"Feature","id":"PWK-BTK-HTU-SIM-001-POV-01","properties":{"fid":544,"ID_POV":"PWK-BTK-HTU-SIM-001-POV-01","ID_TITIK":"PWK-BTK-HTU-SIM-001","UID":"UID-2331","ID_WEBGIS":"PWK-BTK-HTU-SIM-051","POV_KE":1,"LAT":1.127608,"LON":104.107371,"JARAK_M":98.9,"STATUS_POV":"ubah","JML_POV":3,"POV_MEAN":92.3,"POV_MEDIAN":98.9,"POV_MIN":78.6,"POV_MAKS":99.4,"TIPE":"Bersinyal (ATCS + OSM)","JENIS":"Persimpangan","NAMA_JALAN":"Jl. Hang Tuah","KELURAHAN":"BELIAN","KECAMATAN":"BATAM KOTA","PRIORITAS":"PRIORITAS 3","SURVEYOR":"wahyu","WAKTU":"2026-09-02T04:39:47.171Z","CARA_COCOK":"ID","JARAK_COCOK_M":0.0},"geometry":{"type":"Point","coordinates":[104.107371,1.127608]}},{"type":"Feature","id":"PWK-BTK-HTU-SIM-001-POV-02","properties":{"fid":545,"ID_POV":"PWK-BTK-HTU-SIM-001-POV-02","ID_TITIK":"PWK-BTK-HTU-SIM-001","UID":"UID-2331","ID_WEBGIS":"PWK-BTK-HTU-SIM-051","POV_KE":2,"LAT":1.127085,"LON":104.106445,"JARAK_M":78.6,"STATUS_POV":"ubah","JML_POV":3,"POV_MEAN":92.3,"POV_MEDIAN":98.9,"POV_MIN":78.6,"POV_MAKS":99.4,"TIPE":"Bersinyal (ATCS + OSM)","JENIS":"Persimpangan","NAMA_JALAN":"Jl. Hang Tuah","KELURAHAN":"BELIAN","KECAMATAN":"BATAM KOTA","PRIORITAS":"PRIORITAS 3","SURVEYOR":"wahyu","WAKTU":"2026-09-02T04:39:47.171Z","CARA_COCOK":"ID","JARAK_COCOK_M":0.0},"geometry":{"type":"Point","coordinates":[104.106445,1.127085]}},{"type":"Feature","id":"PWK-BTK-HTU-SIM-001-POV-03","properties":{"fid":546,"ID_POV":"PWK-BTK-HTU-SIM-001-POV-03","ID_TITIK":"PWK-BTK-HTU-SIM-001","UID":"UID-2331","ID_WEBGIS":"PWK-BTK-HTU-SIM-051","POV_KE":3,"LAT":1.127967,"LON":104.107376,"JARAK_M":99.4,"STATUS_POV":"ubah","JML_POV":3,"POV_MEAN":92.3,"POV_MEDIAN":98.9,"POV_MIN":78.6,"POV_MAKS":99.4,"TIPE":"Bersinyal (ATCS + OSM)","JENIS":"Persimpangan","NAMA_JALAN":"Jl. Hang Tuah","KELURAHAN":"BELIAN","KECAMATAN":"BATAM KOTA","PRIORITAS":"PRIORITAS 3","SURVEYOR":"wahyu","WAKTU":"2026-09-02T04:39:47.171Z","CARA_COCOK":"ID","JARAK_COCOK_M":0.0},"geometry":{"type":"Point","coordinates":[104.107376,1.127967]}},{"type":"Feature","id":"PWK-BTK-ISU-SIM-001-POV-01","properties":{"fid":547,"ID_POV":"PWK-BTK-ISU-SIM-001-POV-01","ID_TITIK":"PWK-BTK-ISU-SIM-001","UID":"UID-2332","ID_WEBGIS":"PWK-BTK-ISU-SIM-004","POV_KE":1,"LAT":1.129663,"LON":104.052893,"JARAK_M":47.5,"STATUS_POV":"asli","JML_POV":3,"POV_MEAN":74.1,"POV_MEDIAN":47.5,"POV_MIN":46.6,"POV_MAKS":128.1,"TIPE":"Tidak Bersinyal","JENIS":"Persimpangan","NAMA_JALAN":"Jl. Ibnu Sutowo","KELURAHAN":"TELUK TERING","KECAMATAN":"BATAM KOTA","PRIORITAS":"PRIORITAS 3","SURVEYOR":"wahyu","WAKTU":"2026-09-02T04:33:28.213Z","CARA_COCOK":"ID","JARAK_COCOK_M":0.0},"geometry":{"type":"Point","coordinates":[104.052893,1.129663]}},{"type":"Feature","id":"PWK-BTK-ISU-SIM-001-POV-02","properties":{"fid":548,"ID_POV":"PWK-BTK-ISU-SIM-001-POV-02","ID_TITIK":"PWK-BTK-ISU-SIM-001","UID":"UID-2332","ID_WEBGIS":"PWK-BTK-ISU-SIM-004","POV_KE":2,"LAT":1.130239,"LON":104.05241,"JARAK_M":46.6,"STATUS_POV":"ubah","JML_POV":3,"POV_MEAN":74.1,"POV_MEDIAN":47.5,"POV_MIN":46.6,"POV_MAKS":128.1,"TIPE":"Tidak Bersinyal","JENIS":"Persimpangan","NAMA_JALAN":"Jl. Ibnu Sutowo","KELURAHAN":"TELUK TERING","KECAMATAN":"BATAM KOTA","PRIORITAS":"PRIORITAS 3","SURVEYOR":"wahyu","WAKTU":"2026-09-02T04:33:28.213Z","CARA_COCOK":"ID","JARAK_COCOK_M":0.0},"geometry":{"type":"Point","coordinates":[104.05241,1.130239]}},{"type":"Feature","id":"PWK-BTK-ISU-SIM-002-POV-01","properties":{"fid":549,"ID_POV":"PWK-BTK-ISU-SIM-002-POV-01","ID_TITIK":"PWK-BTK-ISU-SIM-002","UID":"UID-2333","ID_WEBGIS":"PWK-BTK-ISU-SIM-005","POV_KE":1,"LAT":1.130251,"LON":104.052447,"JARAK_M":79.8,"STATUS_POV":"ubah","JML_POV":3,"POV_MEAN":96.4,"POV_MEDIAN":88.9,"POV_MIN":79.8,"POV_MAKS":120.5,"TIPE":"Tidak Bersinyal","JENIS":"Persimpangan","NAMA_JALAN":"Jl. Ibnu Sutowo","KELURAHAN":"TELUK TERING","KECAMATAN":"BATAM KOTA","PRIORITAS":"PRIORITAS 3","SURVEYOR":"wahyu","WAKTU":"2026-09-02T02:56:29.766Z","CARA_COCOK":"ID","JARAK_COCOK_M":0.0},"geometry":{"type":"Point","coordinates":[104.052447,1.130251]}},{"type":"Feature","id":"PWK-BTK-ISU-SIM-002-POV-02","properties":{"fid":550,"ID_POV":"PWK-BTK-ISU-SIM-002-POV-02","ID_TITIK":"PWK-BTK-ISU-SIM-002","UID":"UID-2333","ID_WEBGIS":"PWK-BTK-ISU-SIM-005","POV_KE":2,"LAT":1.129496,"LON":104.052849,"JARAK_M":120.5,"STATUS_POV":"ubah","JML_POV":3,"POV_MEAN":96.4,"POV_MEDIAN":88.9,"POV_MIN":79.8,"POV_MAKS":120.5,"TIPE":"Tidak Bersinyal","JENIS":"Persimpangan","NAMA_JALAN":"Jl. Ibnu Sutowo","KELURAHAN":"TELUK TERING","KECAMATAN":"BATAM KOTA","PRIORITAS":"PRIORITAS 3","SURVEYOR":"wahyu","WAKTU":"2026-09-02T02:56:29.766Z","CARA_COCOK":"ID","JARAK_COCOK_M":0.0},"geometry":{"type":"Point","coordinates":[104.052849,1.129496]}},{"type":"Feature","id":"PWK-BTK-ISU-SIM-002-POV-03","properties":{"fid":551,"ID_POV":"PWK-BTK-ISU-SIM-002-POV-03","ID_TITIK":"PWK-BTK-ISU-SIM-002","UID":"UID-2333","ID_WEBGIS":"PWK-BTK-ISU-SIM-005","POV_KE":3,"LAT":1.129944,"LON":104.053622,"JARAK_M":88.9,"STATUS_POV":"ubah","JML_POV":3,"POV_MEAN":96.4,"POV_MEDIAN":88.9,"POV_MIN":79.8,"POV_MAKS":120.5,"TIPE":"Tidak Bersinyal","JENIS":"Persimpangan","NAMA_JALAN":"Jl. Ibnu Sutowo","KELURAHAN":"TELUK TERING","KECAMATAN":"BATAM KOTA","PRIORITAS":"PRIORITAS 3","SURVEYOR":"wahyu","WAKTU":"2026-09-02T02:56:29.766Z","CARA_COCOK":"ID","JARAK_COCOK_M":0.0},"geometry":{"type":"Point","coordinates":[104.053622,1.129944]}},{"type":"Feature","id":"PWK-BTK-ISU-SIM-003-POV-01","properties":{"fid":552,"ID_POV":"PWK-BTK-ISU-SIM-003-POV-01","ID_TITIK":"PWK-BTK-ISU-SIM-003","UID":"UID-2334","ID_WEBGIS":"PWK-BTK-ISU-SIM-039","POV_KE":1,"LAT":1.131876,"LON":104.04897,"JARAK_M":28.2,"STATUS_POV":"ubah","JML_POV":3,"POV_MEAN":35.6,"POV_MEDIAN":34.0,"POV_MIN":28.2,"POV_MAKS":44.6,"TIPE":"Tidak Bersinyal","JENIS":"Persimpangan","NAMA_JALAN":"Jl. Ibnu Sutowo","KELURAHAN":"TELUK TERING","KECAMATAN":"BATAM KOTA","PRIORITAS":"PRIORITAS 3","SURVEYOR":"wahyu","WAKTU":"2026-09-02T05:20:53.468Z","CARA_COCOK":"ID","JARAK_COCOK_M":0.0},"geometry":{"type":"Point","coordinates":[104.04897,1.131876]}},{"type":"Feature","id":"PWK-BTK-ISU-SIM-003-POV-02","properties":{"fid":553,"ID_POV":"PWK-BTK-ISU-SIM-003-POV-02","ID_TITIK":"PWK-BTK-ISU-SIM-003","UID":"UID-2334","ID_WEBGIS":"PWK-BTK-ISU-SIM-039","POV_KE":2,"LAT":1.131859,"LON":104.04874,"JARAK_M":34.0,"STATUS_POV":"ubah","JML_POV":3,"POV_MEAN":35.6,"POV_MEDIAN":34.0,"POV_MIN":28.2,"POV_MAKS":44.6,"TIPE":"Tidak Bersinyal","JENIS":"Persimpangan","NAMA_JALAN":"Jl. Ibnu Sutowo","KELURAHAN":"TELUK TERING","KECAMATAN":"BATAM KOTA","PRIORITAS":"PRIORITAS 3","SURVEYOR":"wahyu","WAKTU":"2026-09-02T05:20:53.468Z","CARA_COCOK":"ID","JARAK_COCOK_M":0.0},"geometry":{"type":"Point","coordinates":[104.04874,1.131859]}},{"type":"Feature","id":"PWK-BTK-ISU-SIM-003-POV-03","properties":{"fid":554,"ID_POV":"PWK-BTK-ISU-SIM-003-POV-03","ID_TITIK":"PWK-BTK-ISU-SIM-003","UID":"UID-2334","ID_WEBGIS":"PWK-BTK-ISU-SIM-039","POV_KE":3,"LAT":1.131914,"LON":104.049244,"JARAK_M":44.6,"STATUS_POV":"asli","JML_POV":3,"POV_MEAN":35.6,"POV_MEDIAN":34.0,"POV_MIN":28.2,"POV_MAKS":44.6,"TIPE":"Tidak Bersinyal","JENIS":"Persimpangan","NAMA_JALAN":"Jl. Ibnu Sutowo","KELURAHAN":"TELUK TERING","KECAMATAN":"BATAM KOTA","PRIORITAS":"PRIORITAS 3","SURVEYOR":"wahyu","WAKTU":"2026-09-02T05:20:53.468Z","CARA_COCOK":"ID","JARAK_COCOK_M":0.0},"geometry":{"type":"Point","coordinates":[104.049244,1.131914]}},{"type":"Feature","id":"PWK-BTK-JAY-SIM-001-POV-01","properties":{"fid":555,"ID_POV":"PWK-BTK-JAY-SIM-001-POV-01","ID_TITIK":"PWK-BTK-JAY-SIM-001","UID":"UID-2337","ID_WEBGIS":"PWK-BTK-JAY-SIM-009","POV_KE":1,"LAT":1.11791,"LON":104.04617,"JARAK_M":61.4,"STATUS_POV":"asli","JML_POV":3,"POV_MEAN":51.7,"POV_MEDIAN":61.4,"POV_MIN":18.9,"POV_MAKS":74.7,"TIPE":"Bersinyal (OSM)","JENIS":"Persimpangan","NAMA_JALAN":"Jl. Jend. Ahmad Yani","KELURAHAN":"TAMAN BALOI","KECAMATAN":"BATAM KOTA","PRIORITAS":"PRIORITAS 1","SURVEYOR":"wahyu","WAKTU":"2026-09-02T04:58:52.078Z","CARA_COCOK":"ID","JARAK_COCOK_M":0.0},"geometry":{"type":"Point","coordinates":[104.04617,1.11791]}},{"type":"Feature","id":"PWK-BTK-JAY-SIM-001-POV-02","properties":{"fid":556,"ID_POV":"PWK-BTK-JAY-SIM-001-POV-02","ID_TITIK":"PWK-BTK-JAY-SIM-001","UID":"UID-2337","ID_WEBGIS":"PWK-BTK-JAY-SIM-009","POV_KE":2,"LAT":1.117927,"LON":104.045841,"JARAK_M":74.7,"STATUS_POV":"ubah","JML_POV":3,"POV_MEAN":51.7,"POV_MEDIAN":61.4,"POV_MIN":18.9,"POV_MAKS":74.7,"TIPE":"Bersinyal (OSM)","JENIS":"Persimpangan","NAMA_JALAN":"Jl. Jend. Ahmad Yani","KELURAHAN":"TAMAN BALOI","KECAMATAN":"BATAM KOTA","PRIORITAS":"PRIORITAS 1","SURVEYOR":"wahyu","WAKTU":"2026-09-02T04:58:52.078Z","CARA_COCOK":"ID","JARAK_COCOK_M":0.0},"geometry":{"type":"Point","coordinates":[104.045841,1.117927]}},{"type":"Feature","id":"PWK-BTK-JAY-SIM-002-POV-01","properties":{"fid":557,"ID_POV":"PWK-BTK-JAY-SIM-002-POV-01","ID_TITIK":"PWK-BTK-JAY-SIM-002","UID":"UID-2338","ID_WEBGIS":"PWK-BTK-JAY-SIM-011","POV_KE":1,"LAT":1.117658,"LON":104.045821,"JARAK_M":54.5,"STATUS_POV":"ubah","JML_POV":3,"POV_MEAN":61.0,"POV_MEDIAN":54.5,"POV_MIN":49.8,"POV_MAKS":78.6,"TIPE":"Tidak Bersinyal","JENIS":"Persimpangan","NAMA_JALAN":"Jl. Jend. Ahmad Yani","KELURAHAN":"TELUK TERING","KECAMATAN":"BATAM KOTA","PRIORITAS":"PRIORITAS 1","SURVEYOR":"wahyu","WAKTU":"2026-09-02T03:02:51.694Z","CARA_COCOK":"ID","JARAK_COCOK_M":0.0},"geometry":{"type":"Point","coordinates":[104.045821,1.117658]}},{"type":"Feature","id":"PWK-BTK-JAY-SIM-002-POV-02","properties":{"fid":558,"ID_POV":"PWK-BTK-JAY-SIM-002-POV-02","ID_TITIK":"PWK-BTK-JAY-SIM-002","UID":"UID-2338","ID_WEBGIS":"PWK-BTK-JAY-SIM-011","POV_KE":2,"LAT":1.11755036,"LON":104.04629303,"JARAK_M":78.6,"STATUS_POV":"ubah","JML_POV":3,"POV_MEAN":61.0,"POV_MEDIAN":54.5,"POV_MIN":49.8,"POV_MAKS":78.6,"TIPE":"Tidak Bersinyal","JENIS":"Persimpangan","NAMA_JALAN":"Jl. Jend. Ahmad Yani","KELURAHAN":"TELUK TERING","KECAMATAN":"BATAM KOTA","PRIORITAS":"PRIORITAS 1","SURVEYOR":"wahyu","WAKTU":"2026-09-02T03:02:51.694Z","CARA_COCOK":"ID","JARAK_COCOK_M":0.0},"geometry":{"type":"Point","coordinates":[104.04629303,1.11755036]}},{"type":"Feature","id":"PWK-BTK-JAY-SIM-016-POV-01","properties":{"fid":559,"ID_POV":"PWK-BTK-JAY-SIM-016-POV-01","ID_WEBGIS":"PWK-BTK-JAY-SIM-016","POV_KE":1,"LAT":1.110773,"LON":104.042247,"JARAK_M":43.8,"STATUS_POV":"ubah","JML_POV":3,"POV_MEAN":68.2,"POV_MEDIAN":75.5,"POV_MIN":43.8,"POV_MAKS":85.3,"TIPE":"Bersinyal (ATCS + OSM)","JENIS":"Persimpangan","NAMA_JALAN":"Jl. Jend. Ahmad Yani","KELURAHAN":"BALOI PERMAI","KECAMATAN":"BATAM KOTA","PRIORITAS":"PRIORITAS 1","SURVEYOR":"wahyu","WAKTU":"2026-09-02T02:40:07.487Z","CARA_COCOK":"TIDAK COCOK","JARAK_COCOK_M":26.6},"geometry":{"type":"Point","coordinates":[104.042247,1.110773]}},{"type":"Feature","id":"PWK-BTK-JAY-SIM-016-POV-02","properties":{"fid":560,"ID_POV":"PWK-BTK-JAY-SIM-016-POV-02","ID_WEBGIS":"PWK-BTK-JAY-SIM-016","POV_KE":2,"LAT":1.111084,"LON":104.042163,"JARAK_M":75.5,"STATUS_POV":"ubah","JML_POV":3,"POV_MEAN":68.2,"POV_MEDIAN":75.5,"POV_MIN":43.8,"POV_MAKS":85.3,"TIPE":"Bersinyal (ATCS + OSM)","JENIS":"Persimpangan","NAMA_JALAN":"Jl. Jend. Ahmad Yani","KELURAHAN":"BALOI PERMAI","KECAMATAN":"BATAM KOTA","PRIORITAS":"PRIORITAS 1","SURVEYOR":"wahyu","WAKTU":"2026-09-02T02:40:07.487Z","CARA_COCOK":"TIDAK COCOK","JARAK_COCOK_M":26.6},"geometry":{"type":"Point","coordinates":[104.042163,1.111084]}},{"type":"Feature","id":"PWK-BTK-JAY-SIM-016-POV-03","properties":{"fid":561,"ID_POV":"PWK-BTK-JAY-SIM-016-POV-03","ID_WEBGIS":"PWK-BTK-JAY-SIM-016","POV_KE":3,"LAT":1.111054,"LON":104.041686,"JARAK_M":85.3,"STATUS_POV":"ubah","JML_POV":3,"POV_MEAN":68.2,"POV_MEDIAN":75.5,"POV_MIN":43.8,"POV_MAKS":85.3,"TIPE":"Bersinyal (ATCS + OSM)","JENIS":"Persimpangan","NAMA_JALAN":"Jl. Jend. Ahmad Yani","KELURAHAN":"BALOI PERMAI","KECAMATAN":"BATAM KOTA","PRIORITAS":"PRIORITAS 1","SURVEYOR":"wahyu","WAKTU":"2026-09-02T02:40:07.487Z","CARA_COCOK":"TIDAK COCOK","JARAK_COCOK_M":26.6},"geometry":{"type":"Point","coordinates":[104.041686,1.111054]}},{"type":"Feature","id":"PWK-BTK-JAY-SIM-003-POV-01","properties":{"fid":562,"ID_POV":"PWK-BTK-JAY-SIM-003-POV-01","ID_TITIK":"PWK-BTK-JAY-SIM-003","UID":"UID-2340","ID_WEBGIS":"PWK-BTK-JAY-SIM-019","POV_KE":1,"LAT":1.102537,"LON":104.039044,"JARAK_M":29.4,"STATUS_POV":"ubah","JML_POV":3,"POV_MEAN":57.5,"POV_MEDIAN":69.4,"POV_MIN":29.4,"POV_MAKS":73.6,"TIPE":"Bersinyal (ATCS + OSM)","JENIS":"Persimpangan","NAMA_JALAN":"Jl. Jend. Ahmad Yani","KELURAHAN":"TAMAN BALOI","KECAMATAN":"BATAM KOTA","PRIORITAS":"PRIORITAS 1","SURVEYOR":"wahyu","WAKTU":"2026-09-02T05:14:12.834Z","CARA_COCOK":"ID","JARAK_COCOK_M":0.0},"geometry":{"type":"Point","coordinates":[104.039044,1.102537]}},{"type":"Feature","id":"PWK-BTK-JAY-SIM-003-POV-02","properties":{"fid":563,"ID_POV":"PWK-BTK-JAY-SIM-003-POV-02","ID_TITIK":"PWK-BTK-JAY-SIM-003","UID":"UID-2340","ID_WEBGIS":"PWK-BTK-JAY-SIM-019","POV_KE":2,"LAT":1.102079,"LON":104.039074,"JARAK_M":69.4,"STATUS_POV":"ubah","JML_POV":3,"POV_MEAN":57.5,"POV_MEDIAN":69.4,"POV_MIN":29.4,"POV_MAKS":73.6,"TIPE":"Bersinyal (ATCS + OSM)","JENIS":"Persimpangan","NAMA_JALAN":"Jl. Jend. Ahmad Yani","KELURAHAN":"TAMAN BALOI","KECAMATAN":"BATAM KOTA","PRIORITAS":"PRIORITAS 1","SURVEYOR":"wahyu","WAKTU":"2026-09-02T05:14:12.834Z","CARA_COCOK":"ID","JARAK_COCOK_M":0.0},"geometry":{"type":"Point","coordinates":[104.039074,1.102079]}},{"type":"Feature","id":"PWK-BTK-JAY-SIM-003-POV-03","properties":{"fid":564,"ID_POV":"PWK-BTK-JAY-SIM-003-POV-03","ID_TITIK":"PWK-BTK-JAY-SIM-003","UID":"UID-2340","ID_WEBGIS":"PWK-BTK-JAY-SIM-019","POV_KE":3,"LAT":1.101998,"LON":104.038639,"JARAK_M":73.6,"STATUS_POV":"ubah","JML_POV":3,"POV_MEAN":57.5,"POV_MEDIAN":69.4,"POV_MIN":29.4,"POV_MAKS":73.6,"TIPE":"Bersinyal (ATCS + OSM)","JENIS":"Persimpangan","NAMA_JALAN":"Jl. Jend. Ahmad Yani","KELURAHAN":"TAMAN BALOI","KECAMATAN":"BATAM KOTA","PRIORITAS":"PRIORITAS 1","SURVEYOR":"wahyu","WAKTU":"2026-09-02T05:14:12.834Z","CARA_COCOK":"ID","JARAK_COCOK_M":0.0},"geometry":{"type":"Point","coordinates":[104.038639,1.101998]}},{"type":"Feature","id":"PWK-BTK-JAY-SIM-004-POV-01","properties":{"fid":565,"ID_POV":"PWK-BTK-JAY-SIM-004-POV-01","ID_TITIK":"PWK-BTK-JAY-SIM-004","UID":"UID-2341","ID_WEBGIS":"PWK-BTK-JAY-SIM-020","POV_KE":1,"LAT":1.111065,"LON":104.042134,"JARAK_M":56.0,"STATUS_POV":"baru","JML_POV":3,"POV_MEAN":64.1,"POV_MEDIAN":56.0,"POV_MIN":55.2,"POV_MAKS":81.2,"TIPE":"Videotron","JENIS":"Persimpangan","NAMA_JALAN":"Jl. Jend. Ahmad Yani","KELURAHAN":"BALOI PERMAI","KECAMATAN":"BATAM KOTA","PRIORITAS":"TANPA PRIORITAS","SURVEYOR":"wahyu","WAKTU":"2026-09-02T03:21:38.315Z","CARA_COCOK":"ID","JARAK_COCOK_M":0.0},"geometry":{"type":"Point","coordinates":[104.042134,1.111065]}},{"type":"Feature","id":"PWK-BTK-JAY-SIM-004-POV-02","properties":{"fid":566,"ID_POV":"PWK-BTK-JAY-SIM-004-POV-02","ID_TITIK":"PWK-BTK-JAY-SIM-004","UID":"UID-2341","ID_WEBGIS":"PWK-BTK-JAY-SIM-020","POV_KE":2,"LAT":1.111043,"LON":104.041702,"JARAK_M":81.2,"STATUS_POV":"baru","JML_POV":3,"POV_MEAN":64.1,"POV_MEDIAN":56.0,"POV_MIN":55.2,"POV_MAKS":81.2,"TIPE":"Videotron","JENIS":"Persimpangan","NAMA_JALAN":"Jl. Jend. Ahmad Yani","KELURAHAN":"BALOI PERMAI","KECAMATAN":"BATAM KOTA","PRIORITAS":"TANPA PRIORITAS","SURVEYOR":"wahyu","WAKTU":"2026-09-02T03:21:38.315Z","CARA_COCOK":"ID","JARAK_COCOK_M":0.0},"geometry":{"type":"Point","coordinates":[104.041702,1.111043]}},{"type":"Feature","id":"PWK-BTK-JAY-SIM-004-POV-03","properties":{"fid":567,"ID_POV":"PWK-BTK-JAY-SIM-004-POV-03","ID_TITIK":"PWK-BTK-JAY-SIM-004","UID":"UID-2341","ID_WEBGIS":"PWK-BTK-JAY-SIM-020","POV_KE":3,"LAT":1.110761,"LON":104.041804,"JARAK_M":55.2,"STATUS_POV":"baru","JML_POV":3,"POV_MEAN":64.1,"POV_MEDIAN":56.0,"POV_MIN":55.2,"POV_MAKS":81.2,"TIPE":"Videotron","JENIS":"Persimpangan","NAMA_JALAN":"Jl. Jend. Ahmad Yani","KELURAHAN":"BALOI PERMAI","KECAMATAN":"BATAM KOTA","PRIORITAS":"TANPA PRIORITAS","SURVEYOR":"wahyu","WAKTU":"2026-09-02T03:21:38.315Z","CARA_COCOK":"ID","JARAK_COCOK_M":0.0},"geometry":{"type":"Point","coordinates":[104.041804,1.110761]}},{"type":"Feature","id":"PWK-BTK-JSU-SIM-001-POV-01","properties":{"fid":568,"ID_POV":"PWK-BTK-JSU-SIM-001-POV-01","ID_TITIK":"PWK-BTK-JSU-SIM-001","UID":"UID-2346","ID_WEBGIS":"PWK-BTK-JSU-SIM-018","POV_KE":1,"LAT":1.102503,"LON":104.038603,"JARAK_M":46.3,"STATUS_POV":"ubah","JML_POV":3,"POV_MEAN":61.6,"POV_MEDIAN":61.4,"POV_MIN":46.3,"POV_MAKS":77.2,"TIPE":"Bersinyal (ATCS + OSM)","JENIS":"Persimpangan","NAMA_JALAN":"Jl. Jend. Sudirman","KELURAHAN":"SUKAJADI","KECAMATAN":"BATAM KOTA","PRIORITAS":"PRIORITAS 1","SURVEYOR":"wahyu","WAKTU":"2026-09-02T03:13:11.788Z","CARA_COCOK":"ID","JARAK_COCOK_M":0.0},"geometry":{"type":"Point","coordinates":[104.038603,1.102503]}},{"type":"Feature","id":"PWK-BTK-JSU-SIM-001-POV-02","properties":{"fid":569,"ID_POV":"PWK-BTK-JSU-SIM-001-POV-02","ID_TITIK":"PWK-BTK-JSU-SIM-001","UID":"UID-2346","ID_WEBGIS":"PWK-BTK-JSU-SIM-018","POV_KE":2,"LAT":1.102545,"LON":104.039033,"JARAK_M":77.2,"STATUS_POV":"ubah","JML_POV":3,"POV_MEAN":61.6,"POV_MEDIAN":61.4,"POV_MIN":46.3,"POV_MAKS":77.2,"TIPE":"Bersinyal (ATCS + OSM)","JENIS":"Persimpangan","NAMA_JALAN":"Jl. Jend. Sudirman","KELURAHAN":"SUKAJADI","KECAMATAN":"BATAM KOTA","PRIORITAS":"PRIORITAS 1","SURVEYOR":"wahyu","WAKTU":"2026-09-02T03:13:11.788Z","CARA_COCOK":"ID","JARAK_COCOK_M":0.0},"geometry":{"type":"Point","coordinates":[104.039033,1.102545]}},{"type":"Feature","id":"PWK-BTK-JSU-SIM-001-POV-03","properties":{"fid":570,"ID_POV":"PWK-BTK-JSU-SIM-001-POV-03","ID_TITIK":"PWK-BTK-JSU-SIM-001","UID":"UID-2346","ID_WEBGIS":"PWK-BTK-JSU-SIM-018","POV_KE":3,"LAT":1.102075,"LON":104.039052,"JARAK_M":61.4,"STATUS_POV":"ubah","JML_POV":3,"POV_MEAN":61.6,"POV_MEDIAN":61.4,"POV_MIN":46.3,"POV_MAKS":77.2,"TIPE":"Bersinyal (ATCS + OSM)","JENIS":"Persimpangan","NAMA_JALAN":"Jl. Jend. Sudirman","KELURAHAN":"SUKAJADI","KECAMATAN":"BATAM KOTA","PRIORITAS":"PRIORITAS 1","SURVEYOR":"wahyu","WAKTU":"2026-09-02T03:13:11.788Z","CARA_COCOK":"ID","JARAK_COCOK_M":0.0},"geometry":{"type":"Point","coordinates":[104.039052,1.102075]}},{"type":"Feature","id":"PWK-BTK-JSU-SIM-002-POV-01","properties":{"fid":571,"ID_POV":"PWK-BTK-JSU-SIM-002-POV-01","ID_TITIK":"PWK-BTK-JSU-SIM-002","UID":"UID-2347","ID_WEBGIS":"PWK-BTK-JSU-SIM-053","POV_KE":1,"LAT":1.123591,"LON":104.018201,"JARAK_M":56.9,"STATUS_POV":"ubah","JML_POV":3,"POV_MEAN":86.9,"POV_MEDIAN":98.3,"POV_MIN":56.9,"POV_MAKS":105.5,"TIPE":"Bersinyal (ATCS + OSM)","JENIS":"Persimpangan","NAMA_JALAN":"Jl. Jend. Sudirman","KELURAHAN":"SUKAJADI","KECAMATAN":"BATAM KOTA","PRIORITAS":"PRIORITAS 1","SURVEYOR":"wahyu","WAKTU":"2026-09-02T03:20:42.007Z","CARA_COCOK":"ID","JARAK_COCOK_M":0.0},"geometry":{"type":"Point","coordinates":[104.018201,1.123591]}},{"type":"Feature","id":"PWK-BTK-JSU-SIM-002-POV-02","properties":{"fid":572,"ID_POV":"PWK-BTK-JSU-SIM-002-POV-02","ID_TITIK":"PWK-BTK-JSU-SIM-002","UID":"UID-2347","ID_WEBGIS":"PWK-BTK-JSU-SIM-053","POV_KE":2,"LAT":1.124063,"LON":104.018506,"JARAK_M":105.5,"STATUS_POV":"ubah","JML_POV":3,"POV_MEAN":86.9,"POV_MEDIAN":98.3,"POV_MIN":56.9,"POV_MAKS":105.5,"TIPE":"Bersinyal (ATCS + OSM)","JENIS":"Persimpangan","NAMA_JALAN":"Jl. Jend. Sudirman","KELURAHAN":"SUKAJADI","KECAMATAN":"BATAM KOTA","PRIORITAS":"PRIORITAS 1","SURVEYOR":"wahyu","WAKTU":"2026-09-02T03:20:42.007Z","CARA_COCOK":"ID","JARAK_COCOK_M":0.0},"geometry":{"type":"Point","coordinates":[104.018506,1.124063]}},{"type":"Feature","id":"PWK-BTK-JSU-SIM-002-POV-03","properties":{"fid":573,"ID_POV":"PWK-BTK-JSU-SIM-002-POV-03","ID_TITIK":"PWK-BTK-JSU-SIM-002","UID":"UID-2347","ID_WEBGIS":"PWK-BTK-JSU-SIM-053","POV_KE":3,"LAT":1.123843,"LON":104.018909,"JARAK_M":98.3,"STATUS_POV":"ubah","JML_POV":3,"POV_MEAN":86.9,"POV_MEDIAN":98.3,"POV_MIN":56.9,"POV_MAKS":105.5,"TIPE":"Bersinyal (ATCS + OSM)","JENIS":"Persimpangan","NAMA_JALAN":"Jl. Jend. Sudirman","KELURAHAN":"SUKAJADI","KECAMATAN":"BATAM KOTA","PRIORITAS":"PRIORITAS 1","SURVEYOR":"wahyu","WAKTU":"2026-09-02T03:20:42.007Z","CARA_COCOK":"ID","JARAK_COCOK_M":0.0},"geometry":{"type":"Point","coordinates":[104.018909,1.123843]}},{"type":"Feature","id":"PWK-BTK-JSU-SIM-003-POV-01","properties":{"fid":574,"ID_POV":"PWK-BTK-JSU-SIM-003-POV-01","ID_TITIK":"PWK-BTK-JSU-SIM-003","UID":"UID-2348","ID_WEBGIS":"PWK-BTK-JSU-SIM-055","POV_KE":1,"LAT":1.123886,"LON":104.018949,"JARAK_M":17.2,"STATUS_POV":"ubah","JML_POV":3,"POV_MEAN":53.1,"POV_MEDIAN":56.0,"POV_MIN":17.2,"POV_MAKS":86.1,"TIPE":"Bersinyal (OSM)","JENIS":"Persimpangan","NAMA_JALAN":"Jl. Jend. Sudirman","KELURAHAN":"TAMAN BALOI","KECAMATAN":"BATAM KOTA","PRIORITAS":"PRIORITAS 1","SURVEYOR":"wahyu","WAKTU":"2026-09-02T04:59:17.431Z","CARA_COCOK":"ID","JARAK_COCOK_M":0.0},"geometry":{"type":"Point","coordinates":[104.018949,1.123886]}},{"type":"Feature","id":"PWK-BTK-JSU-SIM-003-POV-02","properties":{"fid":575,"ID_POV":"PWK-BTK-JSU-SIM-003-POV-02","ID_TITIK":"PWK-BTK-JSU-SIM-003","UID":"UID-2348","ID_WEBGIS":"PWK-BTK-JSU-SIM-055","POV_KE":2,"LAT":1.12407,"LON":104.01862,"JARAK_M":56.0,"STATUS_POV":"asli","JML_POV":3,"POV_MEAN":53.1,"POV_MEDIAN":56.0,"POV_MIN":17.2,"POV_MAKS":86.1,"TIPE":"Bersinyal (OSM)","JENIS":"Persimpangan","NAMA_JALAN":"Jl. Jend. Sudirman","KELURAHAN":"TAMAN BALOI","KECAMATAN":"BATAM KOTA","PRIORITAS":"PRIORITAS 1","SURVEYOR":"wahyu","WAKTU":"2026-09-02T04:59:17.431Z","CARA_COCOK":"ID","JARAK_COCOK_M":0.0},"geometry":{"type":"Point","coordinates":[104.01862,1.12407]}},{"type":"Feature","id":"PWK-BTK-JSU-SIM-003-POV-03","properties":{"fid":576,"ID_POV":"PWK-BTK-JSU-SIM-003-POV-03","ID_TITIK":"PWK-BTK-JSU-SIM-003","UID":"UID-2348","ID_WEBGIS":"PWK-BTK-JSU-SIM-055","POV_KE":3,"LAT":1.123586,"LON":104.018241,"JARAK_M":86.1,"STATUS_POV":"ubah","JML_POV":3,"POV_MEAN":53.1,"POV_MEDIAN":56.0,"POV_MIN":17.2,"POV_MAKS":86.1,"TIPE":"Bersinyal (OSM)","JENIS":"Persimpangan","NAMA_JALAN":"Jl. Jend. Sudirman","KELURAHAN":"TAMAN BALOI","KECAMATAN":"BATAM KOTA","PRIORITAS":"PRIORITAS 1","SURVEYOR":"wahyu","WAKTU":"2026-09-02T04:59:17.431Z","CARA_COCOK":"ID","JARAK_COCOK_M":0.0},"geometry":{"type":"Point","coordinates":[104.018241,1.123586]}},{"type":"Feature","id":"PWK-BTK-KOP-SIM-001-POV-01","properties":{"fid":577,"ID_POV":"PWK-BTK-KOP-SIM-001-POV-01","ID_TITIK":"PWK-BTK-KOP-SIM-001","UID":"UID-2349","ID_WEBGIS":"PWK-BTK-KOP-SIM-014","POV_KE":1,"LAT":1.110746,"LON":104.041788,"JARAK_M":65.7,"STATUS_POV":"ubah","JML_POV":3,"POV_MEAN":68.8,"POV_MEDIAN":65.7,"POV_MIN":54.9,"POV_MAKS":85.7,"TIPE":"Bersinyal (ATCS + OSM)","JENIS":"Persimpangan","NAMA_JALAN":"Jl. Simpang Kara - Orchid Park","KELURAHAN":"TAMAN BALOI","KECAMATAN":"BATAM KOTA","PRIORITAS":"PRIORITAS 1","SURVEYOR":"Faiq","WAKTU":"2026-09-04T01:09:09.553Z","CARA_COCOK":"ID","JARAK_COCOK_M":0.0},"geometry":{"type":"Point","coordinates":[104.041788,1.110746]}},{"type":"Feature","id":"PWK-BTK-KOP-SIM-001-POV-02","properties":{"fid":578,"ID_POV":"PWK-BTK-KOP-SIM-001-POV-02","ID_TITIK":"PWK-BTK-KOP-SIM-001","UID":"UID-2349","ID_WEBGIS":"PWK-BTK-KOP-SIM-014","POV_KE":2,"LAT":1.111089,"LON":104.042131,"JARAK_M":54.9,"STATUS_POV":"ubah","JML_POV":3,"POV_MEAN":68.8,"POV_MEDIAN":65.7,"POV_MIN":54.9,"POV_MAKS":85.7,"TIPE":"Bersinyal (ATCS + OSM)","JENIS":"Persimpangan","NAMA_JALAN":"Jl. Simpang Kara - Orchid Park","KELURAHAN":"TAMAN BALOI","KECAMATAN":"BATAM KOTA","PRIORITAS":"PRIORITAS 1","SURVEYOR":"Faiq","WAKTU":"2026-09-04T01:09:09.553Z","CARA_COCOK":"ID","JARAK_COCOK_M":0.0},"geometry":{"type":"Point","coordinates":[104.042131,1.111089]}},{"type":"Feature","id":"PWK-BTK-KOP-SIM-001-POV-03","properties":{"fid":579,"ID_POV":"PWK-BTK-KOP-SIM-001-POV-03","ID_TITIK":"PWK-BTK-KOP-SIM-001","UID":"UID-2349","ID_WEBGIS":"PWK-BTK-KOP-SIM-014","POV_KE":3,"LAT":1.110773,"LON":104.042233,"JARAK_M":85.7,"STATUS_POV":"ubah","JML_POV":3,"POV_MEAN":68.8,"POV_MEDIAN":65.7,"POV_MIN":54.9,"POV_MAKS":85.7,"TIPE":"Bersinyal (ATCS + OSM)","JENIS":"Persimpangan","NAMA_JALAN":"Jl. Simpang Kara - Orchid Park","KELURAHAN":"TAMAN BALOI","KECAMATAN":"BATAM KOTA","PRIORITAS":"PRIORITAS 1","SURVEYOR":"Faiq","WAKTU":"2026-09-04T01:09:09.553Z","CARA_COCOK":"ID","JARAK_COCOK_M":0.0},"geometry":{"type":"Point","coordinates":[104.042233,1.110773]}},{"type":"Feature","id":"PWK-BTK-LBI-SIM-001-POV-01","properties":{"fid":580,"ID_POV":"PWK-BTK-LBI-SIM-001-POV-01","ID_TITIK":"PWK-BTK-LBI-SIM-001","UID":"UID-2351","ID_WEBGIS":"PWK-BTK-LBI-SIM-045","POV_KE":1,"LAT":1.126257,"LON":104.031145,"JARAK_M":90.3,"STATUS_POV":"ubah","JML_POV":3,"POV_MEAN":87.5,"POV_MEDIAN":90.3,"POV_MIN":65.7,"POV_MAKS":106.4,"TIPE":"Bersinyal (ATCS + OSM)","JENIS":"Persimpangan","NAMA_JALAN":"Jl. Laksamana Bintan","KELURAHAN":"SEI PANAS","KECAMATAN":"BATAM KOTA","PRIORITAS":"PRIORITAS 2","SURVEYOR":"Faiq","WAKTU":"2026-09-04T01:09:09.553Z","CARA_COCOK":"ID","JARAK_COCOK_M":0.0},"geometry":{"type":"Point","coordinates":[104.031145,1.126257]}},{"type":"Feature","id":"PWK-BTK-LBI-SIM-001-POV-02","properties":{"fid":581,"ID_POV":"PWK-BTK-LBI-SIM-001-POV-02","ID_TITIK":"PWK-BTK-LBI-SIM-001","UID":"UID-2351","ID_WEBGIS":"PWK-BTK-LBI-SIM-045","POV_KE":2,"LAT":1.126262,"LON":104.031762,"JARAK_M":65.7,"STATUS_POV":"ubah","JML_POV":3,"POV_MEAN":87.5,"POV_MEDIAN":90.3,"POV_MIN":65.7,"POV_MAKS":106.4,"TIPE":"Bersinyal (ATCS + OSM)","JENIS":"Persimpangan","NAMA_JALAN":"Jl. Laksamana Bintan","KELURAHAN":"SEI PANAS","KECAMATAN":"BATAM KOTA","PRIORITAS":"PRIORITAS 2","SURVEYOR":"Faiq","WAKTU":"2026-09-04T01:09:09.553Z","CARA_COCOK":"ID","JARAK_COCOK_M":0.0},"geometry":{"type":"Point","coordinates":[104.031762,1.126262]}},{"type":"Feature","id":"PWK-BTK-LBI-SIM-001-POV-03","properties":{"fid":582,"ID_POV":"PWK-BTK-LBI-SIM-001-POV-03","ID_TITIK":"PWK-BTK-LBI-SIM-001","UID":"UID-2351","ID_WEBGIS":"PWK-BTK-LBI-SIM-045","POV_KE":3,"LAT":1.125903,"LON":104.031563,"JARAK_M":106.4,"STATUS_POV":"ubah","JML_POV":3,"POV_MEAN":87.5,"POV_MEDIAN":90.3,"POV_MIN":65.7,"POV_MAKS":106.4,"TIPE":"Bersinyal (ATCS + OSM)","JENIS":"Persimpangan","NAMA_JALAN":"Jl. Laksamana Bintan","KELURAHAN":"SEI PANAS","KECAMATAN":"BATAM KOTA","PRIORITAS":"PRIORITAS 2","SURVEYOR":"Faiq","WAKTU":"2026-09-04T01:09:09.553Z","CARA_COCOK":"ID","JARAK_COCOK_M":0.0},"geometry":{"type":"Point","coordinates":[104.031563,1.125903]}},{"type":"Feature","id":"PWK-BTK-LBI-SIM-002-POV-01","properties":{"fid":583,"ID_POV":"PWK-BTK-LBI-SIM-002-POV-01","ID_TITIK":"PWK-BTK-LBI-SIM-002","UID":"UID-2352","ID_WEBGIS":"PWK-BTK-LBI-SIM-046","POV_KE":1,"LAT":1.125946,"LON":104.031566,"JARAK_M":106.1,"STATUS_POV":"ubah","JML_POV":3,"POV_MEAN":87.5,"POV_MEDIAN":106.1,"POV_MIN":50.1,"POV_MAKS":106.4,"TIPE":"Tidak Bersinyal","JENIS":"Persimpangan","NAMA_JALAN":"Jl. Laksamana Bintan","KELURAHAN":"SEI PANAS","KECAMATAN":"BATAM KOTA","PRIORITAS":"PRIORITAS 2","SURVEYOR":"Faiq","WAKTU":"2026-09-04T01:09:09.553Z","CARA_COCOK":"ID","JARAK_COCOK_M":0.0},"geometry":{"type":"Point","coordinates":[104.031566,1.125946]}},{"type":"Feature","id":"PWK-BTK-LBI-SIM-002-POV-02","properties":{"fid":584,"ID_POV":"PWK-BTK-LBI-SIM-002-POV-02","ID_TITIK":"PWK-BTK-LBI-SIM-002","UID":"UID-2352","ID_WEBGIS":"PWK-BTK-LBI-SIM-046","POV_KE":2,"LAT":1.12631,"LON":104.031802,"JARAK_M":106.4,"STATUS_POV":"ubah","JML_POV":3,"POV_MEAN":87.5,"POV_MEDIAN":106.1,"POV_MIN":50.1,"POV_MAKS":106.4,"TIPE":"Tidak Bersinyal","JENIS":"Persimpangan","NAMA_JALAN":"Jl. Laksamana Bintan","KELURAHAN":"SEI PANAS","KECAMATAN":"BATAM KOTA","PRIORITAS":"PRIORITAS 2","SURVEYOR":"Faiq","WAKTU":"2026-09-04T01:09:09.553Z","CARA_COCOK":"ID","JARAK_COCOK_M":0.0},"geometry":{"type":"Point","coordinates":[104.031802,1.12631]}},{"type":"Feature","id":"PWK-BTK-LBI-SIM-002-POV-03","properties":{"fid":585,"ID_POV":"PWK-BTK-LBI-SIM-002-POV-03","ID_TITIK":"PWK-BTK-LBI-SIM-002","UID":"UID-2352","ID_WEBGIS":"PWK-BTK-LBI-SIM-046","POV_KE":3,"LAT":1.126225,"LON":104.031097,"JARAK_M":50.1,"STATUS_POV":"ubah","JML_POV":3,"POV_MEAN":87.5,"POV_MEDIAN":106.1,"POV_MIN":50.1,"POV_MAKS":106.4,"TIPE":"Tidak Bersinyal","JENIS":"Persimpangan","NAMA_JALAN":"Jl. Laksamana Bintan","KELURAHAN":"SEI PANAS","KECAMATAN":"BATAM KOTA","PRIORITAS":"PRIORITAS 2","SURVEYOR":"Faiq","WAKTU":"2026-09-04T01:09:09.553Z","CARA_COCOK":"ID","JARAK_COCOK_M":0.0},"geometry":{"type":"Point","coordinates":[104.031097,1.126225]}},{"type":"Feature","id":"PWK-BTK-LBI-SIM-003-POV-01","properties":{"fid":586,"ID_POV":"PWK-BTK-LBI-SIM-003-POV-01","ID_TITIK":"PWK-BTK-LBI-SIM-003","UID":"UID-2353","ID_WEBGIS":"PWK-BTK-LBI-SIM-047","POV_KE":1,"LAT":1.136203,"LON":104.027195,"JARAK_M":66.6,"STATUS_POV":"asli","JML_POV":3,"POV_MEAN":69.4,"POV_MEDIAN":70.4,"POV_MIN":66.6,"POV_MAKS":71.1,"TIPE":"Tidak Bersinyal","JENIS":"Persimpangan","NAMA_JALAN":"Jl. Laksamana Bintan","KELURAHAN":"SEI PANAS","KECAMATAN":"BATAM KOTA","PRIORITAS":"PRIORITAS 2","SURVEYOR":"Faiq","WAKTU":"2026-09-04T01:09:09.553Z","CARA_COCOK":"ID","JARAK_COCOK_M":0.0},"geometry":{"type":"Point","coordinates":[104.027195,1.136203]}},{"type":"Feature","id":"PWK-BTK-LBI-SIM-003-POV-02","properties":{"fid":587,"ID_POV":"PWK-BTK-LBI-SIM-003-POV-02","ID_TITIK":"PWK-BTK-LBI-SIM-003","UID":"UID-2353","ID_WEBGIS":"PWK-BTK-LBI-SIM-047","POV_KE":2,"LAT":1.135872,"LON":104.027178,"JARAK_M":70.4,"STATUS_POV":"asli","JML_POV":3,"POV_MEAN":69.4,"POV_MEDIAN":70.4,"POV_MIN":66.6,"POV_MAKS":71.1,"TIPE":"Tidak Bersinyal","JENIS":"Persimpangan","NAMA_JALAN":"Jl. Laksamana Bintan","KELURAHAN":"SEI PANAS","KECAMATAN":"BATAM KOTA","PRIORITAS":"PRIORITAS 2","SURVEYOR":"Faiq","WAKTU":"2026-09-04T01:09:09.553Z","CARA_COCOK":"ID","JARAK_COCOK_M":0.0},"geometry":{"type":"Point","coordinates":[104.027178,1.135872]}},{"type":"Feature","id":"PWK-BTK-LBI-SIM-003-POV-03","properties":{"fid":588,"ID_POV":"PWK-BTK-LBI-SIM-003-POV-03","ID_TITIK":"PWK-BTK-LBI-SIM-003","UID":"UID-2353","ID_WEBGIS":"PWK-BTK-LBI-SIM-047","POV_KE":3,"LAT":1.136735,"LON":104.026393,"JARAK_M":71.1,"STATUS_POV":"asli","JML_POV":3,"POV_MEAN":69.4,"POV_MEDIAN":70.4,"POV_MIN":66.6,"POV_MAKS":71.1,"TIPE":"Tidak Bersinyal","JENIS":"Persimpangan","NAMA_JALAN":"Jl. Laksamana Bintan","KELURAHAN":"SEI PANAS","KECAMATAN":"BATAM KOTA","PRIORITAS":"PRIORITAS 2","SURVEYOR":"Faiq","WAKTU":"2026-09-04T01:09:09.553Z","CARA_COCOK":"ID","JARAK_COCOK_M":0.0},"geometry":{"type":"Point","coordinates":[104.026393,1.136735]}},{"type":"Feature","id":"PWK-BTK-LBI-SIM-004-POV-01","properties":{"fid":589,"ID_POV":"PWK-BTK-LBI-SIM-004-POV-01","ID_TITIK":"PWK-BTK-LBI-SIM-004","UID":"UID-2354","ID_WEBGIS":"PWK-BTK-LBI-SIM-048","POV_KE":1,"LAT":1.135865,"LON":104.027033,"JARAK_M":66.6,"STATUS_POV":"ubah","JML_POV":3,"POV_MEAN":50.3,"POV_MEDIAN":52.1,"POV_MIN":32.2,"POV_MAKS":66.6,"TIPE":"Tidak Bersinyal","JENIS":"Persimpangan","NAMA_JALAN":"Jl. Laksamana Bintan","KELURAHAN":"SEI PANAS","KECAMATAN":"BATAM KOTA","PRIORITAS":"PRIORITAS 2","SURVEYOR":"Faiq","WAKTU":"2026-09-04T01:09:09.553Z","CARA_COCOK":"ID","JARAK_COCOK_M":0.0},"geometry":{"type":"Point","coordinates":[104.027033,1.135865]}},{"type":"Feature","id":"PWK-BTK-LBI-SIM-004-POV-02","properties":{"fid":590,"ID_POV":"PWK-BTK-LBI-SIM-004-POV-02","ID_TITIK":"PWK-BTK-LBI-SIM-004","UID":"UID-2354","ID_WEBGIS":"PWK-BTK-LBI-SIM-048","POV_KE":2,"LAT":1.136568,"LON":104.026644,"JARAK_M":52.1,"STATUS_POV":"ubah","JML_POV":3,"POV_MEAN":50.3,"POV_MEDIAN":52.1,"POV_MIN":32.2,"POV_MAKS":66.6,"TIPE":"Tidak Bersinyal","JENIS":"Persimpangan","NAMA_JALAN":"Jl. Laksamana Bintan","KELURAHAN":"SEI PANAS","KECAMATAN":"BATAM KOTA","PRIORITAS":"PRIORITAS 2","SURVEYOR":"Faiq","WAKTU":"2026-09-04T01:09:09.553Z","CARA_COCOK":"ID","JARAK_COCOK_M":0.0},"geometry":{"type":"Point","coordinates":[104.026644,1.136568]}},{"type":"Feature","id":"PWK-BTK-LBI-SIM-004-POV-03","properties":{"fid":591,"ID_POV":"PWK-BTK-LBI-SIM-004-POV-03","ID_TITIK":"PWK-BTK-LBI-SIM-004","UID":"UID-2354","ID_WEBGIS":"PWK-BTK-LBI-SIM-048","POV_KE":3,"LAT":1.136313,"LON":104.02735,"JARAK_M":32.2,"STATUS_POV":"ubah","JML_POV":3,"POV_MEAN":50.3,"POV_MEDIAN":52.1,"POV_MIN":32.2,"POV_MAKS":66.6,"TIPE":"Tidak Bersinyal","JENIS":"Persimpangan","NAMA_JALAN":"Jl. Laksamana Bintan","KELURAHAN":"SEI PANAS","KECAMATAN":"BATAM KOTA","PRIORITAS":"PRIORITAS 2","SURVEYOR":"Faiq","WAKTU":"2026-09-04T01:09:09.553Z","CARA_COCOK":"ID","JARAK_COCOK_M":0.0},"geometry":{"type":"Point","coordinates":[104.02735,1.136313]}},{"type":"Feature","id":"PWK-BTK-MSU-SIM-001-POV-01","properties":{"fid":592,"ID_POV":"PWK-BTK-MSU-SIM-001-POV-01","ID_TITIK":"PWK-BTK-MSU-SIM-001","UID":"UID-2359","ID_WEBGIS":"PWK-BTK-MSU-SIM-020","POV_KE":1,"LAT":1.102011,"LON":104.038642,"JARAK_M":86.1,"STATUS_POV":"ubah","JML_POV":3,"POV_MEAN":71.1,"POV_MEDIAN":78.5,"POV_MIN":48.6,"POV_MAKS":86.1,"TIPE":"Tidak Bersinyal","JENIS":"Persimpangan","NAMA_JALAN":"Jl. Mayjen Sudarsono","KELURAHAN":"BALOI PERMAI","KECAMATAN":"BATAM KOTA","PRIORITAS":"PRIORITAS 1","SURVEYOR":"Faiq","WAKTU":"2026-09-04T01:09:09.553Z","CARA_COCOK":"ID","JARAK_COCOK_M":0.0},"geometry":{"type":"Point","coordinates":[104.038642,1.102011]}},{"type":"Feature","id":"PWK-BTK-MSU-SIM-001-POV-02","properties":{"fid":593,"ID_POV":"PWK-BTK-MSU-SIM-001-POV-02","ID_TITIK":"PWK-BTK-MSU-SIM-001","UID":"UID-2359","ID_WEBGIS":"PWK-BTK-MSU-SIM-020","POV_KE":2,"LAT":1.102062,"LON":104.039049,"JARAK_M":48.6,"STATUS_POV":"ubah","JML_POV":3,"POV_MEAN":71.1,"POV_MEDIAN":78.5,"POV_MIN":48.6,"POV_MAKS":86.1,"TIPE":"Tidak Bersinyal","JENIS":"Persimpangan","NAMA_JALAN":"Jl. Mayjen Sudarsono","KELURAHAN":"BALOI PERMAI","KECAMATAN":"BATAM KOTA","PRIORITAS":"PRIORITAS 1","SURVEYOR":"Faiq","WAKTU":"2026-09-04T01:09:09.553Z","CARA_COCOK":"ID","JARAK_COCOK_M":0.0},"geometry":{"type":"Point","coordinates":[104.039049,1.102062]}},{"type":"Feature","id":"PWK-BTK-MSU-SIM-001-POV-03","properties":{"fid":594,"ID_POV":"PWK-BTK-MSU-SIM-001-POV-03","ID_TITIK":"PWK-BTK-MSU-SIM-001","UID":"UID-2359","ID_WEBGIS":"PWK-BTK-MSU-SIM-020","POV_KE":3,"LAT":1.102478,"LON":104.038596,"JARAK_M":78.5,"STATUS_POV":"ubah","JML_POV":3,"POV_MEAN":71.1,"POV_MEDIAN":78.5,"POV_MIN":48.6,"POV_MAKS":86.1,"TIPE":"Tidak Bersinyal","JENIS":"Persimpangan","NAMA_JALAN":"Jl. Mayjen Sudarsono","KELURAHAN":"BALOI PERMAI","KECAMATAN":"BATAM KOTA","PRIORITAS":"PRIORITAS 1","SURVEYOR":"Faiq","WAKTU":"2026-09-04T01:09:09.553Z","CARA_COCOK":"ID","JARAK_COCOK_M":0.0},"geometry":{"type":"Point","coordinates":[104.038596,1.102478]}},{"type":"Feature","id":"PWK-BTK-MSU-SIM-002-POV-01","properties":{"fid":595,"ID_POV":"PWK-BTK-MSU-SIM-002-POV-01","ID_TITIK":"PWK-BTK-MSU-SIM-002","UID":"UID-2360","ID_WEBGIS":"PWK-BTK-MSU-SIM-036","POV_KE":1,"LAT":1.100287,"LON":104.075809,"JARAK_M":60.1,"STATUS_POV":"ubah","JML_POV":3,"POV_MEAN":91.1,"POV_MEDIAN":92.1,"POV_MIN":60.1,"POV_MAKS":121.2,"TIPE":"Bersinyal (ATCS)","JENIS":"Persimpangan","NAMA_JALAN":"Jl. Mayjen Sudarsono","KELURAHAN":"BALOI PERMAI","KECAMATAN":"BATAM KOTA","PRIORITAS":"PRIORITAS 2","SURVEYOR":"Faiq","WAKTU":"2026-09-04T01:09:09.553Z","CARA_COCOK":"ID","JARAK_COCOK_M":0.0},"geometry":{"type":"Point","coordinates":[104.075809,1.100287]}},{"type":"Feature","id":"PWK-BTK-MSU-SIM-002-POV-02","properties":{"fid":596,"ID_POV":"PWK-BTK-MSU-SIM-002-POV-02","ID_TITIK":"PWK-BTK-MSU-SIM-002","UID":"UID-2360","ID_WEBGIS":"PWK-BTK-MSU-SIM-036","POV_KE":2,"LAT":1.10013,"LON":104.076336,"JARAK_M":121.2,"STATUS_POV":"asli","JML_POV":3,"POV_MEAN":91.1,"POV_MEDIAN":92.1,"POV_MIN":60.1,"POV_MAKS":121.2,"TIPE":"Bersinyal (ATCS)","JENIS":"Persimpangan","NAMA_JALAN":"Jl. Mayjen Sudarsono","KELURAHAN":"BALOI PERMAI","KECAMATAN":"BATAM KOTA","PRIORITAS":"PRIORITAS 2","SURVEYOR":"Faiq","WAKTU":"2026-09-04T01:09:09.553Z","CARA_COCOK":"ID","JARAK_COCOK_M":0.0},"geometry":{"type":"Point","coordinates":[104.076336,1.10013]}},{"type":"Feature","id":"PWK-BTK-MSU-SIM-002-POV-03","properties":{"fid":597,"ID_POV":"PWK-BTK-MSU-SIM-002-POV-03","ID_TITIK":"PWK-BTK-MSU-SIM-002","UID":"UID-2360","ID_WEBGIS":"PWK-BTK-MSU-SIM-036","POV_KE":3,"LAT":1.100482,"LON":104.076128,"JARAK_M":92.1,"STATUS_POV":"baru","JML_POV":3,"POV_MEAN":91.1,"POV_MEDIAN":92.1,"POV_MIN":60.1,"POV_MAKS":121.2,"TIPE":"Bersinyal (ATCS)","JENIS":"Persimpangan","NAMA_JALAN":"Jl. Mayjen Sudarsono","KELURAHAN":"BALOI PERMAI","KECAMATAN":"BATAM KOTA","PRIORITAS":"PRIORITAS 2","SURVEYOR":"Faiq","WAKTU":"2026-09-04T01:09:09.553Z","CARA_COCOK":"ID","JARAK_COCOK_M":0.0},"geometry":{"type":"Point","coordinates":[104.076128,1.100482]}},{"type":"Feature","id":"PWK-BTK-MSU-SIM-003-POV-01","properties":{"fid":598,"ID_POV":"PWK-BTK-MSU-SIM-003-POV-01","ID_TITIK":"PWK-BTK-MSU-SIM-003","UID":"UID-2361","ID_WEBGIS":"PWK-BTK-MSU-SIM-037","POV_KE":1,"LAT":1.100298,"LON":104.075814,"JARAK_M":88.4,"STATUS_POV":"ubah","JML_POV":3,"POV_MEAN":67.7,"POV_MEDIAN":66.6,"POV_MIN":48.2,"POV_MAKS":88.4,"TIPE":"Tidak Bersinyal","JENIS":"Persimpangan","NAMA_JALAN":"Jl. Mayjen Sudarsono","KELURAHAN":"BELIAN","KECAMATAN":"BATAM KOTA","PRIORITAS":"PRIORITAS 2","SURVEYOR":"Faiq","WAKTU":"2026-09-04T01:09:09.553Z","CARA_COCOK":"ID","JARAK_COCOK_M":0.0},"geometry":{"type":"Point","coordinates":[104.075814,1.100298]}},{"type":"Feature","id":"PWK-BTK-MSU-SIM-003-POV-02","properties":{"fid":599,"ID_POV":"PWK-BTK-MSU-SIM-003-POV-02","ID_TITIK":"PWK-BTK-MSU-SIM-003","UID":"UID-2361","ID_WEBGIS":"PWK-BTK-MSU-SIM-037","POV_KE":2,"LAT":1.10092,"LON":104.076126,"JARAK_M":48.2,"STATUS_POV":"ubah","JML_POV":3,"POV_MEAN":67.7,"POV_MEDIAN":66.6,"POV_MIN":48.2,"POV_MAKS":88.4,"TIPE":"Tidak Bersinyal","JENIS":"Persimpangan","NAMA_JALAN":"Jl. Mayjen Sudarsono","KELURAHAN":"BELIAN","KECAMATAN":"BATAM KOTA","PRIORITAS":"PRIORITAS 2","SURVEYOR":"Faiq","WAKTU":"2026-09-04T01:09:09.553Z","CARA_COCOK":"ID","JARAK_COCOK_M":0.0},"geometry":{"type":"Point","coordinates":[104.076126,1.10092]}},{"type":"Feature","id":"PWK-BTK-MSU-SIM-003-POV-03","properties":{"fid":600,"ID_POV":"PWK-BTK-MSU-SIM-003-POV-03","ID_TITIK":"PWK-BTK-MSU-SIM-003","UID":"UID-2361","ID_WEBGIS":"PWK-BTK-MSU-SIM-037","POV_KE":3,"LAT":1.100126,"LON":104.076329,"JARAK_M":66.6,"STATUS_POV":"ubah","JML_POV":3,"POV_MEAN":67.7,"POV_MEDIAN":66.6,"POV_MIN":48.2,"POV_MAKS":88.4,"TIPE":"Tidak Bersinyal","JENIS":"Persimpangan","NAMA_JALAN":"Jl. Mayjen Sudarsono","KELURAHAN":"BELIAN","KECAMATAN":"BATAM KOTA","PRIORITAS":"PRIORITAS 2","SURVEYOR":"Faiq","WAKTU":"2026-09-04T01:09:09.553Z","CARA_COCOK":"ID","JARAK_COCOK_M":0.0},"geometry":{"type":"Point","coordinates":[104.076329,1.100126]}},{"type":"Feature","id":"PWK-BTK-PBA-SIM-001-POV-01","properties":{"fid":601,"ID_POV":"PWK-BTK-PBA-SIM-001-POV-01","ID_TITIK":"PWK-BTK-PBA-SIM-001","UID":"UID-2362","ID_WEBGIS":"PWK-BTK-PBA-SIM-013","POV_KE":1,"LAT":1.121363,"LON":104.050566,"JARAK_M":80.7,"STATUS_POV":"asli","JML_POV":3,"POV_MEAN":71.1,"POV_MEDIAN":80.7,"POV_MIN":51.3,"POV_MAKS":81.2,"TIPE":"Bersinyal (ATCS + OSM)","JENIS":"Persimpangan","NAMA_JALAN":"Jl. Pelayaran Batam","KELURAHAN":"BALOI PERMAI","KECAMATAN":"BATAM KOTA","PRIORITAS":"PRIORITAS 2","SURVEYOR":"wahyu","WAKTU":"2026-09-02T04:56:11.441Z","CARA_COCOK":"ID","JARAK_COCOK_M":0.0},"geometry":{"type":"Point","coordinates":[104.050566,1.121363]}},{"type":"Feature","id":"PWK-BTK-PBA-SIM-001-POV-02","properties":{"fid":602,"ID_POV":"PWK-BTK-PBA-SIM-001-POV-02","ID_TITIK":"PWK-BTK-PBA-SIM-001","UID":"UID-2362","ID_WEBGIS":"PWK-BTK-PBA-SIM-013","POV_KE":2,"LAT":1.12125,"LON":104.050998,"JARAK_M":81.2,"STATUS_POV":"asli","JML_POV":3,"POV_MEAN":71.1,"POV_MEDIAN":80.7,"POV_MIN":51.3,"POV_MAKS":81.2,"TIPE":"Bersinyal (ATCS + OSM)","JENIS":"Persimpangan","NAMA_JALAN":"Jl. Pelayaran Batam","KELURAHAN":"BALOI PERMAI","KECAMATAN":"BATAM KOTA","PRIORITAS":"PRIORITAS 2","SURVEYOR":"wahyu","WAKTU":"2026-09-02T04:56:11.441Z","CARA_COCOK":"ID","JARAK_COCOK_M":0.0},"geometry":{"type":"Point","coordinates":[104.050998,1.12125]}},{"type":"Feature","id":"PWK-BTK-PBA-SIM-002-POV-01","properties":{"fid":603,"ID_POV":"PWK-BTK-PBA-SIM-002-POV-01","ID_TITIK":"PWK-BTK-PBA-SIM-002","UID":"UID-2363","ID_WEBGIS":"PWK-BTK-PBA-SIM-021","POV_KE":1,"LAT":1.115301,"LON":104.050957,"JARAK_M":30.5,"STATUS_POV":"ubah","JML_POV":3,"POV_MEAN":25.1,"POV_MEDIAN":26.6,"POV_MIN":18.3,"POV_MAKS":30.5,"TIPE":"Tidak Bersinyal","JENIS":"Persimpangan","NAMA_JALAN":"Jl. Pelayaran Batam","KELURAHAN":"BALOI PERMAI","KECAMATAN":"BATAM KOTA","PRIORITAS":"PRIORITAS 3","SURVEYOR":"wahyu","WAKTU":"2026-09-02T04:54:03.008Z","CARA_COCOK":"ID","JARAK_COCOK_M":0.0},"geometry":{"type":"Point","coordinates":[104.050957,1.115301]}},{"type":"Feature","id":"PWK-BTK-PBA-SIM-002-POV-02","properties":{"fid":604,"ID_POV":"PWK-BTK-PBA-SIM-002-POV-02","ID_TITIK":"PWK-BTK-PBA-SIM-002","UID":"UID-2363","ID_WEBGIS":"PWK-BTK-PBA-SIM-021","POV_KE":2,"LAT":1.115161,"LON":104.050901,"JARAK_M":18.3,"STATUS_POV":"ubah","JML_POV":3,"POV_MEAN":25.1,"POV_MEDIAN":26.6,"POV_MIN":18.3,"POV_MAKS":30.5,"TIPE":"Tidak Bersinyal","JENIS":"Persimpangan","NAMA_JALAN":"Jl. Pelayaran Batam","KELURAHAN":"BALOI PERMAI","KECAMATAN":"BATAM KOTA","PRIORITAS":"PRIORITAS 3","SURVEYOR":"wahyu","WAKTU":"2026-09-02T04:54:03.008Z","CARA_COCOK":"ID","JARAK_COCOK_M":0.0},"geometry":{"type":"Point","coordinates":[104.050901,1.115161]}},{"type":"Feature","id":"PWK-BTK-PBA-SIM-002-POV-03","properties":{"fid":605,"ID_POV":"PWK-BTK-PBA-SIM-002-POV-03","ID_TITIK":"PWK-BTK-PBA-SIM-002","UID":"UID-2363","ID_WEBGIS":"PWK-BTK-PBA-SIM-021","POV_KE":3,"LAT":1.115251,"LON":104.051091,"JARAK_M":26.6,"STATUS_POV":"ubah","JML_POV":3,"POV_MEAN":25.1,"POV_MEDIAN":26.6,"POV_MIN":18.3,"POV_MAKS":30.5,"TIPE":"Tidak Bersinyal","JENIS":"Persimpangan","NAMA_JALAN":"Jl. Pelayaran Batam","KELURAHAN":"BALOI PERMAI","KECAMATAN":"BATAM KOTA","PRIORITAS":"PRIORITAS 3","SURVEYOR":"wahyu","WAKTU":"2026-09-02T04:54:03.008Z","CARA_COCOK":"ID","JARAK_COCOK_M":0.0},"geometry":{"type":"Point","coordinates":[104.051091,1.115251]}},{"type":"Feature","id":"PWK-BTK-PBA-SIM-003-POV-01","properties":{"fid":606,"ID_POV":"PWK-BTK-PBA-SIM-003-POV-01","ID_TITIK":"PWK-BTK-PBA-SIM-003","UID":"UID-2364","ID_WEBGIS":"PWK-BTK-PBA-SIM-022","POV_KE":1,"LAT":1.11529,"LON":104.051095,"JARAK_M":33.5,"STATUS_POV":"ubah","JML_POV":3,"POV_MEAN":28.2,"POV_MEDIAN":32.9,"POV_MIN":18.2,"POV_MAKS":33.5,"TIPE":"Tidak Bersinyal","JENIS":"Persimpangan","NAMA_JALAN":"Jl. Pelayaran Batam","KELURAHAN":"BALOI PERMAI","KECAMATAN":"BATAM KOTA","PRIORITAS":"PRIORITAS 3","SURVEYOR":"wahyu","WAKTU":"2026-09-02T05:00:13.908Z","CARA_COCOK":"ID","JARAK_COCOK_M":0.0},"geometry":{"type":"Point","coordinates":[104.051095,1.11529]}},{"type":"Feature","id":"PWK-BTK-PBA-SIM-003-POV-02","properties":{"fid":607,"ID_POV":"PWK-BTK-PBA-SIM-003-POV-02","ID_TITIK":"PWK-BTK-PBA-SIM-003","UID":"UID-2364","ID_WEBGIS":"PWK-BTK-PBA-SIM-022","POV_KE":2,"LAT":1.115121,"LON":104.051075,"JARAK_M":32.9,"STATUS_POV":"ubah","JML_POV":3,"POV_MEAN":28.2,"POV_MEDIAN":32.9,"POV_MIN":18.2,"POV_MAKS":33.5,"TIPE":"Tidak Bersinyal","JENIS":"Persimpangan","NAMA_JALAN":"Jl. Pelayaran Batam","KELURAHAN":"BALOI PERMAI","KECAMATAN":"BATAM KOTA","PRIORITAS":"PRIORITAS 3","SURVEYOR":"wahyu","WAKTU":"2026-09-02T05:00:13.908Z","CARA_COCOK":"ID","JARAK_COCOK_M":0.0},"geometry":{"type":"Point","coordinates":[104.051075,1.115121]}},{"type":"Feature","id":"PWK-BTK-PBA-SIM-003-POV-03","properties":{"fid":608,"ID_POV":"PWK-BTK-PBA-SIM-003-POV-03","ID_TITIK":"PWK-BTK-PBA-SIM-003","UID":"UID-2364","ID_WEBGIS":"PWK-BTK-PBA-SIM-022","POV_KE":3,"LAT":1.115345,"LON":104.050917,"JARAK_M":18.2,"STATUS_POV":"baru","JML_POV":3,"POV_MEAN":28.2,"POV_MEDIAN":32.9,"POV_MIN":18.2,"POV_MAKS":33.5,"TIPE":"Tidak Bersinyal","JENIS":"Persimpangan","NAMA_JALAN":"Jl. Pelayaran Batam","KELURAHAN":"BALOI PERMAI","KECAMATAN":"BATAM KOTA","PRIORITAS":"PRIORITAS 3","SURVEYOR":"wahyu","WAKTU":"2026-09-02T05:00:13.908Z","CARA_COCOK":"ID","JARAK_COCOK_M":0.0},"geometry":{"type":"Point","coordinates":[104.050917,1.115345]}},{"type":"Feature","id":"PWK-BTK-PBA-SIM-004-POV-01","properties":{"fid":609,"ID_POV":"PWK-BTK-PBA-SIM-004-POV-01","ID_TITIK":"PWK-BTK-PBA-SIM-004","UID":"UID-2365","ID_WEBGIS":"PWK-BTK-PBA-SIM-023","POV_KE":1,"LAT":1.115122,"LON":104.051056,"JARAK_M":29.1,"STATUS_POV":"ubah","JML_POV":3,"POV_MEAN":26.4,"POV_MEDIAN":29.1,"POV_MIN":20.9,"POV_MAKS":29.3,"TIPE":"Tidak Bersinyal","JENIS":"Persimpangan","NAMA_JALAN":"Jl. Pelayaran Batam","KELURAHAN":"TELUK TERING","KECAMATAN":"BATAM KOTA","PRIORITAS":"PRIORITAS 3","SURVEYOR":"wahyu","WAKTU":"2026-09-02T03:49:27.841Z","CARA_COCOK":"ID","JARAK_COCOK_M":0.0},"geometry":{"type":"Point","coordinates":[104.051056,1.115122]}},{"type":"Feature","id":"PWK-BTK-PBA-SIM-004-POV-02","properties":{"fid":610,"ID_POV":"PWK-BTK-PBA-SIM-004-POV-02","ID_TITIK":"PWK-BTK-PBA-SIM-004","UID":"UID-2365","ID_WEBGIS":"PWK-BTK-PBA-SIM-023","POV_KE":2,"LAT":1.115179,"LON":104.05093,"JARAK_M":29.3,"STATUS_POV":"ubah","JML_POV":3,"POV_MEAN":26.4,"POV_MEDIAN":29.1,"POV_MIN":20.9,"POV_MAKS":29.3,"TIPE":"Tidak Bersinyal","JENIS":"Persimpangan","NAMA_JALAN":"Jl. Pelayaran Batam","KELURAHAN":"TELUK TERING","KECAMATAN":"BATAM KOTA","PRIORITAS":"PRIORITAS 3","SURVEYOR":"wahyu","WAKTU":"2026-09-02T03:49:27.841Z","CARA_COCOK":"ID","JARAK_COCOK_M":0.0},"geometry":{"type":"Point","coordinates":[104.05093,1.115179]}},{"type":"Feature","id":"PWK-BTK-PBA-SIM-004-POV-03","properties":{"fid":611,"ID_POV":"PWK-BTK-PBA-SIM-004-POV-03","ID_TITIK":"PWK-BTK-PBA-SIM-004","UID":"UID-2365","ID_WEBGIS":"PWK-BTK-PBA-SIM-023","POV_KE":3,"LAT":1.115323,"LON":104.050921,"JARAK_M":20.9,"STATUS_POV":"ubah","JML_POV":3,"POV_MEAN":26.4,"POV_MEDIAN":29.1,"POV_MIN":20.9,"POV_MAKS":29.3,"TIPE":"Tidak Bersinyal","JENIS":"Persimpangan","NAMA_JALAN":"Jl. Pelayaran Batam","KELURAHAN":"TELUK TERING","KECAMATAN":"BATAM KOTA","PRIORITAS":"PRIORITAS 3","SURVEYOR":"wahyu","WAKTU":"2026-09-02T03:49:27.841Z","CARA_COCOK":"ID","JARAK_COCOK_M":0.0},"geometry":{"type":"Point","coordinates":[104.050921,1.115323]}},{"type":"Feature","id":"PWK-BTK-PBA-SIM-005-POV-01","properties":{"fid":612,"ID_POV":"PWK-BTK-PBA-SIM-005-POV-01","ID_TITIK":"PWK-BTK-PBA-SIM-005","UID":"UID-2366","ID_WEBGIS":"PWK-BTK-PBA-SIM-024","POV_KE":1,"LAT":1.115149,"LON":104.050897,"JARAK_M":34.4,"STATUS_POV":"ubah","JML_POV":3,"POV_MEAN":26.0,"POV_MEDIAN":27.1,"POV_MIN":16.6,"POV_MAKS":34.4,"TIPE":"Bersinyal (ATCS)","JENIS":"Persimpangan","NAMA_JALAN":"Jl. Pelayaran Batam","KELURAHAN":"TELUK TERING","KECAMATAN":"BATAM KOTA","PRIORITAS":"PRIORITAS 3","SURVEYOR":"wahyu","WAKTU":"2026-09-02T04:51:39.071Z","CARA_COCOK":"ID","JARAK_COCOK_M":0.0},"geometry":{"type":"Point","coordinates":[104.050897,1.115149]}},{"type":"Feature","id":"PWK-BTK-PBA-SIM-005-POV-02","properties":{"fid":613,"ID_POV":"PWK-BTK-PBA-SIM-005-POV-02","ID_TITIK":"PWK-BTK-PBA-SIM-005","UID":"UID-2366","ID_WEBGIS":"PWK-BTK-PBA-SIM-024","POV_KE":2,"LAT":1.115293,"LON":104.050971,"JARAK_M":27.1,"STATUS_POV":"ubah","JML_POV":3,"POV_MEAN":26.0,"POV_MEDIAN":27.1,"POV_MIN":16.6,"POV_MAKS":34.4,"TIPE":"Bersinyal (ATCS)","JENIS":"Persimpangan","NAMA_JALAN":"Jl. Pelayaran Batam","KELURAHAN":"TELUK TERING","KECAMATAN":"BATAM KOTA","PRIORITAS":"PRIORITAS 3","SURVEYOR":"wahyu","WAKTU":"2026-09-02T04:51:39.071Z","CARA_COCOK":"ID","JARAK_COCOK_M":0.0},"geometry":{"type":"Point","coordinates":[104.050971,1.115293]}},{"type":"Feature","id":"PWK-BTK-RAK-SIM-001-POV-01","properties":{"fid":614,"ID_POV":"PWK-BTK-RAK-SIM-001-POV-01","ID_TITIK":"PWK-BTK-RAK-SIM-001","UID":"UID-2367","ID_WEBGIS":"PWK-BTK-RAK-SIM-027","POV_KE":1,"LAT":1.116045,"LON":104.058457,"JARAK_M":30.6,"STATUS_POV":"asli","JML_POV":3,"POV_MEAN":46.1,"POV_MEDIAN":49.2,"POV_MIN":30.6,"POV_MAKS":58.5,"TIPE":"Bersinyal (ATCS)","JENIS":"Persimpangan","NAMA_JALAN":"Jl. Raja Ali Kelana","KELURAHAN":"BELIAN","KECAMATAN":"BATAM KOTA","PRIORITAS":"PRIORITAS 1","SURVEYOR":"Resa","WAKTU":"2026-09-04T04:04:14.266Z","CARA_COCOK":"ID","JARAK_COCOK_M":0.0},"geometry":{"type":"Point","coordinates":[104.058457,1.116045]}},{"type":"Feature","id":"PWK-BTK-RAK-SIM-001-POV-02","properties":{"fid":615,"ID_POV":"PWK-BTK-RAK-SIM-001-POV-02","ID_TITIK":"PWK-BTK-RAK-SIM-001","UID":"UID-2367","ID_WEBGIS":"PWK-BTK-RAK-SIM-027","POV_KE":2,"LAT":1.115527,"LON":104.05826,"JARAK_M":49.2,"STATUS_POV":"asli","JML_POV":3,"POV_MEAN":46.1,"POV_MEDIAN":49.2,"POV_MIN":30.6,"POV_MAKS":58.5,"TIPE":"Bersinyal (ATCS)","JENIS":"Persimpangan","NAMA_JALAN":"Jl. Raja Ali Kelana","KELURAHAN":"BELIAN","KECAMATAN":"BATAM KOTA","PRIORITAS":"PRIORITAS 1","SURVEYOR":"Resa","WAKTU":"2026-09-04T04:04:14.266Z","CARA_COCOK":"ID","JARAK_COCOK_M":0.0},"geometry":{"type":"Point","coordinates":[104.05826,1.115527]}},{"type":"Feature","id":"PWK-BTK-RAK-SIM-001-POV-03","properties":{"fid":616,"ID_POV":"PWK-BTK-RAK-SIM-001-POV-03","ID_TITIK":"PWK-BTK-RAK-SIM-001","UID":"UID-2367","ID_WEBGIS":"PWK-BTK-RAK-SIM-027","POV_KE":3,"LAT":1.115718,"LON":104.058082,"JARAK_M":58.5,"STATUS_POV":"ubah","JML_POV":3,"POV_MEAN":46.1,"POV_MEDIAN":49.2,"POV_MIN":30.6,"POV_MAKS":58.5,"TIPE":"Bersinyal (ATCS)","JENIS":"Persimpangan","NAMA_JALAN":"Jl. Raja Ali Kelana","KELURAHAN":"BELIAN","KECAMATAN":"BATAM KOTA","PRIORITAS":"PRIORITAS 1","SURVEYOR":"Resa","WAKTU":"2026-09-04T04:04:14.266Z","CARA_COCOK":"ID","JARAK_COCOK_M":0.0},"geometry":{"type":"Point","coordinates":[104.058082,1.115718]}},{"type":"Feature","id":"PWK-BTK-RAK-SIM-002-POV-01","properties":{"fid":617,"ID_POV":"PWK-BTK-RAK-SIM-002-POV-01","ID_TITIK":"PWK-BTK-RAK-SIM-002","UID":"UID-2368","ID_WEBGIS":"PWK-BTK-RAK-SIM-028","POV_KE":1,"LAT":1.115809,"LON":104.058421,"JARAK_M":54.8,"STATUS_POV":"asli","JML_POV":3,"POV_MEAN":56.5,"POV_MEDIAN":54.8,"POV_MIN":38.2,"POV_MAKS":76.6,"TIPE":"Tidak Bersinyal","JENIS":"Persimpangan","NAMA_JALAN":"Jl. Raja Ali Kelana","KELURAHAN":"BELIAN","KECAMATAN":"BATAM KOTA","PRIORITAS":"PRIORITAS 1","SURVEYOR":"Resa","WAKTU":"2026-09-04T04:04:14.266Z","CARA_COCOK":"ID","JARAK_COCOK_M":0.0},"geometry":{"type":"Point","coordinates":[104.058421,1.115809]}},{"type":"Feature","id":"PWK-BTK-RAK-SIM-002-POV-02","properties":{"fid":618,"ID_POV":"PWK-BTK-RAK-SIM-002-POV-02","ID_TITIK":"PWK-BTK-RAK-SIM-002","UID":"UID-2368","ID_WEBGIS":"PWK-BTK-RAK-SIM-028","POV_KE":2,"LAT":1.115749,"LON":104.058038,"JARAK_M":76.6,"STATUS_POV":"asli","JML_POV":3,"POV_MEAN":56.5,"POV_MEDIAN":54.8,"POV_MIN":38.2,"POV_MAKS":76.6,"TIPE":"Tidak Bersinyal","JENIS":"Persimpangan","NAMA_JALAN":"Jl. Raja Ali Kelana","KELURAHAN":"BELIAN","KECAMATAN":"BATAM KOTA","PRIORITAS":"PRIORITAS 1","SURVEYOR":"Resa","WAKTU":"2026-09-04T04:04:14.266Z","CARA_COCOK":"ID","JARAK_COCOK_M":0.0},"geometry":{"type":"Point","coordinates":[104.058038,1.115749]}},{"type":"Feature","id":"PWK-BTK-RAK-SIM-002-POV-03","properties":{"fid":619,"ID_POV":"PWK-BTK-RAK-SIM-002-POV-03","ID_TITIK":"PWK-BTK-RAK-SIM-002","UID":"UID-2368","ID_WEBGIS":"PWK-BTK-RAK-SIM-028","POV_KE":3,"LAT":1.115412,"LON":104.058262,"JARAK_M":38.2,"STATUS_POV":"ubah","JML_POV":3,"POV_MEAN":56.5,"POV_MEDIAN":54.8,"POV_MIN":38.2,"POV_MAKS":76.6,"TIPE":"Tidak Bersinyal","JENIS":"Persimpangan","NAMA_JALAN":"Jl. Raja Ali Kelana","KELURAHAN":"BELIAN","KECAMATAN":"BATAM KOTA","PRIORITAS":"PRIORITAS 1","SURVEYOR":"Resa","WAKTU":"2026-09-04T04:04:14.266Z","CARA_COCOK":"ID","JARAK_COCOK_M":0.0},"geometry":{"type":"Point","coordinates":[104.058262,1.115412]}},{"type":"Feature","id":"PWK-BTK-RAK-SIM-003-POV-01","properties":{"fid":620,"ID_POV":"PWK-BTK-RAK-SIM-003-POV-01","ID_TITIK":"PWK-BTK-RAK-SIM-003","UID":"UID-2369","ID_WEBGIS":"PWK-BTK-RAK-SIM-034","POV_KE":1,"LAT":1.106996,"LON":104.079091,"JARAK_M":49.8,"STATUS_POV":"asli","JML_POV":3,"POV_MEAN":38.7,"POV_MEDIAN":49.8,"POV_MIN":15.2,"POV_MAKS":51.1,"TIPE":"Tidak Bersinyal","JENIS":"Persimpangan","NAMA_JALAN":"Jl. Raja Ali Kelana","KELURAHAN":"BELIAN","KECAMATAN":"BATAM KOTA","PRIORITAS":"PRIORITAS 3","SURVEYOR":"Resa","WAKTU":"2026-09-04T04:04:14.266Z","CARA_COCOK":"ID","JARAK_COCOK_M":0.0},"geometry":{"type":"Point","coordinates":[104.079091,1.106996]}},{"type":"Feature","id":"PWK-BTK-RAK-SIM-003-POV-02","properties":{"fid":621,"ID_POV":"PWK-BTK-RAK-SIM-003-POV-02","ID_TITIK":"PWK-BTK-RAK-SIM-003","UID":"UID-2369","ID_WEBGIS":"PWK-BTK-RAK-SIM-034","POV_KE":2,"LAT":1.106866,"LON":104.079473,"JARAK_M":51.1,"STATUS_POV":"asli","JML_POV":3,"POV_MEAN":38.7,"POV_MEDIAN":49.8,"POV_MIN":15.2,"POV_MAKS":51.1,"TIPE":"Tidak Bersinyal","JENIS":"Persimpangan","NAMA_JALAN":"Jl. Raja Ali Kelana","KELURAHAN":"BELIAN","KECAMATAN":"BATAM KOTA","PRIORITAS":"PRIORITAS 3","SURVEYOR":"Resa","WAKTU":"2026-09-04T04:04:14.266Z","CARA_COCOK":"ID","JARAK_COCOK_M":0.0},"geometry":{"type":"Point","coordinates":[104.079473,1.106866]}},{"type":"Feature","id":"PWK-BTK-RAK-SIM-003-POV-03","properties":{"fid":622,"ID_POV":"PWK-BTK-RAK-SIM-003-POV-03","ID_TITIK":"PWK-BTK-RAK-SIM-003","UID":"UID-2369","ID_WEBGIS":"PWK-BTK-RAK-SIM-034","POV_KE":3,"LAT":1.107308,"LON":104.079264,"JARAK_M":15.2,"STATUS_POV":"ubah","JML_POV":3,"POV_MEAN":38.7,"POV_MEDIAN":49.8,"POV_MIN":15.2,"POV_MAKS":51.1,"TIPE":"Tidak Bersinyal","JENIS":"Persimpangan","NAMA_JALAN":"Jl. Raja Ali Kelana","KELURAHAN":"BELIAN","KECAMATAN":"BATAM KOTA","PRIORITAS":"PRIORITAS 3","SURVEYOR":"Resa","WAKTU":"2026-09-04T04:04:14.266Z","CARA_COCOK":"ID","JARAK_COCOK_M":0.0},"geometry":{"type":"Point","coordinates":[104.079264,1.107308]}},{"type":"Feature","id":"PWK-BTK-RFI-SIM-001-POV-01","properties":{"fid":623,"ID_POV":"PWK-BTK-RFI-SIM-001-POV-01","ID_TITIK":"PWK-BTK-RFI-SIM-001","UID":"UID-2371","ID_WEBGIS":"PWK-BTK-RFI-SIM-003","POV_KE":1,"LAT":1.127261,"LON":104.052467,"JARAK_M":35.2,"STATUS_POV":"ubah","JML_POV":3,"POV_MEAN":39.6,"POV_MEDIAN":35.2,"POV_MIN":30.0,"POV_MAKS":53.5,"TIPE":"Tidak Bersinyal","JENIS":"Persimpangan","NAMA_JALAN":"Jl. Raja H.Fisabilillah","KELURAHAN":"TELUK TERING","KECAMATAN":"BATAM KOTA","PRIORITAS":"PRIORITAS 1","SURVEYOR":"Resa","WAKTU":"2026-09-04T04:04:14.266Z","CARA_COCOK":"ID","JARAK_COCOK_M":0.0},"geometry":{"type":"Point","coordinates":[104.052467,1.127261]}},{"type":"Feature","id":"PWK-BTK-RFI-SIM-001-POV-02","properties":{"fid":624,"ID_POV":"PWK-BTK-RFI-SIM-001-POV-02","ID_TITIK":"PWK-BTK-RFI-SIM-001","UID":"UID-2371","ID_WEBGIS":"PWK-BTK-RFI-SIM-003","POV_KE":2,"LAT":1.127351,"LON":104.052828,"JARAK_M":53.5,"STATUS_POV":"ubah","JML_POV":3,"POV_MEAN":39.6,"POV_MEDIAN":35.2,"POV_MIN":30.0,"POV_MAKS":53.5,"TIPE":"Tidak Bersinyal","JENIS":"Persimpangan","NAMA_JALAN":"Jl. Raja H.Fisabilillah","KELURAHAN":"TELUK TERING","KECAMATAN":"BATAM KOTA","PRIORITAS":"PRIORITAS 1","SURVEYOR":"Resa","WAKTU":"2026-09-04T04:04:14.266Z","CARA_COCOK":"ID","JARAK_COCOK_M":0.0},"geometry":{"type":"Point","coordinates":[104.052828,1.127351]}},{"type":"Feature","id":"PWK-BTK-RFI-SIM-001-POV-03","properties":{"fid":625,"ID_POV":"PWK-BTK-RFI-SIM-001-POV-03","ID_TITIK":"PWK-BTK-RFI-SIM-001","UID":"UID-2371","ID_WEBGIS":"PWK-BTK-RFI-SIM-003","POV_KE":3,"LAT":1.127624,"LON":104.052664,"JARAK_M":30.0,"STATUS_POV":"ubah","JML_POV":3,"POV_MEAN":39.6,"POV_MEDIAN":35.2,"POV_MIN":30.0,"POV_MAKS":53.5,"TIPE":"Tidak Bersinyal","JENIS":"Persimpangan","NAMA_JALAN":"Jl. Raja H.Fisabilillah","KELURAHAN":"TELUK TERING","KECAMATAN":"BATAM KOTA","PRIORITAS":"PRIORITAS 1","SURVEYOR":"Resa","WAKTU":"2026-09-04T04:04:14.266Z","CARA_COCOK":"ID","JARAK_COCOK_M":0.0},"geometry":{"type":"Point","coordinates":[104.052664,1.127624]}},{"type":"Feature","id":"PWK-BTK-RFI-SIM-002-POV-01","properties":{"fid":626,"ID_POV":"PWK-BTK-RFI-SIM-002-POV-01","ID_TITIK":"PWK-BTK-RFI-SIM-002","UID":"UID-2372","ID_WEBGIS":"PWK-BTK-RFI-SIM-038","POV_KE":1,"LAT":1.130137,"LON":104.047405,"JARAK_M":17.5,"STATUS_POV":"ubah","JML_POV":3,"POV_MEAN":33.6,"POV_MEDIAN":37.7,"POV_MIN":17.5,"POV_MAKS":45.6,"TIPE":"Tidak Bersinyal","JENIS":"Persimpangan","NAMA_JALAN":"Jl. Raja H.Fisabilillah","KELURAHAN":"TELUK TERING","KECAMATAN":"BATAM KOTA","PRIORITAS":"PRIORITAS 3","SURVEYOR":"Resa","WAKTU":"2026-09-04T04:04:14.266Z","CARA_COCOK":"ID","JARAK_COCOK_M":0.0},"geometry":{"type":"Point","coordinates":[104.047405,1.130137]}},{"type":"Feature","id":"PWK-BTK-RFI-SIM-002-POV-02","properties":{"fid":627,"ID_POV":"PWK-BTK-RFI-SIM-002-POV-02","ID_TITIK":"PWK-BTK-RFI-SIM-002","UID":"UID-2372","ID_WEBGIS":"PWK-BTK-RFI-SIM-038","POV_KE":2,"LAT":1.130111,"LON":104.047011,"JARAK_M":45.6,"STATUS_POV":"asli","JML_POV":3,"POV_MEAN":33.6,"POV_MEDIAN":37.7,"POV_MIN":17.5,"POV_MAKS":45.6,"TIPE":"Tidak Bersinyal","JENIS":"Persimpangan","NAMA_JALAN":"Jl. Raja H.Fisabilillah","KELURAHAN":"TELUK TERING","KECAMATAN":"BATAM KOTA","PRIORITAS":"PRIORITAS 3","SURVEYOR":"Resa","WAKTU":"2026-09-04T04:04:14.266Z","CARA_COCOK":"ID","JARAK_COCOK_M":0.0},"geometry":{"type":"Point","coordinates":[104.047011,1.130111]}},{"type":"Feature","id":"PWK-BTK-RFI-SIM-002-POV-03","properties":{"fid":628,"ID_POV":"PWK-BTK-RFI-SIM-002-POV-03","ID_TITIK":"PWK-BTK-RFI-SIM-002","UID":"UID-2372","ID_WEBGIS":"PWK-BTK-RFI-SIM-038","POV_KE":3,"LAT":1.129882,"LON":104.047075,"JARAK_M":37.7,"STATUS_POV":"ubah","JML_POV":3,"POV_MEAN":33.6,"POV_MEDIAN":37.7,"POV_MIN":17.5,"POV_MAKS":45.6,"TIPE":"Tidak Bersinyal","JENIS":"Persimpangan","NAMA_JALAN":"Jl. Raja H.Fisabilillah","KELURAHAN":"TELUK TERING","KECAMATAN":"BATAM KOTA","PRIORITAS":"PRIORITAS 3","SURVEYOR":"Resa","WAKTU":"2026-09-04T04:04:14.266Z","CARA_COCOK":"ID","JARAK_COCOK_M":0.0},"geometry":{"type":"Point","coordinates":[104.047075,1.129882]}},{"type":"Feature","id":"PWK-BTK-RFI-SIM-003-POV-01","properties":{"fid":629,"ID_POV":"PWK-BTK-RFI-SIM-003-POV-01","ID_TITIK":"PWK-BTK-RFI-SIM-003","UID":"UID-2373","ID_WEBGIS":"PWK-BTK-RFI-SIM-041","POV_KE":1,"LAT":1.13376,"LON":104.043967,"JARAK_M":63.7,"STATUS_POV":"asli","JML_POV":3,"POV_MEAN":56.9,"POV_MEDIAN":63.7,"POV_MIN":32.6,"POV_MAKS":74.3,"TIPE":"Tidak Bersinyal","JENIS":"Persimpangan","NAMA_JALAN":"Jl. Raja H.Fisabilillah","KELURAHAN":"TELUK TERING","KECAMATAN":"BATAM KOTA","PRIORITAS":"PRIORITAS 2","SURVEYOR":"Resa","WAKTU":"2026-09-04T04:04:14.266Z","CARA_COCOK":"ID","JARAK_COCOK_M":0.0},"geometry":{"type":"Point","coordinates":[104.043967,1.13376]}},{"type":"Feature","id":"PWK-BTK-RFI-SIM-003-POV-02","properties":{"fid":630,"ID_POV":"PWK-BTK-RFI-SIM-003-POV-02","ID_TITIK":"PWK-BTK-RFI-SIM-003","UID":"UID-2373","ID_WEBGIS":"PWK-BTK-RFI-SIM-041","POV_KE":2,"LAT":1.134375,"LON":104.0438,"JARAK_M":74.3,"STATUS_POV":"asli","JML_POV":3,"POV_MEAN":56.9,"POV_MEDIAN":63.7,"POV_MIN":32.6,"POV_MAKS":74.3,"TIPE":"Tidak Bersinyal","JENIS":"Persimpangan","NAMA_JALAN":"Jl. Raja H.Fisabilillah","KELURAHAN":"TELUK TERING","KECAMATAN":"BATAM KOTA","PRIORITAS":"PRIORITAS 2","SURVEYOR":"Resa","WAKTU":"2026-09-04T04:04:14.266Z","CARA_COCOK":"ID","JARAK_COCOK_M":0.0},"geometry":{"type":"Point","coordinates":[104.0438,1.134375]}},{"type":"Feature","id":"PWK-BTK-RFI-SIM-003-POV-03","properties":{"fid":631,"ID_POV":"PWK-BTK-RFI-SIM-003-POV-03","ID_TITIK":"PWK-BTK-RFI-SIM-003","UID":"UID-2373","ID_WEBGIS":"PWK-BTK-RFI-SIM-041","POV_KE":3,"LAT":1.13413,"LON":104.04336,"JARAK_M":32.6,"STATUS_POV":"asli","JML_POV":3,"POV_MEAN":56.9,"POV_MEDIAN":63.7,"POV_MIN":32.6,"POV_MAKS":74.3,"TIPE":"Tidak Bersinyal","JENIS":"Persimpangan","NAMA_JALAN":"Jl. Raja H.Fisabilillah","KELURAHAN":"TELUK TERING","KECAMATAN":"BATAM KOTA","PRIORITAS":"PRIORITAS 2","SURVEYOR":"Resa","WAKTU":"2026-09-04T04:04:14.266Z","CARA_COCOK":"ID","JARAK_COCOK_M":0.0},"geometry":{"type":"Point","coordinates":[104.04336,1.13413]}},{"type":"Feature","id":"PWK-BTK-RFI-SIM-004-POV-01","properties":{"fid":632,"ID_POV":"PWK-BTK-RFI-SIM-004-POV-01","ID_TITIK":"PWK-BTK-RFI-SIM-004","UID":"UID-2374","ID_WEBGIS":"PWK-BTK-RFI-SIM-043","POV_KE":1,"LAT":1.126536,"LON":104.031486,"JARAK_M":46.5,"STATUS_POV":"ubah","JML_POV":3,"POV_MEAN":53.0,"POV_MEDIAN":46.5,"POV_MIN":45.7,"POV_MAKS":66.8,"TIPE":"Bersinyal (ATCS + OSM)","JENIS":"Persimpangan","NAMA_JALAN":"Jl. Raja H.Fisabilillah","KELURAHAN":"TELUK TERING","KECAMATAN":"BATAM KOTA","PRIORITAS":"PRIORITAS 2","SURVEYOR":"Resa","WAKTU":"2026-09-04T04:04:14.266Z","CARA_COCOK":"ID","JARAK_COCOK_M":0.0},"geometry":{"type":"Point","coordinates":[104.031486,1.126536]}},{"type":"Feature","id":"PWK-BTK-RFI-SIM-004-POV-02","properties":{"fid":633,"ID_POV":"PWK-BTK-RFI-SIM-004-POV-02","ID_TITIK":"PWK-BTK-RFI-SIM-004","UID":"UID-2374","ID_WEBGIS":"PWK-BTK-RFI-SIM-043","POV_KE":2,"LAT":1.126253,"LON":104.031199,"JARAK_M":66.8,"STATUS_POV":"asli","JML_POV":3,"POV_MEAN":53.0,"POV_MEDIAN":46.5,"POV_MIN":45.7,"POV_MAKS":66.8,"TIPE":"Bersinyal (ATCS + OSM)","JENIS":"Persimpangan","NAMA_JALAN":"Jl. Raja H.Fisabilillah","KELURAHAN":"TELUK TERING","KECAMATAN":"BATAM KOTA","PRIORITAS":"PRIORITAS 2","SURVEYOR":"Resa","WAKTU":"2026-09-04T04:04:14.266Z","CARA_COCOK":"ID","JARAK_COCOK_M":0.0},"geometry":{"type":"Point","coordinates":[104.031199,1.126253]}},{"type":"Feature","id":"PWK-BTK-RFI-SIM-004-POV-03","properties":{"fid":634,"ID_POV":"PWK-BTK-RFI-SIM-004-POV-03","ID_TITIK":"PWK-BTK-RFI-SIM-004","UID":"UID-2374","ID_WEBGIS":"PWK-BTK-RFI-SIM-043","POV_KE":3,"LAT":1.125908,"LON":104.031588,"JARAK_M":45.7,"STATUS_POV":"ubah","JML_POV":3,"POV_MEAN":53.0,"POV_MEDIAN":46.5,"POV_MIN":45.7,"POV_MAKS":66.8,"TIPE":"Bersinyal (ATCS + OSM)","JENIS":"Persimpangan","NAMA_JALAN":"Jl. Raja H.Fisabilillah","KELURAHAN":"TELUK TERING","KECAMATAN":"BATAM KOTA","PRIORITAS":"PRIORITAS 2","SURVEYOR":"Resa","WAKTU":"2026-09-04T04:04:14.266Z","CARA_COCOK":"ID","JARAK_COCOK_M":0.0},"geometry":{"type":"Point","coordinates":[104.031588,1.125908]}},{"type":"Feature","id":"PWK-BTK-RFI-SIM-005-POV-01","properties":{"fid":635,"ID_POV":"PWK-BTK-RFI-SIM-005-POV-01","ID_TITIK":"PWK-BTK-RFI-SIM-005","UID":"UID-2375","ID_WEBGIS":"PWK-BTK-RFI-SIM-044","POV_KE":1,"LAT":1.126278,"LON":104.031773,"JARAK_M":53.1,"STATUS_POV":"ubah","JML_POV":3,"POV_MEAN":51.8,"POV_MEDIAN":53.1,"POV_MIN":41.6,"POV_MAKS":60.7,"TIPE":"Bersinyal (ATCS + OSM)","JENIS":"Persimpangan","NAMA_JALAN":"Jl. Raja H.Fisabilillah","KELURAHAN":"TAMAN BALOI","KECAMATAN":"BATAM KOTA","PRIORITAS":"PRIORITAS 2","SURVEYOR":"Resa","WAKTU":"2026-09-04T04:04:14.266Z","CARA_COCOK":"ID","JARAK_COCOK_M":0.0},"geometry":{"type":"Point","coordinates":[104.031773,1.126278]}},{"type":"Feature","id":"PWK-BTK-RFI-SIM-005-POV-02","properties":{"fid":636,"ID_POV":"PWK-BTK-RFI-SIM-005-POV-02","ID_TITIK":"PWK-BTK-RFI-SIM-005","UID":"UID-2375","ID_WEBGIS":"PWK-BTK-RFI-SIM-044","POV_KE":2,"LAT":1.126517,"LON":104.031496,"JARAK_M":60.7,"STATUS_POV":"ubah","JML_POV":3,"POV_MEAN":51.8,"POV_MEDIAN":53.1,"POV_MIN":41.6,"POV_MAKS":60.7,"TIPE":"Bersinyal (ATCS + OSM)","JENIS":"Persimpangan","NAMA_JALAN":"Jl. Raja H.Fisabilillah","KELURAHAN":"TAMAN BALOI","KECAMATAN":"BATAM KOTA","PRIORITAS":"PRIORITAS 2","SURVEYOR":"Resa","WAKTU":"2026-09-04T04:04:14.266Z","CARA_COCOK":"ID","JARAK_COCOK_M":0.0},"geometry":{"type":"Point","coordinates":[104.031496,1.126517]}},{"type":"Feature","id":"PWK-BTK-RFI-SIM-005-POV-03","properties":{"fid":637,"ID_POV":"PWK-BTK-RFI-SIM-005-POV-03","ID_TITIK":"PWK-BTK-RFI-SIM-005","UID":"UID-2375","ID_WEBGIS":"PWK-BTK-RFI-SIM-044","POV_KE":3,"LAT":1.126265,"LON":104.031158,"JARAK_M":41.6,"STATUS_POV":"ubah","JML_POV":3,"POV_MEAN":51.8,"POV_MEDIAN":53.1,"POV_MIN":41.6,"POV_MAKS":60.7,"TIPE":"Bersinyal (ATCS + OSM)","JENIS":"Persimpangan","NAMA_JALAN":"Jl. Raja H.Fisabilillah","KELURAHAN":"TAMAN BALOI","KECAMATAN":"BATAM KOTA","PRIORITAS":"PRIORITAS 2","SURVEYOR":"Resa","WAKTU":"2026-09-04T04:04:14.266Z","CARA_COCOK":"ID","JARAK_COCOK_M":0.0},"geometry":{"type":"Point","coordinates":[104.031158,1.126265]}},{"type":"Feature","id":"PWK-BTK-RFI-SIM-006-POV-01","properties":{"fid":638,"ID_POV":"PWK-BTK-RFI-SIM-006-POV-01","ID_TITIK":"PWK-BTK-RFI-SIM-006","UID":"UID-2376","ID_WEBGIS":"PWK-BTK-RFI-SIM-054","POV_KE":1,"LAT":1.124125,"LON":104.018592,"JARAK_M":37.7,"STATUS_POV":"ubah","JML_POV":3,"POV_MEAN":84.7,"POV_MEDIAN":102.8,"POV_MIN":37.7,"POV_MAKS":113.6,"TIPE":"Bersinyal (ATCS + OSM)","JENIS":"Persimpangan","NAMA_JALAN":"Jl. Raja H.Fisabilillah","KELURAHAN":"SEI PANAS","KECAMATAN":"BATAM KOTA","PRIORITAS":"PRIORITAS 1","SURVEYOR":"Resa","WAKTU":"2026-09-04T04:04:14.266Z","CARA_COCOK":"ID","JARAK_COCOK_M":0.0},"geometry":{"type":"Point","coordinates":[104.018592,1.124125]}},{"type":"Feature","id":"PWK-BTK-RFI-SIM-006-POV-02","properties":{"fid":639,"ID_POV":"PWK-BTK-RFI-SIM-006-POV-02","ID_TITIK":"PWK-BTK-RFI-SIM-006","UID":"UID-2376","ID_WEBGIS":"PWK-BTK-RFI-SIM-054","POV_KE":2,"LAT":1.123602,"LON":104.018257,"JARAK_M":102.8,"STATUS_POV":"ubah","JML_POV":3,"POV_MEAN":84.7,"POV_MEDIAN":102.8,"POV_MIN":37.7,"POV_MAKS":113.6,"TIPE":"Bersinyal (ATCS + OSM)","JENIS":"Persimpangan","NAMA_JALAN":"Jl. Raja H.Fisabilillah","KELURAHAN":"SEI PANAS","KECAMATAN":"BATAM KOTA","PRIORITAS":"PRIORITAS 1","SURVEYOR":"Resa","WAKTU":"2026-09-04T04:04:14.266Z","CARA_COCOK":"ID","JARAK_COCOK_M":0.0},"geometry":{"type":"Point","coordinates":[104.018257,1.123602]}},{"type":"Feature","id":"PWK-BTK-RFI-SIM-006-POV-03","properties":{"fid":640,"ID_POV":"PWK-BTK-RFI-SIM-006-POV-03","ID_TITIK":"PWK-BTK-RFI-SIM-006","UID":"UID-2376","ID_WEBGIS":"PWK-BTK-RFI-SIM-054","POV_KE":3,"LAT":1.123259,"LON":104.018732,"JARAK_M":113.6,"STATUS_POV":"baru","JML_POV":3,"POV_MEAN":84.7,"POV_MEDIAN":102.8,"POV_MIN":37.7,"POV_MAKS":113.6,"TIPE":"Bersinyal (ATCS + OSM)","JENIS":"Persimpangan","NAMA_JALAN":"Jl. Raja H.Fisabilillah","KELURAHAN":"SEI PANAS","KECAMATAN":"BATAM KOTA","PRIORITAS":"PRIORITAS 1","SURVEYOR":"Resa","WAKTU":"2026-09-04T04:04:14.266Z","CARA_COCOK":"ID","JARAK_COCOK_M":0.0},"geometry":{"type":"Point","coordinates":[104.018732,1.123259]}},{"type":"Feature","id":"PWK-BTK-RFI-SIM-007-POV-01","properties":{"fid":641,"ID_POV":"PWK-BTK-RFI-SIM-007-POV-01","ID_TITIK":"PWK-BTK-RFI-SIM-007","UID":"UID-2377","ID_WEBGIS":"PWK-BTK-RFI-SIM-055","POV_KE":1,"LAT":1.128979,"LON":104.038317,"JARAK_M":36.5,"STATUS_POV":"baru","JML_POV":3,"POV_MEAN":38.9,"POV_MEDIAN":36.5,"POV_MIN":31.3,"POV_MAKS":48.8,"TIPE":"Billboard","JENIS":"Persimpangan","NAMA_JALAN":"Jl. Raja H.Fisabilillah","KELURAHAN":"TELUK TERING","KECAMATAN":"BATAM KOTA","PRIORITAS":"TANPA PRIORITAS","SURVEYOR":"wahyu","WAKTU":"2026-09-02T02:48:30.130Z","CARA_COCOK":"ID","JARAK_COCOK_M":0.0},"geometry":{"type":"Point","coordinates":[104.038317,1.128979]}},{"type":"Feature","id":"PWK-BTK-RFI-SIM-007-POV-02","properties":{"fid":642,"ID_POV":"PWK-BTK-RFI-SIM-007-POV-02","ID_TITIK":"PWK-BTK-RFI-SIM-007","UID":"UID-2377","ID_WEBGIS":"PWK-BTK-RFI-SIM-055","POV_KE":2,"LAT":1.12941,"LON":104.038261,"JARAK_M":48.8,"STATUS_POV":"baru","JML_POV":3,"POV_MEAN":38.9,"POV_MEDIAN":36.5,"POV_MIN":31.3,"POV_MAKS":48.8,"TIPE":"Billboard","JENIS":"Persimpangan","NAMA_JALAN":"Jl. Raja H.Fisabilillah","KELURAHAN":"TELUK TERING","KECAMATAN":"BATAM KOTA","PRIORITAS":"TANPA PRIORITAS","SURVEYOR":"wahyu","WAKTU":"2026-09-02T02:48:30.130Z","CARA_COCOK":"ID","JARAK_COCOK_M":0.0},"geometry":{"type":"Point","coordinates":[104.038261,1.12941]}},{"type":"Feature","id":"PWK-BTK-RIS-SIM-001-POV-01","properties":{"fid":643,"ID_POV":"PWK-BTK-RIS-SIM-001-POV-01","ID_TITIK":"PWK-BTK-RIS-SIM-001","UID":"UID-2379","ID_WEBGIS":"PWK-BTK-RIS-SIM-025","POV_KE":1,"LAT":1.115578,"LON":104.058546,"JARAK_M":63.2,"STATUS_POV":"ubah","JML_POV":3,"POV_MEAN":51.1,"POV_MEDIAN":55.6,"POV_MIN":34.5,"POV_MAKS":63.2,"TIPE":"Bersinyal (ATCS)","JENIS":"Persimpangan","NAMA_JALAN":"Jl. Raja Isa","KELURAHAN":"BALOI PERMAI","KECAMATAN":"BATAM KOTA","PRIORITAS":"PRIORITAS 1","SURVEYOR":"Resa","WAKTU":"2026-09-04T04:04:14.266Z","CARA_COCOK":"ID","JARAK_COCOK_M":0.0},"geometry":{"type":"Point","coordinates":[104.058546,1.115578]}},{"type":"Feature","id":"PWK-BTK-RIS-SIM-001-POV-02","properties":{"fid":644,"ID_POV":"PWK-BTK-RIS-SIM-001-POV-02","ID_TITIK":"PWK-BTK-RIS-SIM-001","UID":"UID-2379","ID_WEBGIS":"PWK-BTK-RIS-SIM-025","POV_KE":2,"LAT":1.115742,"LON":104.058383,"JARAK_M":55.6,"STATUS_POV":"ubah","JML_POV":3,"POV_MEAN":51.1,"POV_MEDIAN":55.6,"POV_MIN":34.5,"POV_MAKS":63.2,"TIPE":"Bersinyal (ATCS)","JENIS":"Persimpangan","NAMA_JALAN":"Jl. Raja Isa","KELURAHAN":"BALOI PERMAI","KECAMATAN":"BATAM KOTA","PRIORITAS":"PRIORITAS 1","SURVEYOR":"Resa","WAKTU":"2026-09-04T04:04:14.266Z","CARA_COCOK":"ID","JARAK_COCOK_M":0.0},"geometry":{"type":"Point","coordinates":[104.058383,1.115742]}},{"type":"Feature","id":"PWK-BTK-RIS-SIM-001-POV-03","properties":{"fid":645,"ID_POV":"PWK-BTK-RIS-SIM-001-POV-03","ID_TITIK":"PWK-BTK-RIS-SIM-001","UID":"UID-2379","ID_WEBGIS":"PWK-BTK-RIS-SIM-025","POV_KE":3,"LAT":1.115718,"LON":104.058085,"JARAK_M":34.5,"STATUS_POV":"ubah","JML_POV":3,"POV_MEAN":51.1,"POV_MEDIAN":55.6,"POV_MIN":34.5,"POV_MAKS":63.2,"TIPE":"Bersinyal (ATCS)","JENIS":"Persimpangan","NAMA_JALAN":"Jl. Raja Isa","KELURAHAN":"BALOI PERMAI","KECAMATAN":"BATAM KOTA","PRIORITAS":"PRIORITAS 1","SURVEYOR":"Resa","WAKTU":"2026-09-04T04:04:14.266Z","CARA_COCOK":"ID","JARAK_COCOK_M":0.0},"geometry":{"type":"Point","coordinates":[104.058085,1.115718]}},{"type":"Feature","id":"PWK-BTK-RIS-SIM-002-POV-01","properties":{"fid":646,"ID_POV":"PWK-BTK-RIS-SIM-002-POV-01","ID_TITIK":"PWK-BTK-RIS-SIM-002","UID":"UID-2380","ID_WEBGIS":"PWK-BTK-RIS-SIM-026","POV_KE":1,"LAT":1.115718,"LON":104.058077,"JARAK_M":21.5,"STATUS_POV":"ubah","JML_POV":4,"POV_MEAN":40.6,"POV_MEDIAN":43.0,"POV_MIN":21.5,"POV_MAKS":55.1,"TIPE":"Bersinyal (ATCS)","JENIS":"Persimpangan","NAMA_JALAN":"Jl. Raja Isa","KELURAHAN":"TELUK TERING","KECAMATAN":"BATAM KOTA","PRIORITAS":"PRIORITAS 1","SURVEYOR":"Resa","WAKTU":"2026-09-04T04:04:14.266Z","CARA_COCOK":"ID","JARAK_COCOK_M":0.0},"geometry":{"type":"Point","coordinates":[104.058077,1.115718]}},{"type":"Feature","id":"PWK-BTK-RIS-SIM-002-POV-02","properties":{"fid":647,"ID_POV":"PWK-BTK-RIS-SIM-002-POV-02","ID_TITIK":"PWK-BTK-RIS-SIM-002","UID":"UID-2380","ID_WEBGIS":"PWK-BTK-RIS-SIM-026","POV_KE":2,"LAT":1.115498,"LON":104.058249,"JARAK_M":48.7,"STATUS_POV":"ubah","JML_POV":4,"POV_MEAN":40.6,"POV_MEDIAN":43.0,"POV_MIN":21.5,"POV_MAKS":55.1,"TIPE":"Bersinyal (ATCS)","JENIS":"Persimpangan","NAMA_JALAN":"Jl. Raja Isa","KELURAHAN":"TELUK TERING","KECAMATAN":"BATAM KOTA","PRIORITAS":"PRIORITAS 1","SURVEYOR":"Resa","WAKTU":"2026-09-04T04:04:14.266Z","CARA_COCOK":"ID","JARAK_COCOK_M":0.0},"geometry":{"type":"Point","coordinates":[104.058249,1.115498]}},{"type":"Feature","id":"PWK-BTK-RIS-SIM-002-POV-03","properties":{"fid":648,"ID_POV":"PWK-BTK-RIS-SIM-002-POV-03","ID_TITIK":"PWK-BTK-RIS-SIM-002","UID":"UID-2380","ID_WEBGIS":"PWK-BTK-RIS-SIM-026","POV_KE":3,"LAT":1.115562,"LON":104.058453,"JARAK_M":55.1,"STATUS_POV":"ubah","JML_POV":4,"POV_MEAN":40.6,"POV_MEDIAN":43.0,"POV_MIN":21.5,"POV_MAKS":55.1,"TIPE":"Bersinyal (ATCS)","JENIS":"Persimpangan","NAMA_JALAN":"Jl. Raja Isa","KELURAHAN":"TELUK TERING","KECAMATAN":"BATAM KOTA","PRIORITAS":"PRIORITAS 1","SURVEYOR":"Resa","WAKTU":"2026-09-04T04:04:14.266Z","CARA_COCOK":"ID","JARAK_COCOK_M":0.0},"geometry":{"type":"Point","coordinates":[104.058453,1.115562]}},{"type":"Feature","id":"PWK-BTK-RIS-SIM-002-POV-04","properties":{"fid":649,"ID_POV":"PWK-BTK-RIS-SIM-002-POV-04","ID_TITIK":"PWK-BTK-RIS-SIM-002","UID":"UID-2380","ID_WEBGIS":"PWK-BTK-RIS-SIM-026","POV_KE":4,"LAT":1.115758,"LON":104.058399,"JARAK_M":37.3,"STATUS_POV":"baru","JML_POV":4,"POV_MEAN":40.6,"POV_MEDIAN":43.0,"POV_MIN":21.5,"POV_MAKS":55.1,"TIPE":"Bersinyal (ATCS)","JENIS":"Persimpangan","NAMA_JALAN":"Jl. Raja Isa","KELURAHAN":"TELUK TERING","KECAMATAN":"BATAM KOTA","PRIORITAS":"PRIORITAS 1","SURVEYOR":"Resa","WAKTU":"2026-09-04T04:04:14.266Z","CARA_COCOK":"ID","JARAK_COCOK_M":0.0},"geometry":{"type":"Point","coordinates":[104.058399,1.115758]}},{"type":"Feature","id":"PWK-BTK-RIS-SIM-003-POV-01","properties":{"fid":650,"ID_POV":"PWK-BTK-RIS-SIM-003-POV-01","ID_TITIK":"PWK-BTK-RIS-SIM-003","UID":"UID-2381","ID_WEBGIS":"PWK-BTK-RIS-SIM-029","POV_KE":1,"LAT":1.104484,"LON":104.075093,"JARAK_M":28.6,"STATUS_POV":"ubah","JML_POV":3,"POV_MEAN":24.9,"POV_MEDIAN":28.6,"POV_MIN":12.1,"POV_MAKS":33.9,"TIPE":"Tidak Bersinyal","JENIS":"Persimpangan","NAMA_JALAN":"Jl. Raja Isa","KELURAHAN":"BALOI PERMAI","KECAMATAN":"BATAM KOTA","PRIORITAS":"PRIORITAS 2","SURVEYOR":"Resa","WAKTU":"2026-09-04T04:04:14.266Z","CARA_COCOK":"ID","JARAK_COCOK_M":0.0},"geometry":{"type":"Point","coordinates":[104.075093,1.104484]}},{"type":"Feature","id":"PWK-BTK-RIS-SIM-003-POV-02","properties":{"fid":651,"ID_POV":"PWK-BTK-RIS-SIM-003-POV-02","ID_TITIK":"PWK-BTK-RIS-SIM-003","UID":"UID-2381","ID_WEBGIS":"PWK-BTK-RIS-SIM-029","POV_KE":2,"LAT":1.103965,"LON":104.075309,"JARAK_M":33.9,"STATUS_POV":"ubah","JML_POV":3,"POV_MEAN":24.9,"POV_MEDIAN":28.6,"POV_MIN":12.1,"POV_MAKS":33.9,"TIPE":"Tidak Bersinyal","JENIS":"Persimpangan","NAMA_JALAN":"Jl. Raja Isa","KELURAHAN":"BALOI PERMAI","KECAMATAN":"BATAM KOTA","PRIORITAS":"PRIORITAS 2","SURVEYOR":"Resa","WAKTU":"2026-09-04T04:04:14.266Z","CARA_COCOK":"ID","JARAK_COCOK_M":0.0},"geometry":{"type":"Point","coordinates":[104.075309,1.103965]}},{"type":"Feature","id":"PWK-BTK-RIS-SIM-003-POV-03","properties":{"fid":652,"ID_POV":"PWK-BTK-RIS-SIM-003-POV-03","ID_TITIK":"PWK-BTK-RIS-SIM-003","UID":"UID-2381","ID_WEBGIS":"PWK-BTK-RIS-SIM-029","POV_KE":3,"LAT":1.104279,"LON":104.075305,"JARAK_M":12.1,"STATUS_POV":"ubah","JML_POV":3,"POV_MEAN":24.9,"POV_MEDIAN":28.6,"POV_MIN":12.1,"POV_MAKS":33.9,"TIPE":"Tidak Bersinyal","JENIS":"Persimpangan","NAMA_JALAN":"Jl. Raja Isa","KELURAHAN":"BALOI PERMAI","KECAMATAN":"BATAM KOTA","PRIORITAS":"PRIORITAS 2","SURVEYOR":"Resa","WAKTU":"2026-09-04T04:04:14.266Z","CARA_COCOK":"ID","JARAK_COCOK_M":0.0},"geometry":{"type":"Point","coordinates":[104.075305,1.104279]}},{"type":"Feature","id":"ANL-BTK-RIS-SIM-005-POV-01","properties":{"fid":653,"ID_POV":"ANL-BTK-RIS-SIM-005-POV-01","ID_TITIK":"ANL-BTK-RIS-SIM-005","UID":"UID-1221","ID_WEBGIS":"PWK-BTK-RIS-SIM-030","POV_KE":1,"LAT":1.104344,"LON":104.075392,"JARAK_M":49.7,"STATUS_POV":"asli","JML_POV":5,"POV_MEAN":51.8,"POV_MEDIAN":51.9,"POV_MIN":49.7,"POV_MAKS":53.6,"TIPE":"Tidak Bersinyal","JENIS":"Persimpangan","NAMA_JALAN":"Jl. Raja Isa","KELURAHAN":"BALOI PERMAI","KECAMATAN":"BATAM KOTA","PRIORITAS":"PRIORITAS 2","SURVEYOR":"Resa","WAKTU":"2026-09-04T04:04:14.266Z","CARA_COCOK":"koordinat","JARAK_COCOK_M":5.8},"geometry":{"type":"Point","coordinates":[104.075392,1.104344]}},{"type":"Feature","id":"ANL-BTK-RIS-SIM-005-POV-02","properties":{"fid":654,"ID_POV":"ANL-BTK-RIS-SIM-005-POV-02","ID_TITIK":"ANL-BTK-RIS-SIM-005","UID":"UID-1221","ID_WEBGIS":"PWK-BTK-RIS-SIM-030","POV_KE":2,"LAT":1.104005,"LON":104.075295,"JARAK_M":53.6,"STATUS_POV":"asli","JML_POV":5,"POV_MEAN":51.8,"POV_MEDIAN":51.9,"POV_MIN":49.7,"POV_MAKS":53.6,"TIPE":"Tidak Bersinyal","JENIS":"Persimpangan","NAMA_JALAN":"Jl. Raja Isa","KELURAHAN":"BALOI PERMAI","KECAMATAN":"BATAM KOTA","PRIORITAS":"PRIORITAS 2","SURVEYOR":"Resa","WAKTU":"2026-09-04T04:04:14.266Z","CARA_COCOK":"koordinat","JARAK_COCOK_M":5.8},"geometry":{"type":"Point","coordinates":[104.075295,1.104005]}},{"type":"Feature","id":"ANL-BTK-RIS-SIM-005-POV-03","properties":{"fid":655,"ID_POV":"ANL-BTK-RIS-SIM-005-POV-03","ID_TITIK":"ANL-BTK-RIS-SIM-005","UID":"UID-1221","ID_WEBGIS":"PWK-BTK-RIS-SIM-030","POV_KE":3,"LAT":1.104118,"LON":104.075357,"JARAK_M":51.9,"STATUS_POV":"asli","JML_POV":5,"POV_MEAN":51.8,"POV_MEDIAN":51.9,"POV_MIN":49.7,"POV_MAKS":53.6,"TIPE":"Tidak Bersinyal","JENIS":"Persimpangan","NAMA_JALAN":"Jl. Raja Isa","KELURAHAN":"BALOI PERMAI","KECAMATAN":"BATAM KOTA","PRIORITAS":"PRIORITAS 2","SURVEYOR":"Resa","WAKTU":"2026-09-04T04:04:14.266Z","CARA_COCOK":"koordinat","JARAK_COCOK_M":5.8},"geometry":{"type":"Point","coordinates":[104.075357,1.104118]}},{"type":"Feature","id":"ANL-BTK-RIS-SIM-005-POV-04","properties":{"fid":656,"ID_POV":"ANL-BTK-RIS-SIM-005-POV-04","ID_TITIK":"ANL-BTK-RIS-SIM-005","UID":"UID-1221","ID_WEBGIS":"PWK-BTK-RIS-SIM-030","POV_KE":4,"LAT":1.104118,"LON":104.075357,"JARAK_M":51.9,"STATUS_POV":"asli","JML_POV":5,"POV_MEAN":51.8,"POV_MEDIAN":51.9,"POV_MIN":49.7,"POV_MAKS":53.6,"TIPE":"Tidak Bersinyal","JENIS":"Persimpangan","NAMA_JALAN":"Jl. Raja Isa","KELURAHAN":"BALOI PERMAI","KECAMATAN":"BATAM KOTA","PRIORITAS":"PRIORITAS 2","SURVEYOR":"Resa","WAKTU":"2026-09-04T04:04:14.266Z","CARA_COCOK":"koordinat","JARAK_COCOK_M":5.8},"geometry":{"type":"Point","coordinates":[104.075357,1.104118]}},{"type":"Feature","id":"ANL-BTK-RIS-SIM-005-POV-05","properties":{"fid":657,"ID_POV":"ANL-BTK-RIS-SIM-005-POV-05","ID_TITIK":"ANL-BTK-RIS-SIM-005","UID":"UID-1221","ID_WEBGIS":"PWK-BTK-RIS-SIM-030","POV_KE":5,"LAT":1.104118,"LON":104.075357,"JARAK_M":51.9,"STATUS_POV":"asli","JML_POV":5,"POV_MEAN":51.8,"POV_MEDIAN":51.9,"POV_MIN":49.7,"POV_MAKS":53.6,"TIPE":"Tidak Bersinyal","JENIS":"Persimpangan","NAMA_JALAN":"Jl. Raja Isa","KELURAHAN":"BALOI PERMAI","KECAMATAN":"BATAM KOTA","PRIORITAS":"PRIORITAS 2","SURVEYOR":"Resa","WAKTU":"2026-09-04T04:04:14.266Z","CARA_COCOK":"koordinat","JARAK_COCOK_M":5.8},"geometry":{"type":"Point","coordinates":[104.075357,1.104118]}},{"type":"Feature","id":"PWK-BTK-RIS-SIM-004-POV-01","properties":{"fid":658,"ID_POV":"PWK-BTK-RIS-SIM-004-POV-01","ID_TITIK":"PWK-BTK-RIS-SIM-004","UID":"UID-2383","ID_WEBGIS":"PWK-BTK-RIS-SIM-031","POV_KE":1,"LAT":1.103964,"LON":104.075297,"JARAK_M":62.8,"STATUS_POV":"ubah","JML_POV":3,"POV_MEAN":34.6,"POV_MEDIAN":27.5,"POV_MIN":13.6,"POV_MAKS":62.8,"TIPE":"Tidak Bersinyal","JENIS":"Persimpangan","NAMA_JALAN":"Jl. Raja Isa","KELURAHAN":"BELIAN","KECAMATAN":"BATAM KOTA","PRIORITAS":"PRIORITAS 2","SURVEYOR":"Resa","WAKTU":"2026-09-04T04:04:14.266Z","CARA_COCOK":"ID","JARAK_COCOK_M":0.0},"geometry":{"type":"Point","coordinates":[104.075297,1.103964]}},{"type":"Feature","id":"PWK-BTK-RIS-SIM-004-POV-02","properties":{"fid":659,"ID_POV":"PWK-BTK-RIS-SIM-004-POV-02","ID_TITIK":"PWK-BTK-RIS-SIM-004","UID":"UID-2383","ID_WEBGIS":"PWK-BTK-RIS-SIM-031","POV_KE":2,"LAT":1.104452,"LON":104.075098,"JARAK_M":13.6,"STATUS_POV":"ubah","JML_POV":3,"POV_MEAN":34.6,"POV_MEDIAN":27.5,"POV_MIN":13.6,"POV_MAKS":62.8,"TIPE":"Tidak Bersinyal","JENIS":"Persimpangan","NAMA_JALAN":"Jl. Raja Isa","KELURAHAN":"BELIAN","KECAMATAN":"BATAM KOTA","PRIORITAS":"PRIORITAS 2","SURVEYOR":"Resa","WAKTU":"2026-09-04T04:04:14.266Z","CARA_COCOK":"ID","JARAK_COCOK_M":0.0},"geometry":{"type":"Point","coordinates":[104.075098,1.104452]}},{"type":"Feature","id":"PWK-BTK-RIS-SIM-004-POV-03","properties":{"fid":660,"ID_POV":"PWK-BTK-RIS-SIM-004-POV-03","ID_TITIK":"PWK-BTK-RIS-SIM-004","UID":"UID-2383","ID_WEBGIS":"PWK-BTK-RIS-SIM-031","POV_KE":3,"LAT":1.104337,"LON":104.075367,"JARAK_M":27.5,"STATUS_POV":"ubah","JML_POV":3,"POV_MEAN":34.6,"POV_MEDIAN":27.5,"POV_MIN":13.6,"POV_MAKS":62.8,"TIPE":"Tidak Bersinyal","JENIS":"Persimpangan","NAMA_JALAN":"Jl. Raja Isa","KELURAHAN":"BELIAN","KECAMATAN":"BATAM KOTA","PRIORITAS":"PRIORITAS 2","SURVEYOR":"Resa","WAKTU":"2026-09-04T04:04:14.266Z","CARA_COCOK":"ID","JARAK_COCOK_M":0.0},"geometry":{"type":"Point","coordinates":[104.075367,1.104337]}},{"type":"Feature","id":"PWK-BTK-RIS-SIM-005-POV-01","properties":{"fid":661,"ID_POV":"PWK-BTK-RIS-SIM-005-POV-01","ID_TITIK":"PWK-BTK-RIS-SIM-005","UID":"UID-2384","ID_WEBGIS":"PWK-BTK-RIS-SIM-032","POV_KE":1,"LAT":1.104473,"LON":104.075082,"JARAK_M":54.9,"STATUS_POV":"ubah","JML_POV":3,"POV_MEAN":36.8,"POV_MEDIAN":35.5,"POV_MIN":20.0,"POV_MAKS":54.9,"TIPE":"Tidak Bersinyal","JENIS":"Persimpangan","NAMA_JALAN":"Jl. Raja Isa","KELURAHAN":"BELIAN","KECAMATAN":"BATAM KOTA","PRIORITAS":"PRIORITAS 2","SURVEYOR":"Resa","WAKTU":"2026-09-04T04:04:14.266Z","CARA_COCOK":"ID","JARAK_COCOK_M":0.0},"geometry":{"type":"Point","coordinates":[104.075082,1.104473]}},{"type":"Feature","id":"PWK-BTK-RIS-SIM-005-POV-02","properties":{"fid":662,"ID_POV":"PWK-BTK-RIS-SIM-005-POV-02","ID_TITIK":"PWK-BTK-RIS-SIM-005","UID":"UID-2384","ID_WEBGIS":"PWK-BTK-RIS-SIM-032","POV_KE":2,"LAT":1.104377,"LON":104.075434,"JARAK_M":20.0,"STATUS_POV":"ubah","JML_POV":3,"POV_MEAN":36.8,"POV_MEDIAN":35.5,"POV_MIN":20.0,"POV_MAKS":54.9,"TIPE":"Tidak Bersinyal","JENIS":"Persimpangan","NAMA_JALAN":"Jl. Raja Isa","KELURAHAN":"BELIAN","KECAMATAN":"BATAM KOTA","PRIORITAS":"PRIORITAS 2","SURVEYOR":"Resa","WAKTU":"2026-09-04T04:04:14.266Z","CARA_COCOK":"ID","JARAK_COCOK_M":0.0},"geometry":{"type":"Point","coordinates":[104.075434,1.104377]}},{"type":"Feature","id":"PWK-BTK-RIS-SIM-005-POV-03","properties":{"fid":663,"ID_POV":"PWK-BTK-RIS-SIM-005-POV-03","ID_TITIK":"PWK-BTK-RIS-SIM-005","UID":"UID-2384","ID_WEBGIS":"PWK-BTK-RIS-SIM-032","POV_KE":3,"LAT":1.103961,"LON":104.0753,"JARAK_M":35.5,"STATUS_POV":"ubah","JML_POV":3,"POV_MEAN":36.8,"POV_MEDIAN":35.5,"POV_MIN":20.0,"POV_MAKS":54.9,"TIPE":"Tidak Bersinyal","JENIS":"Persimpangan","NAMA_JALAN":"Jl. Raja Isa","KELURAHAN":"BELIAN","KECAMATAN":"BATAM KOTA","PRIORITAS":"PRIORITAS 2","SURVEYOR":"Resa","WAKTU":"2026-09-04T04:04:14.266Z","CARA_COCOK":"ID","JARAK_COCOK_M":0.0},"geometry":{"type":"Point","coordinates":[104.0753,1.103961]}},{"type":"Feature","id":"PWK-BTK-RTA-SIM-001-POV-01","properties":{"fid":664,"ID_POV":"PWK-BTK-RTA-SIM-001-POV-01","ID_TITIK":"PWK-BTK-RTA-SIM-001","UID":"UID-2385","ID_WEBGIS":"PWK-BTK-RTA-SIM-006","POV_KE":1,"LAT":1.13006,"LON":104.047374,"JARAK_M":36.7,"STATUS_POV":"asli","JML_POV":3,"POV_MEAN":33.2,"POV_MEDIAN":36.7,"POV_MIN":18.8,"POV_MAKS":44.1,"TIPE":"Tidak Bersinyal","JENIS":"Persimpangan","NAMA_JALAN":"Jl. Raja M.Tahir","KELURAHAN":"TELUK TERING","KECAMATAN":"BATAM KOTA","PRIORITAS":"PRIORITAS 3","SURVEYOR":"Resa","WAKTU":"2026-09-04T04:04:14.266Z","CARA_COCOK":"ID","JARAK_COCOK_M":0.0},"geometry":{"type":"Point","coordinates":[104.047374,1.13006]}},{"type":"Feature","id":"PWK-BTK-RTA-SIM-001-POV-02","properties":{"fid":665,"ID_POV":"PWK-BTK-RTA-SIM-001-POV-02","ID_TITIK":"PWK-BTK-RTA-SIM-001","UID":"UID-2385","ID_WEBGIS":"PWK-BTK-RTA-SIM-006","POV_KE":2,"LAT":1.129826,"LON":104.047037,"JARAK_M":18.8,"STATUS_POV":"ubah","JML_POV":3,"POV_MEAN":33.2,"POV_MEDIAN":36.7,"POV_MIN":18.8,"POV_MAKS":44.1,"TIPE":"Tidak Bersinyal","JENIS":"Persimpangan","NAMA_JALAN":"Jl. Raja M.Tahir","KELURAHAN":"TELUK TERING","KECAMATAN":"BATAM KOTA","PRIORITAS":"PRIORITAS 3","SURVEYOR":"Resa","WAKTU":"2026-09-04T04:04:14.266Z","CARA_COCOK":"ID","JARAK_COCOK_M":0.0},"geometry":{"type":"Point","coordinates":[104.047037,1.129826]}},{"type":"Feature","id":"PWK-BTK-RTA-SIM-001-POV-03","properties":{"fid":666,"ID_POV":"PWK-BTK-RTA-SIM-001-POV-03","ID_TITIK":"PWK-BTK-RTA-SIM-001","UID":"UID-2385","ID_WEBGIS":"PWK-BTK-RTA-SIM-006","POV_KE":3,"LAT":1.130145,"LON":104.047045,"JARAK_M":44.1,"STATUS_POV":"ubah","JML_POV":3,"POV_MEAN":33.2,"POV_MEDIAN":36.7,"POV_MIN":18.8,"POV_MAKS":44.1,"TIPE":"Tidak Bersinyal","JENIS":"Persimpangan","NAMA_JALAN":"Jl. Raja M.Tahir","KELURAHAN":"TELUK TERING","KECAMATAN":"BATAM KOTA","PRIORITAS":"PRIORITAS 3","SURVEYOR":"Resa","WAKTU":"2026-09-04T04:04:14.266Z","CARA_COCOK":"ID","JARAK_COCOK_M":0.0},"geometry":{"type":"Point","coordinates":[104.047045,1.130145]}},{"type":"Feature","id":"PWK-BTK-RTA-SIM-002-POV-01","properties":{"fid":667,"ID_POV":"PWK-BTK-RTA-SIM-002-POV-01","ID_TITIK":"PWK-BTK-RTA-SIM-002","UID":"UID-2386","ID_WEBGIS":"PWK-BTK-RTA-SIM-012","POV_KE":1,"LAT":1.120994,"LON":104.050389,"JARAK_M":59.5,"STATUS_POV":"asli","JML_POV":3,"POV_MEAN":55.2,"POV_MEDIAN":59.5,"POV_MIN":36.9,"POV_MAKS":69.2,"TIPE":"Tidak Bersinyal","JENIS":"Persimpangan","NAMA_JALAN":"Jl. Jend. Ahmad Yani","KELURAHAN":"TELUK TERING","KECAMATAN":"BATAM KOTA","PRIORITAS":"PRIORITAS 2","SURVEYOR":"Resa","WAKTU":"2026-09-04T04:04:14.266Z","CARA_COCOK":"ID","JARAK_COCOK_M":0.0},"geometry":{"type":"Point","coordinates":[104.050389,1.120994]}},{"type":"Feature","id":"PWK-BTK-RTA-SIM-002-POV-02","properties":{"fid":668,"ID_POV":"PWK-BTK-RTA-SIM-002-POV-02","ID_TITIK":"PWK-BTK-RTA-SIM-002","UID":"UID-2386","ID_WEBGIS":"PWK-BTK-RTA-SIM-012","POV_KE":2,"LAT":1.120836,"LON":104.050886,"JARAK_M":69.2,"STATUS_POV":"asli","JML_POV":3,"POV_MEAN":55.2,"POV_MEDIAN":59.5,"POV_MIN":36.9,"POV_MAKS":69.2,"TIPE":"Tidak Bersinyal","JENIS":"Persimpangan","NAMA_JALAN":"Jl. Jend. Ahmad Yani","KELURAHAN":"TELUK TERING","KECAMATAN":"BATAM KOTA","PRIORITAS":"PRIORITAS 2","SURVEYOR":"Resa","WAKTU":"2026-09-04T04:04:14.266Z","CARA_COCOK":"ID","JARAK_COCOK_M":0.0},"geometry":{"type":"Point","coordinates":[104.050886,1.120836]}},{"type":"Feature","id":"PWK-BTK-RTA-SIM-002-POV-03","properties":{"fid":669,"ID_POV":"PWK-BTK-RTA-SIM-002-POV-03","ID_TITIK":"PWK-BTK-RTA-SIM-002","UID":"UID-2386","ID_WEBGIS":"PWK-BTK-RTA-SIM-012","POV_KE":3,"LAT":1.121229,"LON":104.050964,"JARAK_M":36.9,"STATUS_POV":"ubah","JML_POV":3,"POV_MEAN":55.2,"POV_MEDIAN":59.5,"POV_MIN":36.9,"POV_MAKS":69.2,"TIPE":"Tidak Bersinyal","JENIS":"Persimpangan","NAMA_JALAN":"Jl. Jend. Ahmad Yani","KELURAHAN":"TELUK TERING","KECAMATAN":"BATAM KOTA","PRIORITAS":"PRIORITAS 2","SURVEYOR":"Resa","WAKTU":"2026-09-04T04:04:14.266Z","CARA_COCOK":"ID","JARAK_COCOK_M":0.0},"geometry":{"type":"Point","coordinates":[104.050964,1.121229]}},{"type":"Feature","id":"PWK-BTK-SPA-SIM-001-POV-01","properties":{"fid":670,"ID_POV":"PWK-BTK-SPA-SIM-001-POV-01","ID_TITIK":"PWK-BTK-SPA-SIM-001","UID":"UID-2387","ID_WEBGIS":"PWK-BTK-SPA-SIM-049","POV_KE":1,"LAT":1.135731,"LON":104.027173,"JARAK_M":44.4,"STATUS_POV":"ubah","JML_POV":3,"POV_MEAN":49.1,"POV_MEDIAN":44.4,"POV_MIN":29.6,"POV_MAKS":73.4,"TIPE":"Tidak Bersinyal","JENIS":"Persimpangan","NAMA_JALAN":"Jl. Laksamana Bintan","KELURAHAN":"SEI PANAS","KECAMATAN":"BATAM KOTA","PRIORITAS":"PRIORITAS 2","SURVEYOR":"Resa","WAKTU":"2026-09-04T04:04:14.266Z","CARA_COCOK":"ID","JARAK_COCOK_M":0.0},"geometry":{"type":"Point","coordinates":[104.027173,1.135731]}},{"type":"Feature","id":"PWK-BTK-SPA-SIM-001-POV-02","properties":{"fid":671,"ID_POV":"PWK-BTK-SPA-SIM-001-POV-02","ID_TITIK":"PWK-BTK-SPA-SIM-001","UID":"UID-2387","ID_WEBGIS":"PWK-BTK-SPA-SIM-049","POV_KE":2,"LAT":1.136493,"LON":104.026762,"JARAK_M":73.4,"STATUS_POV":"ubah","JML_POV":3,"POV_MEAN":49.1,"POV_MEDIAN":44.4,"POV_MIN":29.6,"POV_MAKS":73.4,"TIPE":"Tidak Bersinyal","JENIS":"Persimpangan","NAMA_JALAN":"Jl. Laksamana Bintan","KELURAHAN":"SEI PANAS","KECAMATAN":"BATAM KOTA","PRIORITAS":"PRIORITAS 2","SURVEYOR":"Resa","WAKTU":"2026-09-04T04:04:14.266Z","CARA_COCOK":"ID","JARAK_COCOK_M":0.0},"geometry":{"type":"Point","coordinates":[104.026762,1.136493]}},{"type":"Feature","id":"PWK-BTK-SPA-SIM-001-POV-03","properties":{"fid":672,"ID_POV":"PWK-BTK-SPA-SIM-001-POV-03","ID_TITIK":"PWK-BTK-SPA-SIM-001","UID":"UID-2387","ID_WEBGIS":"PWK-BTK-SPA-SIM-049","POV_KE":3,"LAT":1.136163,"LON":104.027039,"JARAK_M":29.6,"STATUS_POV":"ubah","JML_POV":3,"POV_MEAN":49.1,"POV_MEDIAN":44.4,"POV_MIN":29.6,"POV_MAKS":73.4,"TIPE":"Tidak Bersinyal","JENIS":"Persimpangan","NAMA_JALAN":"Jl. Laksamana Bintan","KELURAHAN":"SEI PANAS","KECAMATAN":"BATAM KOTA","PRIORITAS":"PRIORITAS 2","SURVEYOR":"Resa","WAKTU":"2026-09-04T04:04:14.266Z","CARA_COCOK":"ID","JARAK_COCOK_M":0.0},"geometry":{"type":"Point","coordinates":[104.027039,1.136163]}},{"type":"Feature","id":"PWK-BTK-YSU-SIM-001-POV-01","properties":{"fid":673,"ID_POV":"PWK-BTK-YSU-SIM-001-POV-01","ID_TITIK":"PWK-BTK-YSU-SIM-001","UID":"UID-2388","ID_WEBGIS":"PWK-BTK-YSU-SIM-050","POV_KE":1,"LAT":1.140448,"LON":104.023367,"JARAK_M":54.4,"STATUS_POV":"ubah","JML_POV":3,"POV_MEAN":45.5,"POV_MEDIAN":54.4,"POV_MIN":27.2,"POV_MAKS":54.9,"TIPE":"Tidak Bersinyal","JENIS":"Persimpangan","NAMA_JALAN":"Jl. Yos Sudarso","KELURAHAN":"SEI PANAS","KECAMATAN":"BATAM KOTA","PRIORITAS":"PRIORITAS 2","SURVEYOR":"Resa","WAKTU":"2026-09-04T04:04:14.266Z","CARA_COCOK":"ID","JARAK_COCOK_M":0.0},"geometry":{"type":"Point","coordinates":[104.023367,1.140448]}},{"type":"Feature","id":"PWK-BTK-YSU-SIM-001-POV-02","properties":{"fid":674,"ID_POV":"PWK-BTK-YSU-SIM-001-POV-02","ID_TITIK":"PWK-BTK-YSU-SIM-001","UID":"UID-2388","ID_WEBGIS":"PWK-BTK-YSU-SIM-050","POV_KE":2,"LAT":1.139536,"LON":104.023147,"JARAK_M":54.9,"STATUS_POV":"ubah","JML_POV":3,"POV_MEAN":45.5,"POV_MEDIAN":54.4,"POV_MIN":27.2,"POV_MAKS":54.9,"TIPE":"Tidak Bersinyal","JENIS":"Persimpangan","NAMA_JALAN":"Jl. Yos Sudarso","KELURAHAN":"SEI PANAS","KECAMATAN":"BATAM KOTA","PRIORITAS":"PRIORITAS 2","SURVEYOR":"Resa","WAKTU":"2026-09-04T04:04:14.266Z","CARA_COCOK":"ID","JARAK_COCOK_M":0.0},"geometry":{"type":"Point","coordinates":[104.023147,1.139536]}},{"type":"Feature","id":"PWK-BTK-YSU-SIM-001-POV-03","properties":{"fid":675,"ID_POV":"PWK-BTK-YSU-SIM-001-POV-03","ID_TITIK":"PWK-BTK-YSU-SIM-001","UID":"UID-2388","ID_WEBGIS":"PWK-BTK-YSU-SIM-050","POV_KE":3,"LAT":1.139912,"LON":104.02316,"JARAK_M":27.2,"STATUS_POV":"ubah","JML_POV":3,"POV_MEAN":45.5,"POV_MEDIAN":54.4,"POV_MIN":27.2,"POV_MAKS":54.9,"TIPE":"Tidak Bersinyal","JENIS":"Persimpangan","NAMA_JALAN":"Jl. Yos Sudarso","KELURAHAN":"SEI PANAS","KECAMATAN":"BATAM KOTA","PRIORITAS":"PRIORITAS 2","SURVEYOR":"Resa","WAKTU":"2026-09-04T04:04:14.266Z","CARA_COCOK":"ID","JARAK_COCOK_M":0.0},"geometry":{"type":"Point","coordinates":[104.02316,1.139912]}},{"type":"Feature","id":"PWK-BTK-YSU-SIM-002-POV-01","properties":{"fid":676,"ID_POV":"PWK-BTK-YSU-SIM-002-POV-01","ID_TITIK":"PWK-BTK-YSU-SIM-002","UID":"UID-2389","ID_WEBGIS":"PWK-BTK-YSU-SIM-052","POV_KE":1,"LAT":1.13137,"LON":104.01781,"JARAK_M":76.1,"STATUS_POV":"asli","JML_POV":3,"POV_MEAN":62.1,"POV_MEDIAN":57.8,"POV_MIN":52.3,"POV_MAKS":76.1,"TIPE":"Bersinyal (ATCS + OSM)","JENIS":"Persimpangan","NAMA_JALAN":"Jl. Yos Sudarso","KELURAHAN":"SEI PANAS","KECAMATAN":"BATAM KOTA","PRIORITAS":"PRIORITAS 1","SURVEYOR":"Resa","WAKTU":"2026-09-04T04:04:14.266Z","CARA_COCOK":"ID","JARAK_COCOK_M":0.0},"geometry":{"type":"Point","coordinates":[104.01781,1.13137]}},{"type":"Feature","id":"PWK-BTK-YSU-SIM-002-POV-02","properties":{"fid":677,"ID_POV":"PWK-BTK-YSU-SIM-002-POV-02","ID_TITIK":"PWK-BTK-YSU-SIM-002","UID":"UID-2389","ID_WEBGIS":"PWK-BTK-YSU-SIM-052","POV_KE":2,"LAT":1.131086,"LON":104.017729,"JARAK_M":57.8,"STATUS_POV":"ubah","JML_POV":3,"POV_MEAN":62.1,"POV_MEDIAN":57.8,"POV_MIN":52.3,"POV_MAKS":76.1,"TIPE":"Bersinyal (ATCS + OSM)","JENIS":"Persimpangan","NAMA_JALAN":"Jl. Yos Sudarso","KELURAHAN":"SEI PANAS","KECAMATAN":"BATAM KOTA","PRIORITAS":"PRIORITAS 1","SURVEYOR":"Resa","WAKTU":"2026-09-04T04:04:14.266Z","CARA_COCOK":"ID","JARAK_COCOK_M":0.0},"geometry":{"type":"Point","coordinates":[104.017729,1.131086]}},{"type":"Feature","id":"PWK-BTK-YSU-SIM-002-POV-03","properties":{"fid":678,"ID_POV":"PWK-BTK-YSU-SIM-002-POV-03","ID_TITIK":"PWK-BTK-YSU-SIM-002","UID":"UID-2389","ID_WEBGIS":"PWK-BTK-YSU-SIM-052","POV_KE":3,"LAT":1.131237,"LON":104.018217,"JARAK_M":52.3,"STATUS_POV":"ubah","JML_POV":3,"POV_MEAN":62.1,"POV_MEDIAN":57.8,"POV_MIN":52.3,"POV_MAKS":76.1,"TIPE":"Bersinyal (ATCS + OSM)","JENIS":"Persimpangan","NAMA_JALAN":"Jl. Yos Sudarso","KELURAHAN":"SEI PANAS","KECAMATAN":"BATAM KOTA","PRIORITAS":"PRIORITAS 1","SURVEYOR":"Resa","WAKTU":"2026-09-04T04:04:14.266Z","CARA_COCOK":"ID","JARAK_COCOK_M":0.0},"geometry":{"type":"Point","coordinates":[104.018217,1.131237]}},{"type":"Feature","id":"PWK-LBJ-BUN-SIM-004-POV-01","properties":{"fid":686,"ID_POV":"PWK-LBJ-BUN-SIM-004-POV-01","ID_TITIK":"PWK-LBJ-BUN-SIM-004","UID":"UID-2393","ID_WEBGIS":"PWK-LBJ-BUN-SIM-017","POV_KE":1,"LAT":1.131049,"LON":104.017742,"JARAK_M":41.0,"STATUS_POV":"ubah","JML_POV":3,"POV_MEAN":60.5,"POV_MEDIAN":51.4,"POV_MIN":41.0,"POV_MAKS":89.1,"TIPE":"Bersinyal (OSM)","JENIS":"Persimpangan","NAMA_JALAN":"Jl. Yos Sudarso","KELURAHAN":"BALOI INDAH","KECAMATAN":"LUBUK BAJA","PRIORITAS":"PRIORITAS 1","SURVEYOR":"Resa","WAKTU":"2026-09-04T04:04:14.266Z","CARA_COCOK":"ID","JARAK_COCOK_M":0.0},"geometry":{"type":"Point","coordinates":[104.017742,1.131049]}},{"type":"Feature","id":"PWK-LBJ-BUN-SIM-004-POV-02","properties":{"fid":687,"ID_POV":"PWK-LBJ-BUN-SIM-004-POV-02","ID_TITIK":"PWK-LBJ-BUN-SIM-004","UID":"UID-2393","ID_WEBGIS":"PWK-LBJ-BUN-SIM-017","POV_KE":2,"LAT":1.131194,"LON":104.018201,"JARAK_M":89.1,"STATUS_POV":"ubah","JML_POV":3,"POV_MEAN":60.5,"POV_MEDIAN":51.4,"POV_MIN":41.0,"POV_MAKS":89.1,"TIPE":"Bersinyal (OSM)","JENIS":"Persimpangan","NAMA_JALAN":"Jl. Yos Sudarso","KELURAHAN":"BALOI INDAH","KECAMATAN":"LUBUK BAJA","PRIORITAS":"PRIORITAS 1","SURVEYOR":"Resa","WAKTU":"2026-09-04T04:04:14.266Z","CARA_COCOK":"ID","JARAK_COCOK_M":0.0},"geometry":{"type":"Point","coordinates":[104.018201,1.131194]}},{"type":"Feature","id":"PWK-LBJ-BUN-SIM-004-POV-03","properties":{"fid":688,"ID_POV":"PWK-LBJ-BUN-SIM-004-POV-03","ID_TITIK":"PWK-LBJ-BUN-SIM-004","UID":"UID-2393","ID_WEBGIS":"PWK-LBJ-BUN-SIM-017","POV_KE":3,"LAT":1.131379,"LON":104.01782,"JARAK_M":51.4,"STATUS_POV":"ubah","JML_POV":3,"POV_MEAN":60.5,"POV_MEDIAN":51.4,"POV_MIN":41.0,"POV_MAKS":89.1,"TIPE":"Bersinyal (OSM)","JENIS":"Persimpangan","NAMA_JALAN":"Jl. Yos Sudarso","KELURAHAN":"BALOI INDAH","KECAMATAN":"LUBUK BAJA","PRIORITAS":"PRIORITAS 1","SURVEYOR":"Resa","WAKTU":"2026-09-04T04:04:14.266Z","CARA_COCOK":"ID","JARAK_COCOK_M":0.0},"geometry":{"type":"Point","coordinates":[104.01782,1.131379]}},{"type":"Feature","id":"PWK-LBJ-DUY-SIM-001-POV-01","properties":{"fid":689,"ID_POV":"PWK-LBJ-DUY-SIM-001-POV-01","ID_TITIK":"PWK-LBJ-DUY-SIM-001","UID":"UID-2396","ID_WEBGIS":"PWK-LBJ-DUY-SIM-002","POV_KE":1,"LAT":1.132374,"LON":104.006345,"JARAK_M":18.3,"STATUS_POV":"ubah","JML_POV":4,"POV_MEAN":41.1,"POV_MEDIAN":40.2,"POV_MIN":18.3,"POV_MAKS":65.8,"TIPE":"Bersinyal (ATCS + OSM)","JENIS":"Persimpangan","NAMA_JALAN":"Jl. Pembangunan","KELURAHAN":"BATU SELICIN","KECAMATAN":"LUBUK BAJA","PRIORITAS":"PRIORITAS 1","SURVEYOR":"Resa","WAKTU":"2026-09-04T04:04:14.266Z","CARA_COCOK":"ID","JARAK_COCOK_M":0.0},"geometry":{"type":"Point","coordinates":[104.006345,1.132374]}},{"type":"Feature","id":"PWK-LBJ-DUY-SIM-001-POV-02","properties":{"fid":690,"ID_POV":"PWK-LBJ-DUY-SIM-001-POV-02","ID_TITIK":"PWK-LBJ-DUY-SIM-001","UID":"UID-2396","ID_WEBGIS":"PWK-LBJ-DUY-SIM-002","POV_KE":2,"LAT":1.131988,"LON":104.006356,"JARAK_M":51.7,"STATUS_POV":"ubah","JML_POV":4,"POV_MEAN":41.1,"POV_MEDIAN":40.2,"POV_MIN":18.3,"POV_MAKS":65.8,"TIPE":"Bersinyal (ATCS + OSM)","JENIS":"Persimpangan","NAMA_JALAN":"Jl. Pembangunan","KELURAHAN":"BATU SELICIN","KECAMATAN":"LUBUK BAJA","PRIORITAS":"PRIORITAS 1","SURVEYOR":"Resa","WAKTU":"2026-09-04T04:04:14.266Z","CARA_COCOK":"ID","JARAK_COCOK_M":0.0},"geometry":{"type":"Point","coordinates":[104.006356,1.131988]}},{"type":"Feature","id":"PWK-LBJ-DUY-SIM-001-POV-03","properties":{"fid":691,"ID_POV":"PWK-LBJ-DUY-SIM-001-POV-03","ID_TITIK":"PWK-LBJ-DUY-SIM-001","UID":"UID-2396","ID_WEBGIS":"PWK-LBJ-DUY-SIM-002","POV_KE":3,"LAT":1.131886,"LON":104.006732,"JARAK_M":65.8,"STATUS_POV":"ubah","JML_POV":4,"POV_MEAN":41.1,"POV_MEDIAN":40.2,"POV_MIN":18.3,"POV_MAKS":65.8,"TIPE":"Bersinyal (ATCS + OSM)","JENIS":"Persimpangan","NAMA_JALAN":"Jl. Pembangunan","KELURAHAN":"BATU SELICIN","KECAMATAN":"LUBUK BAJA","PRIORITAS":"PRIORITAS 1","SURVEYOR":"Resa","WAKTU":"2026-09-04T04:04:14.266Z","CARA_COCOK":"ID","JARAK_COCOK_M":0.0},"geometry":{"type":"Point","coordinates":[104.006732,1.131886]}},{"type":"Feature","id":"PWK-LBJ-DUY-SIM-001-POV-04","properties":{"fid":692,"ID_POV":"PWK-LBJ-DUY-SIM-001-POV-04","ID_TITIK":"PWK-LBJ-DUY-SIM-001","UID":"UID-2396","ID_WEBGIS":"PWK-LBJ-DUY-SIM-002","POV_KE":4,"LAT":1.132344,"LON":104.006742,"JARAK_M":28.6,"STATUS_POV":"ubah","JML_POV":4,"POV_MEAN":41.1,"POV_MEDIAN":40.2,"POV_MIN":18.3,"POV_MAKS":65.8,"TIPE":"Bersinyal (ATCS + OSM)","JENIS":"Persimpangan","NAMA_JALAN":"Jl. Pembangunan","KELURAHAN":"BATU SELICIN","KECAMATAN":"LUBUK BAJA","PRIORITAS":"PRIORITAS 1","SURVEYOR":"Resa","WAKTU":"2026-09-04T04:04:14.266Z","CARA_COCOK":"ID","JARAK_COCOK_M":0.0},"geometry":{"type":"Point","coordinates":[104.006742,1.132344]}},{"type":"Feature","id":"PWK-LBJ-IBO-SIM-001-POV-01","properties":{"fid":693,"ID_POV":"PWK-LBJ-IBO-SIM-001-POV-01","ID_TITIK":"PWK-LBJ-IBO-SIM-001","UID":"UID-2397","ID_WEBGIS":"PWK-LBJ-IBO-SIM-004","POV_KE":1,"LAT":1.14362,"LON":104.01278,"JARAK_M":35.9,"STATUS_POV":"asli","JML_POV":3,"POV_MEAN":38.8,"POV_MEDIAN":35.9,"POV_MIN":29.2,"POV_MAKS":51.3,"TIPE":"Bersinyal (OSM)","JENIS":"Persimpangan","NAMA_JALAN":"Jl. Imam Bonjol","KELURAHAN":"LUBUK BAJA KOTA","KECAMATAN":"LUBUK BAJA","PRIORITAS":"PRIORITAS 1","SURVEYOR":"BUDI","WAKTU":"2026-09-02T03:20:31.593Z","CARA_COCOK":"ID","JARAK_COCOK_M":0.0},"geometry":{"type":"Point","coordinates":[104.01278,1.14362]}},{"type":"Feature","id":"PWK-LBJ-IBO-SIM-001-POV-02","properties":{"fid":694,"ID_POV":"PWK-LBJ-IBO-SIM-001-POV-02","ID_TITIK":"PWK-LBJ-IBO-SIM-001","UID":"UID-2397","ID_WEBGIS":"PWK-LBJ-IBO-SIM-004","POV_KE":2,"LAT":1.143216,"LON":104.012817,"JARAK_M":51.3,"STATUS_POV":"ubah","JML_POV":3,"POV_MEAN":38.8,"POV_MEDIAN":35.9,"POV_MIN":29.2,"POV_MAKS":51.3,"TIPE":"Bersinyal (OSM)","JENIS":"Persimpangan","NAMA_JALAN":"Jl. Imam Bonjol","KELURAHAN":"LUBUK BAJA KOTA","KECAMATAN":"LUBUK BAJA","PRIORITAS":"PRIORITAS 1","SURVEYOR":"BUDI","WAKTU":"2026-09-02T03:20:31.593Z","CARA_COCOK":"ID","JARAK_COCOK_M":0.0},"geometry":{"type":"Point","coordinates":[104.012817,1.143216]}},{"type":"Feature","id":"PWK-LBJ-IBO-SIM-001-POV-03","properties":{"fid":695,"ID_POV":"PWK-LBJ-IBO-SIM-001-POV-03","ID_TITIK":"PWK-LBJ-IBO-SIM-001","UID":"UID-2397","ID_WEBGIS":"PWK-LBJ-IBO-SIM-004","POV_KE":3,"LAT":1.14333,"LON":104.01318,"JARAK_M":29.2,"STATUS_POV":"asli","JML_POV":3,"POV_MEAN":38.8,"POV_MEDIAN":35.9,"POV_MIN":29.2,"POV_MAKS":51.3,"TIPE":"Bersinyal (OSM)","JENIS":"Persimpangan","NAMA_JALAN":"Jl. Imam Bonjol","KELURAHAN":"LUBUK BAJA KOTA","KECAMATAN":"LUBUK BAJA","PRIORITAS":"PRIORITAS 1","SURVEYOR":"BUDI","WAKTU":"2026-09-02T03:20:31.593Z","CARA_COCOK":"ID","JARAK_COCOK_M":0.0},"geometry":{"type":"Point","coordinates":[104.01318,1.14333]}},{"type":"Feature","id":"PWK-LBJ-IBO-SIM-002-POV-01","properties":{"fid":696,"ID_POV":"PWK-LBJ-IBO-SIM-002-POV-01","ID_TITIK":"PWK-LBJ-IBO-SIM-002","UID":"UID-2398","ID_WEBGIS":"PWK-LBJ-IBO-SIM-014","POV_KE":1,"LAT":1.147717,"LON":104.009901,"JARAK_M":46.8,"STATUS_POV":"ubah","JML_POV":3,"POV_MEAN":45.9,"POV_MEDIAN":46.8,"POV_MIN":28.3,"POV_MAKS":62.5,"TIPE":"Bersinyal (OSM)","JENIS":"Persimpangan","NAMA_JALAN":"Jl. Imam Bonjol","KELURAHAN":"LUBUK BAJA KOTA","KECAMATAN":"LUBUK BAJA","PRIORITAS":"PRIORITAS 1","SURVEYOR":"BUDI","WAKTU":"2026-09-02T04:47:35.084Z","CARA_COCOK":"ID","JARAK_COCOK_M":0.0},"geometry":{"type":"Point","coordinates":[104.009901,1.147717]}},{"type":"Feature","id":"PWK-LBJ-IBO-SIM-002-POV-02","properties":{"fid":697,"ID_POV":"PWK-LBJ-IBO-SIM-002-POV-02","ID_TITIK":"PWK-LBJ-IBO-SIM-002","UID":"UID-2398","ID_WEBGIS":"PWK-LBJ-IBO-SIM-014","POV_KE":2,"LAT":1.148009,"LON":104.01019,"JARAK_M":62.5,"STATUS_POV":"ubah","JML_POV":3,"POV_MEAN":45.9,"POV_MEDIAN":46.8,"POV_MIN":28.3,"POV_MAKS":62.5,"TIPE":"Bersinyal (OSM)","JENIS":"Persimpangan","NAMA_JALAN":"Jl. Imam Bonjol","KELURAHAN":"LUBUK BAJA KOTA","KECAMATAN":"LUBUK BAJA","PRIORITAS":"PRIORITAS 1","SURVEYOR":"BUDI","WAKTU":"2026-09-02T04:47:35.084Z","CARA_COCOK":"ID","JARAK_COCOK_M":0.0},"geometry":{"type":"Point","coordinates":[104.01019,1.148009]}},{"type":"Feature","id":"PWK-LBJ-IBO-SIM-002-POV-03","properties":{"fid":698,"ID_POV":"PWK-LBJ-IBO-SIM-002-POV-03","ID_TITIK":"PWK-LBJ-IBO-SIM-002","UID":"UID-2398","ID_WEBGIS":"PWK-LBJ-IBO-SIM-014","POV_KE":3,"LAT":1.14821,"LON":104.009817,"JARAK_M":28.3,"STATUS_POV":"ubah","JML_POV":3,"POV_MEAN":45.9,"POV_MEDIAN":46.8,"POV_MIN":28.3,"POV_MAKS":62.5,"TIPE":"Bersinyal (OSM)","JENIS":"Persimpangan","NAMA_JALAN":"Jl. Imam Bonjol","KELURAHAN":"LUBUK BAJA KOTA","KECAMATAN":"LUBUK BAJA","PRIORITAS":"PRIORITAS 1","SURVEYOR":"BUDI","WAKTU":"2026-09-02T04:47:35.084Z","CARA_COCOK":"ID","JARAK_COCOK_M":0.0},"geometry":{"type":"Point","coordinates":[104.009817,1.14821]}},{"type":"Feature","id":"PWK-LBJ-IBO-SIM-003-POV-01","properties":{"fid":699,"ID_POV":"PWK-LBJ-IBO-SIM-003-POV-01","ID_TITIK":"PWK-LBJ-IBO-SIM-003","UID":"UID-2399","ID_WEBGIS":"PWK-LBJ-IBO-SIM-015","POV_KE":1,"LAT":1.147699,"LON":104.009897,"JARAK_M":24.5,"STATUS_POV":"ubah","JML_POV":3,"POV_MEAN":31.5,"POV_MEDIAN":26.2,"POV_MIN":24.5,"POV_MAKS":43.8,"TIPE":"Bersinyal (ATCS + OSM)","JENIS":"Persimpangan","NAMA_JALAN":"Jl. Imam Bonjol","KELURAHAN":"LUBUK BAJA KOTA","KECAMATAN":"LUBUK BAJA","PRIORITAS":"PRIORITAS 1","SURVEYOR":"Faiq","WAKTU":"2026-09-04T01:59:51.059Z","CARA_COCOK":"ID","JARAK_COCOK_M":0.0},"geometry":{"type":"Point","coordinates":[104.009897,1.147699]}},{"type":"Feature","id":"PWK-LBJ-IBO-SIM-003-POV-02","properties":{"fid":700,"ID_POV":"PWK-LBJ-IBO-SIM-003-POV-02","ID_TITIK":"PWK-LBJ-IBO-SIM-003","UID":"UID-2399","ID_WEBGIS":"PWK-LBJ-IBO-SIM-015","POV_KE":2,"LAT":1.148206,"LON":104.009883,"JARAK_M":43.8,"STATUS_POV":"ubah","JML_POV":3,"POV_MEAN":31.5,"POV_MEDIAN":26.2,"POV_MIN":24.5,"POV_MAKS":43.8,"TIPE":"Bersinyal (ATCS + OSM)","JENIS":"Persimpangan","NAMA_JALAN":"Jl. Imam Bonjol","KELURAHAN":"LUBUK BAJA KOTA","KECAMATAN":"LUBUK BAJA","PRIORITAS":"PRIORITAS 1","SURVEYOR":"Faiq","WAKTU":"2026-09-04T01:59:51.059Z","CARA_COCOK":"ID","JARAK_COCOK_M":0.0},"geometry":{"type":"Point","coordinates":[104.009883,1.148206]}},{"type":"Feature","id":"PWK-LBJ-IBO-SIM-003-POV-03","properties":{"fid":701,"ID_POV":"PWK-LBJ-IBO-SIM-003-POV-03","ID_TITIK":"PWK-LBJ-IBO-SIM-003","UID":"UID-2399","ID_WEBGIS":"PWK-LBJ-IBO-SIM-015","POV_KE":3,"LAT":1.148048,"LON":104.010186,"JARAK_M":26.2,"STATUS_POV":"ubah","JML_POV":3,"POV_MEAN":31.5,"POV_MEDIAN":26.2,"POV_MIN":24.5,"POV_MAKS":43.8,"TIPE":"Bersinyal (ATCS + OSM)","JENIS":"Persimpangan","NAMA_JALAN":"Jl. Imam Bonjol","KELURAHAN":"LUBUK BAJA KOTA","KECAMATAN":"LUBUK BAJA","PRIORITAS":"PRIORITAS 1","SURVEYOR":"Faiq","WAKTU":"2026-09-04T01:59:51.059Z","CARA_COCOK":"ID","JARAK_COCOK_M":0.0},"geometry":{"type":"Point","coordinates":[104.010186,1.148048]}},{"type":"Feature","id":"PWK-LBJ-PEM-SIM-001-POV-01","properties":{"fid":702,"ID_POV":"PWK-LBJ-PEM-SIM-001-POV-01","ID_TITIK":"PWK-LBJ-PEM-SIM-001","UID":"UID-2400","ID_WEBGIS":"PWK-LBJ-PEM-SIM-001","POV_KE":1,"LAT":1.121524,"LON":104.004755,"JARAK_M":46.3,"STATUS_POV":"ubah","JML_POV":3,"POV_MEAN":46.9,"POV_MEDIAN":46.3,"POV_MIN":35.5,"POV_MAKS":59.0,"TIPE":"Bersinyal (ATCS + OSM)","JENIS":"Persimpangan","NAMA_JALAN":"Jl. Pembangunan","KELURAHAN":"BALOI INDAH","KECAMATAN":"LUBUK BAJA","PRIORITAS":"PRIORITAS 1","SURVEYOR":"Faiq","WAKTU":"2026-09-04T02:03:54.876Z","CARA_COCOK":"ID","JARAK_COCOK_M":0.0},"geometry":{"type":"Point","coordinates":[104.004755,1.121524]}},{"type":"Feature","id":"PWK-LBJ-PEM-SIM-001-POV-02","properties":{"fid":703,"ID_POV":"PWK-LBJ-PEM-SIM-001-POV-02","ID_TITIK":"PWK-LBJ-PEM-SIM-001","UID":"UID-2400","ID_WEBGIS":"PWK-LBJ-PEM-SIM-001","POV_KE":2,"LAT":1.120727,"LON":104.004433,"JARAK_M":59.0,"STATUS_POV":"ubah","JML_POV":3,"POV_MEAN":46.9,"POV_MEDIAN":46.3,"POV_MIN":35.5,"POV_MAKS":59.0,"TIPE":"Bersinyal (ATCS + OSM)","JENIS":"Persimpangan","NAMA_JALAN":"Jl. Pembangunan","KELURAHAN":"BALOI INDAH","KECAMATAN":"LUBUK BAJA","PRIORITAS":"PRIORITAS 1","SURVEYOR":"Faiq","WAKTU":"2026-09-04T02:03:54.876Z","CARA_COCOK":"ID","JARAK_COCOK_M":0.0},"geometry":{"type":"Point","coordinates":[104.004433,1.120727]}},{"type":"Feature","id":"PWK-LBJ-PEM-SIM-001-POV-03","properties":{"fid":704,"ID_POV":"PWK-LBJ-PEM-SIM-001-POV-03","ID_TITIK":"PWK-LBJ-PEM-SIM-001","UID":"UID-2400","ID_WEBGIS":"PWK-LBJ-PEM-SIM-001","POV_KE":3,"LAT":1.121,"LON":104.0045,"JARAK_M":35.5,"STATUS_POV":"baru","JML_POV":3,"POV_MEAN":46.9,"POV_MEDIAN":46.3,"POV_MIN":35.5,"POV_MAKS":59.0,"TIPE":"Bersinyal (ATCS + OSM)","JENIS":"Persimpangan","NAMA_JALAN":"Jl. Pembangunan","KELURAHAN":"BALOI INDAH","KECAMATAN":"LUBUK BAJA","PRIORITAS":"PRIORITAS 1","SURVEYOR":"Faiq","WAKTU":"2026-09-04T02:03:54.876Z","CARA_COCOK":"ID","JARAK_COCOK_M":0.0},"geometry":{"type":"Point","coordinates":[104.0045,1.121]}},{"type":"Feature","id":"PWK-LBJ-RPA-SIM-001-POV-01","properties":{"fid":705,"ID_POV":"PWK-LBJ-RPA-SIM-001-POV-01","ID_TITIK":"PWK-LBJ-RPA-SIM-001","UID":"UID-2401","ID_WEBGIS":"PWK-LBJ-RPA-SIM-009","POV_KE":1,"LAT":1.139955,"LON":104.015567,"JARAK_M":37.2,"STATUS_POV":"ubah","JML_POV":3,"POV_MEAN":46.6,"POV_MEDIAN":38.3,"POV_MIN":37.2,"POV_MAKS":64.2,"TIPE":"Bersinyal (OSM)","JENIS":"Persimpangan","NAMA_JALAN":"Jl. Raden Patah","KELURAHAN":"KAMPUNG PELITA","KECAMATAN":"LUBUK BAJA","PRIORITAS":"PRIORITAS 1","SURVEYOR":"Faiq","WAKTU":"2026-09-04T02:10:43.142Z","CARA_COCOK":"ID","JARAK_COCOK_M":0.0},"geometry":{"type":"Point","coordinates":[104.015567,1.139955]}},{"type":"Feature","id":"PWK-LBJ-RPA-SIM-001-POV-02","properties":{"fid":706,"ID_POV":"PWK-LBJ-RPA-SIM-001-POV-02","ID_TITIK":"PWK-LBJ-RPA-SIM-001","UID":"UID-2401","ID_WEBGIS":"PWK-LBJ-RPA-SIM-009","POV_KE":2,"LAT":1.140497,"LON":104.015926,"JARAK_M":64.2,"STATUS_POV":"ubah","JML_POV":3,"POV_MEAN":46.6,"POV_MEDIAN":38.3,"POV_MIN":37.2,"POV_MAKS":64.2,"TIPE":"Bersinyal (OSM)","JENIS":"Persimpangan","NAMA_JALAN":"Jl. Raden Patah","KELURAHAN":"KAMPUNG PELITA","KECAMATAN":"LUBUK BAJA","PRIORITAS":"PRIORITAS 1","SURVEYOR":"Faiq","WAKTU":"2026-09-04T02:10:43.142Z","CARA_COCOK":"ID","JARAK_COCOK_M":0.0},"geometry":{"type":"Point","coordinates":[104.015926,1.140497]}},{"type":"Feature","id":"PWK-LBJ-RPA-SIM-001-POV-03","properties":{"fid":707,"ID_POV":"PWK-LBJ-RPA-SIM-001-POV-03","ID_TITIK":"PWK-LBJ-RPA-SIM-001","UID":"UID-2401","ID_WEBGIS":"PWK-LBJ-RPA-SIM-009","POV_KE":3,"LAT":1.139633,"LON":104.015709,"JARAK_M":38.3,"STATUS_POV":"baru","JML_POV":3,"POV_MEAN":46.6,"POV_MEDIAN":38.3,"POV_MIN":37.2,"POV_MAKS":64.2,"TIPE":"Bersinyal (OSM)","JENIS":"Persimpangan","NAMA_JALAN":"Jl. Raden Patah","KELURAHAN":"KAMPUNG PELITA","KECAMATAN":"LUBUK BAJA","PRIORITAS":"PRIORITAS 1","SURVEYOR":"Faiq","WAKTU":"2026-09-04T02:10:43.142Z","CARA_COCOK":"ID","JARAK_COCOK_M":0.0},"geometry":{"type":"Point","coordinates":[104.015709,1.139633]}},{"type":"Feature","id":"PWK-LBJ-RPA-SIM-002-POV-01","properties":{"fid":708,"ID_POV":"PWK-LBJ-RPA-SIM-002-POV-01","ID_TITIK":"PWK-LBJ-RPA-SIM-002","UID":"UID-2402","ID_WEBGIS":"PWK-LBJ-RPA-SIM-010","POV_KE":1,"LAT":1.140958,"LON":104.015835,"JARAK_M":61.7,"STATUS_POV":"ubah","JML_POV":3,"POV_MEAN":58.9,"POV_MEDIAN":61.7,"POV_MIN":51.5,"POV_MAKS":63.4,"TIPE":"Tidak Bersinyal","JENIS":"Persimpangan","NAMA_JALAN":"Jl. Raden Patah","KELURAHAN":"LUBUK BAJA KOTA","KECAMATAN":"LUBUK BAJA","PRIORITAS":"PRIORITAS 1","SURVEYOR":"Faiq","WAKTU":"2026-09-04T02:16:09.925Z","CARA_COCOK":"ID","JARAK_COCOK_M":0.0},"geometry":{"type":"Point","coordinates":[104.015835,1.140958]}},{"type":"Feature","id":"PWK-LBJ-RPA-SIM-002-POV-02","properties":{"fid":709,"ID_POV":"PWK-LBJ-RPA-SIM-002-POV-02","ID_TITIK":"PWK-LBJ-RPA-SIM-002","UID":"UID-2402","ID_WEBGIS":"PWK-LBJ-RPA-SIM-010","POV_KE":2,"LAT":1.139958,"LON":104.015728,"JARAK_M":51.5,"STATUS_POV":"ubah","JML_POV":3,"POV_MEAN":58.9,"POV_MEDIAN":61.7,"POV_MIN":51.5,"POV_MAKS":63.4,"TIPE":"Tidak Bersinyal","JENIS":"Persimpangan","NAMA_JALAN":"Jl. Raden Patah","KELURAHAN":"LUBUK BAJA KOTA","KECAMATAN":"LUBUK BAJA","PRIORITAS":"PRIORITAS 1","SURVEYOR":"Faiq","WAKTU":"2026-09-04T02:16:09.925Z","CARA_COCOK":"ID","JARAK_COCOK_M":0.0},"geometry":{"type":"Point","coordinates":[104.015728,1.139958]}},{"type":"Feature","id":"PWK-LBJ-RPA-SIM-002-POV-03","properties":{"fid":710,"ID_POV":"PWK-LBJ-RPA-SIM-002-POV-03","ID_TITIK":"PWK-LBJ-RPA-SIM-002","UID":"UID-2402","ID_WEBGIS":"PWK-LBJ-RPA-SIM-010","POV_KE":3,"LAT":1.140827,"LON":104.0161,"JARAK_M":63.4,"STATUS_POV":"asli","JML_POV":3,"POV_MEAN":58.9,"POV_MEDIAN":61.7,"POV_MIN":51.5,"POV_MAKS":63.4,"TIPE":"Tidak Bersinyal","JENIS":"Persimpangan","NAMA_JALAN":"Jl. Raden Patah","KELURAHAN":"LUBUK BAJA KOTA","KECAMATAN":"LUBUK BAJA","PRIORITAS":"PRIORITAS 1","SURVEYOR":"Faiq","WAKTU":"2026-09-04T02:16:09.925Z","CARA_COCOK":"ID","JARAK_COCOK_M":0.0},"geometry":{"type":"Point","coordinates":[104.0161,1.140827]}},{"type":"Feature","id":"PWK-LBJ-RPA-SIM-003-POV-01","properties":{"fid":711,"ID_POV":"PWK-LBJ-RPA-SIM-003-POV-01","ID_TITIK":"PWK-LBJ-RPA-SIM-003","UID":"UID-2403","ID_WEBGIS":"PWK-LBJ-RPA-SIM-011","POV_KE":1,"LAT":1.132285,"LON":104.017251,"JARAK_M":40.7,"STATUS_POV":"ubah","JML_POV":3,"POV_MEAN":41.2,"POV_MEDIAN":40.7,"POV_MIN":33.4,"POV_MAKS":49.6,"TIPE":"Tidak Bersinyal","JENIS":"Persimpangan","NAMA_JALAN":"Jl. Bunga Raya","KELURAHAN":"LUBUK BAJA KOTA","KECAMATAN":"LUBUK BAJA","PRIORITAS":"PRIORITAS 2","SURVEYOR":"BUDI","WAKTU":"2026-09-02T03:22:02.281Z","CARA_COCOK":"ID","JARAK_COCOK_M":0.0},"geometry":{"type":"Point","coordinates":[104.017251,1.132285]}},{"type":"Feature","id":"PWK-LBJ-RPA-SIM-003-POV-02","properties":{"fid":712,"ID_POV":"PWK-LBJ-RPA-SIM-003-POV-02","ID_TITIK":"PWK-LBJ-RPA-SIM-003","UID":"UID-2403","ID_WEBGIS":"PWK-LBJ-RPA-SIM-011","POV_KE":2,"LAT":1.131985,"LON":104.017088,"JARAK_M":49.6,"STATUS_POV":"asli","JML_POV":3,"POV_MEAN":41.2,"POV_MEDIAN":40.7,"POV_MIN":33.4,"POV_MAKS":49.6,"TIPE":"Tidak Bersinyal","JENIS":"Persimpangan","NAMA_JALAN":"Jl. Bunga Raya","KELURAHAN":"LUBUK BAJA KOTA","KECAMATAN":"LUBUK BAJA","PRIORITAS":"PRIORITAS 2","SURVEYOR":"BUDI","WAKTU":"2026-09-02T03:22:02.281Z","CARA_COCOK":"ID","JARAK_COCOK_M":0.0},"geometry":{"type":"Point","coordinates":[104.017088,1.131985]}},{"type":"Feature","id":"PWK-LBJ-RPA-SIM-003-POV-03","properties":{"fid":713,"ID_POV":"PWK-LBJ-RPA-SIM-003-POV-03","ID_TITIK":"PWK-LBJ-RPA-SIM-003","UID":"UID-2403","ID_WEBGIS":"PWK-LBJ-RPA-SIM-011","POV_KE":3,"LAT":1.132354,"LON":104.016602,"JARAK_M":33.4,"STATUS_POV":"asli","JML_POV":3,"POV_MEAN":41.2,"POV_MEDIAN":40.7,"POV_MIN":33.4,"POV_MAKS":49.6,"TIPE":"Tidak Bersinyal","JENIS":"Persimpangan","NAMA_JALAN":"Jl. Bunga Raya","KELURAHAN":"LUBUK BAJA KOTA","KECAMATAN":"LUBUK BAJA","PRIORITAS":"PRIORITAS 2","SURVEYOR":"BUDI","WAKTU":"2026-09-02T03:22:02.281Z","CARA_COCOK":"ID","JARAK_COCOK_M":0.0},"geometry":{"type":"Point","coordinates":[104.016602,1.132354]}},{"type":"Feature","id":"PWK-LBJ-RPA-SIM-004-POV-01","properties":{"fid":714,"ID_POV":"PWK-LBJ-RPA-SIM-004-POV-01","ID_TITIK":"PWK-LBJ-RPA-SIM-004","UID":"UID-2404","ID_WEBGIS":"PWK-LBJ-RPA-SIM-012","POV_KE":1,"LAT":1.132237,"LON":104.017222,"JARAK_M":15.6,"STATUS_POV":"ubah","JML_POV":3,"POV_MEAN":33.8,"POV_MEDIAN":27.9,"POV_MIN":15.6,"POV_MAKS":57.9,"TIPE":"Bersinyal (ATCS + OSM)","JENIS":"Persimpangan","NAMA_JALAN":"Jl. Bunga Raya","KELURAHAN":"KAMPUNG PELITA","KECAMATAN":"LUBUK BAJA","PRIORITAS":"PRIORITAS 2","SURVEYOR":"Faiq","WAKTU":"2026-09-04T02:17:45.037Z","CARA_COCOK":"ID","JARAK_COCOK_M":0.0},"geometry":{"type":"Point","coordinates":[104.017222,1.132237]}},{"type":"Feature","id":"PWK-LBJ-RPA-SIM-004-POV-02","properties":{"fid":715,"ID_POV":"PWK-LBJ-RPA-SIM-004-POV-02","ID_TITIK":"PWK-LBJ-RPA-SIM-004","UID":"UID-2404","ID_WEBGIS":"PWK-LBJ-RPA-SIM-012","POV_KE":2,"LAT":1.131896,"LON":104.017187,"JARAK_M":27.9,"STATUS_POV":"ubah","JML_POV":3,"POV_MEAN":33.8,"POV_MEDIAN":27.9,"POV_MIN":15.6,"POV_MAKS":57.9,"TIPE":"Bersinyal (ATCS + OSM)","JENIS":"Persimpangan","NAMA_JALAN":"Jl. Bunga Raya","KELURAHAN":"KAMPUNG PELITA","KECAMATAN":"LUBUK BAJA","PRIORITAS":"PRIORITAS 2","SURVEYOR":"Faiq","WAKTU":"2026-09-04T02:17:45.037Z","CARA_COCOK":"ID","JARAK_COCOK_M":0.0},"geometry":{"type":"Point","coordinates":[104.017187,1.131896]}},{"type":"Feature","id":"PWK-LBJ-RPA-SIM-004-POV-03","properties":{"fid":716,"ID_POV":"PWK-LBJ-RPA-SIM-004-POV-03","ID_TITIK":"PWK-LBJ-RPA-SIM-004","UID":"UID-2404","ID_WEBGIS":"PWK-LBJ-RPA-SIM-012","POV_KE":3,"LAT":1.132258,"LON":104.016798,"JARAK_M":57.9,"STATUS_POV":"ubah","JML_POV":3,"POV_MEAN":33.8,"POV_MEDIAN":27.9,"POV_MIN":15.6,"POV_MAKS":57.9,"TIPE":"Bersinyal (ATCS + OSM)","JENIS":"Persimpangan","NAMA_JALAN":"Jl. Bunga Raya","KELURAHAN":"KAMPUNG PELITA","KECAMATAN":"LUBUK BAJA","PRIORITAS":"PRIORITAS 2","SURVEYOR":"Faiq","WAKTU":"2026-09-04T02:17:45.037Z","CARA_COCOK":"ID","JARAK_COCOK_M":0.0},"geometry":{"type":"Point","coordinates":[104.016798,1.132258]}},{"type":"Feature","id":"PWK-LBJ-SAB-SIM-001-POV-01","properties":{"fid":717,"ID_POV":"PWK-LBJ-SAB-SIM-001-POV-01","ID_TITIK":"PWK-LBJ-SAB-SIM-001","UID":"UID-2405","ID_WEBGIS":"PWK-LBJ-SAB-SIM-005","POV_KE":1,"LAT":1.14648,"LON":104.01675,"JARAK_M":36.0,"STATUS_POV":"asli","JML_POV":3,"POV_MEAN":38.6,"POV_MEDIAN":36.0,"POV_MIN":28.3,"POV_MAKS":51.4,"TIPE":"Bersinyal (OSM)","JENIS":"Persimpangan","NAMA_JALAN":"Jl. Sultan Abdurrahman","KELURAHAN":"KAMPUNG PELITA","KECAMATAN":"LUBUK BAJA","PRIORITAS":"PRIORITAS 1","SURVEYOR":"BUDI","WAKTU":"2026-09-03T23:12:53.918Z","CARA_COCOK":"ID","JARAK_COCOK_M":0.0},"geometry":{"type":"Point","coordinates":[104.01675,1.14648]}},{"type":"Feature","id":"PWK-LBJ-SAB-SIM-001-POV-02","properties":{"fid":718,"ID_POV":"PWK-LBJ-SAB-SIM-001-POV-02","ID_TITIK":"PWK-LBJ-SAB-SIM-001","UID":"UID-2405","ID_WEBGIS":"PWK-LBJ-SAB-SIM-005","POV_KE":2,"LAT":1.146992,"LON":104.016379,"JARAK_M":51.4,"STATUS_POV":"ubah","JML_POV":3,"POV_MEAN":38.6,"POV_MEDIAN":36.0,"POV_MIN":28.3,"POV_MAKS":51.4,"TIPE":"Bersinyal (OSM)","JENIS":"Persimpangan","NAMA_JALAN":"Jl. Sultan Abdurrahman","KELURAHAN":"KAMPUNG PELITA","KECAMATAN":"LUBUK BAJA","PRIORITAS":"PRIORITAS 1","SURVEYOR":"BUDI","WAKTU":"2026-09-03T23:12:53.918Z","CARA_COCOK":"ID","JARAK_COCOK_M":0.0},"geometry":{"type":"Point","coordinates":[104.016379,1.146992]}},{"type":"Feature","id":"PWK-LBJ-SAB-SIM-001-POV-03","properties":{"fid":719,"ID_POV":"PWK-LBJ-SAB-SIM-001-POV-03","ID_TITIK":"PWK-LBJ-SAB-SIM-001","UID":"UID-2405","ID_WEBGIS":"PWK-LBJ-SAB-SIM-005","POV_KE":3,"LAT":1.146667,"LON":104.016583,"JARAK_M":28.3,"STATUS_POV":"baru","JML_POV":3,"POV_MEAN":38.6,"POV_MEDIAN":36.0,"POV_MIN":28.3,"POV_MAKS":51.4,"TIPE":"Bersinyal (OSM)","JENIS":"Persimpangan","NAMA_JALAN":"Jl. Sultan Abdurrahman","KELURAHAN":"KAMPUNG PELITA","KECAMATAN":"LUBUK BAJA","PRIORITAS":"PRIORITAS 1","SURVEYOR":"BUDI","WAKTU":"2026-09-03T23:12:53.918Z","CARA_COCOK":"ID","JARAK_COCOK_M":0.0},"geometry":{"type":"Point","coordinates":[104.016583,1.146667]}},{"type":"Feature","id":"PWK-LBJ-SAB-SIM-002-POV-01","properties":{"fid":720,"ID_POV":"PWK-LBJ-SAB-SIM-002-POV-01","ID_TITIK":"PWK-LBJ-SAB-SIM-002","UID":"UID-2406","ID_WEBGIS":"PWK-LBJ-SAB-SIM-006","POV_KE":1,"LAT":1.146587,"LON":104.016719,"JARAK_M":26.9,"STATUS_POV":"ubah","JML_POV":3,"POV_MEAN":36.5,"POV_MEDIAN":36.8,"POV_MIN":26.9,"POV_MAKS":45.8,"TIPE":"Bersinyal (OSM)","JENIS":"Persimpangan","NAMA_JALAN":"Jl. Sultan Abdurrahman","KELURAHAN":"LUBUK BAJA KOTA","KECAMATAN":"LUBUK BAJA","PRIORITAS":"PRIORITAS 1","SURVEYOR":"BUDI","WAKTU":"2026-09-02T03:23:54.504Z","CARA_COCOK":"ID","JARAK_COCOK_M":0.0},"geometry":{"type":"Point","coordinates":[104.016719,1.146587]}},{"type":"Feature","id":"PWK-LBJ-SAB-SIM-002-POV-02","properties":{"fid":721,"ID_POV":"PWK-LBJ-SAB-SIM-002-POV-02","ID_TITIK":"PWK-LBJ-SAB-SIM-002","UID":"UID-2406","ID_WEBGIS":"PWK-LBJ-SAB-SIM-006","POV_KE":2,"LAT":1.14701,"LON":104.01676,"JARAK_M":45.8,"STATUS_POV":"asli","JML_POV":3,"POV_MEAN":36.5,"POV_MEDIAN":36.8,"POV_MIN":26.9,"POV_MAKS":45.8,"TIPE":"Bersinyal (OSM)","JENIS":"Persimpangan","NAMA_JALAN":"Jl. Sultan Abdurrahman","KELURAHAN":"LUBUK BAJA KOTA","KECAMATAN":"LUBUK BAJA","PRIORITAS":"PRIORITAS 1","SURVEYOR":"BUDI","WAKTU":"2026-09-02T03:23:54.504Z","CARA_COCOK":"ID","JARAK_COCOK_M":0.0},"geometry":{"type":"Point","coordinates":[104.01676,1.14701]}},{"type":"Feature","id":"PWK-LBJ-SAB-SIM-002-POV-03","properties":{"fid":722,"ID_POV":"PWK-LBJ-SAB-SIM-002-POV-03","ID_TITIK":"PWK-LBJ-SAB-SIM-002","UID":"UID-2406","ID_WEBGIS":"PWK-LBJ-SAB-SIM-006","POV_KE":3,"LAT":1.146996,"LON":104.016375,"JARAK_M":36.8,"STATUS_POV":"ubah","JML_POV":3,"POV_MEAN":36.5,"POV_MEDIAN":36.8,"POV_MIN":26.9,"POV_MAKS":45.8,"TIPE":"Bersinyal (OSM)","JENIS":"Persimpangan","NAMA_JALAN":"Jl. Sultan Abdurrahman","KELURAHAN":"LUBUK BAJA KOTA","KECAMATAN":"LUBUK BAJA","PRIORITAS":"PRIORITAS 1","SURVEYOR":"BUDI","WAKTU":"2026-09-02T03:23:54.504Z","CARA_COCOK":"ID","JARAK_COCOK_M":0.0},"geometry":{"type":"Point","coordinates":[104.016375,1.146996]}},{"type":"Feature","id":"PWK-LBJ-SAB-SIM-003-POV-01","properties":{"fid":723,"ID_POV":"PWK-LBJ-SAB-SIM-003-POV-01","ID_TITIK":"PWK-LBJ-SAB-SIM-003","UID":"UID-2407","ID_WEBGIS":"PWK-LBJ-SAB-SIM-007","POV_KE":1,"LAT":1.144894,"LON":104.017674,"JARAK_M":11.8,"STATUS_POV":"ubah","JML_POV":3,"POV_MEAN":24.9,"POV_MEDIAN":23.8,"POV_MIN":11.8,"POV_MAKS":39.0,"TIPE":"Bersinyal (OSM)","JENIS":"Persimpangan","NAMA_JALAN":"Jl. Sultan Abdurrahman","KELURAHAN":"KAMPUNG PELITA","KECAMATAN":"LUBUK BAJA","PRIORITAS":"PRIORITAS 1","SURVEYOR":"BUDI","WAKTU":"2026-09-02T04:54:04.805Z","CARA_COCOK":"ID","JARAK_COCOK_M":0.0},"geometry":{"type":"Point","coordinates":[104.017674,1.144894]}},{"type":"Feature","id":"PWK-LBJ-SAB-SIM-003-POV-02","properties":{"fid":724,"ID_POV":"PWK-LBJ-SAB-SIM-003-POV-02","ID_TITIK":"PWK-LBJ-SAB-SIM-003","UID":"UID-2407","ID_WEBGIS":"PWK-LBJ-SAB-SIM-007","POV_KE":2,"LAT":1.145136,"LON":104.01744,"JARAK_M":39.0,"STATUS_POV":"ubah","JML_POV":3,"POV_MEAN":24.9,"POV_MEDIAN":23.8,"POV_MIN":11.8,"POV_MAKS":39.0,"TIPE":"Bersinyal (OSM)","JENIS":"Persimpangan","NAMA_JALAN":"Jl. Sultan Abdurrahman","KELURAHAN":"KAMPUNG PELITA","KECAMATAN":"LUBUK BAJA","PRIORITAS":"PRIORITAS 1","SURVEYOR":"BUDI","WAKTU":"2026-09-02T04:54:04.805Z","CARA_COCOK":"ID","JARAK_COCOK_M":0.0},"geometry":{"type":"Point","coordinates":[104.01744,1.145136]}},{"type":"Feature","id":"PWK-LBJ-SAB-SIM-003-POV-03","properties":{"fid":725,"ID_POV":"PWK-LBJ-SAB-SIM-003-POV-03","ID_TITIK":"PWK-LBJ-SAB-SIM-003","UID":"UID-2407","ID_WEBGIS":"PWK-LBJ-SAB-SIM-007","POV_KE":3,"LAT":1.144689,"LON":104.017428,"JARAK_M":23.8,"STATUS_POV":"ubah","JML_POV":3,"POV_MEAN":24.9,"POV_MEDIAN":23.8,"POV_MIN":11.8,"POV_MAKS":39.0,"TIPE":"Bersinyal (OSM)","JENIS":"Persimpangan","NAMA_JALAN":"Jl. Sultan Abdurrahman","KELURAHAN":"KAMPUNG PELITA","KECAMATAN":"LUBUK BAJA","PRIORITAS":"PRIORITAS 1","SURVEYOR":"BUDI","WAKTU":"2026-09-02T04:54:04.805Z","CARA_COCOK":"ID","JARAK_COCOK_M":0.0},"geometry":{"type":"Point","coordinates":[104.017428,1.144689]}},{"type":"Feature","id":"PWK-LBJ-SAB-SIM-004-POV-01","properties":{"fid":726,"ID_POV":"PWK-LBJ-SAB-SIM-004-POV-01","ID_TITIK":"PWK-LBJ-SAB-SIM-004","UID":"UID-2408","ID_WEBGIS":"PWK-LBJ-SAB-SIM-008","POV_KE":1,"LAT":1.140899,"LON":104.016197,"JARAK_M":23.7,"STATUS_POV":"ubah","JML_POV":3,"POV_MEAN":56.4,"POV_MEDIAN":39.8,"POV_MIN":23.7,"POV_MAKS":105.6,"TIPE":"Bersinyal (OSM)","JENIS":"Persimpangan","NAMA_JALAN":"Jl. Sultan Abdurrahman","KELURAHAN":"LUBUK BAJA KOTA","KECAMATAN":"LUBUK BAJA","PRIORITAS":"PRIORITAS 1","SURVEYOR":"Faiq","WAKTU":"2026-09-04T02:31:02.389Z","CARA_COCOK":"ID","JARAK_COCOK_M":0.0},"geometry":{"type":"Point","coordinates":[104.016197,1.140899]}},{"type":"Feature","id":"PWK-LBJ-SAB-SIM-004-POV-02","properties":{"fid":727,"ID_POV":"PWK-LBJ-SAB-SIM-004-POV-02","ID_TITIK":"PWK-LBJ-SAB-SIM-004","UID":"UID-2408","ID_WEBGIS":"PWK-LBJ-SAB-SIM-008","POV_KE":2,"LAT":1.140904,"LON":104.01565,"JARAK_M":39.8,"STATUS_POV":"ubah","JML_POV":3,"POV_MEAN":56.4,"POV_MEDIAN":39.8,"POV_MIN":23.7,"POV_MAKS":105.6,"TIPE":"Bersinyal (OSM)","JENIS":"Persimpangan","NAMA_JALAN":"Jl. Sultan Abdurrahman","KELURAHAN":"LUBUK BAJA KOTA","KECAMATAN":"LUBUK BAJA","PRIORITAS":"PRIORITAS 1","SURVEYOR":"Faiq","WAKTU":"2026-09-04T02:31:02.389Z","CARA_COCOK":"ID","JARAK_COCOK_M":0.0},"geometry":{"type":"Point","coordinates":[104.01565,1.140904]}},{"type":"Feature","id":"PWK-LBJ-SAB-SIM-004-POV-03","properties":{"fid":728,"ID_POV":"PWK-LBJ-SAB-SIM-004-POV-03","ID_TITIK":"PWK-LBJ-SAB-SIM-004","UID":"UID-2408","ID_WEBGIS":"PWK-LBJ-SAB-SIM-008","POV_KE":3,"LAT":1.140065,"LON":104.015746,"JARAK_M":105.6,"STATUS_POV":"ubah","JML_POV":3,"POV_MEAN":56.4,"POV_MEDIAN":39.8,"POV_MIN":23.7,"POV_MAKS":105.6,"TIPE":"Bersinyal (OSM)","JENIS":"Persimpangan","NAMA_JALAN":"Jl. Sultan Abdurrahman","KELURAHAN":"LUBUK BAJA KOTA","KECAMATAN":"LUBUK BAJA","PRIORITAS":"PRIORITAS 1","SURVEYOR":"Faiq","WAKTU":"2026-09-04T02:31:02.389Z","CARA_COCOK":"ID","JARAK_COCOK_M":0.0},"geometry":{"type":"Point","coordinates":[104.015746,1.140065]}},{"type":"Feature","id":"PWK-LBJ-SAB-SIM-005-POV-01","properties":{"fid":729,"ID_POV":"PWK-LBJ-SAB-SIM-005-POV-01","ID_TITIK":"PWK-LBJ-SAB-SIM-005","UID":"UID-2409","ID_WEBGIS":"PWK-LBJ-SAB-SIM-018","POV_KE":1,"LAT":1.148588,"LON":104.011842,"JARAK_M":21.4,"STATUS_POV":"ubah","JML_POV":3,"POV_MEAN":52.9,"POV_MEDIAN":66.9,"POV_MIN":21.4,"POV_MAKS":70.3,"TIPE":"Tidak Bersinyal","JENIS":"Persimpangan","NAMA_JALAN":"Jl. Sultan Abdurrahman","KELURAHAN":"LUBUK BAJA KOTA","KECAMATAN":"LUBUK BAJA","PRIORITAS":"PRIORITAS 1","SURVEYOR":"Faiq","WAKTU":"2026-09-04T02:36:00.614Z","CARA_COCOK":"ID","JARAK_COCOK_M":0.0},"geometry":{"type":"Point","coordinates":[104.011842,1.148588]}},{"type":"Feature","id":"PWK-LBJ-SAB-SIM-005-POV-02","properties":{"fid":730,"ID_POV":"PWK-LBJ-SAB-SIM-005-POV-02","ID_TITIK":"PWK-LBJ-SAB-SIM-005","UID":"UID-2409","ID_WEBGIS":"PWK-LBJ-SAB-SIM-018","POV_KE":2,"LAT":1.148829,"LON":104.012222,"JARAK_M":66.9,"STATUS_POV":"ubah","JML_POV":3,"POV_MEAN":52.9,"POV_MEDIAN":66.9,"POV_MIN":21.4,"POV_MAKS":70.3,"TIPE":"Tidak Bersinyal","JENIS":"Persimpangan","NAMA_JALAN":"Jl. Sultan Abdurrahman","KELURAHAN":"LUBUK BAJA KOTA","KECAMATAN":"LUBUK BAJA","PRIORITAS":"PRIORITAS 1","SURVEYOR":"Faiq","WAKTU":"2026-09-04T02:36:00.614Z","CARA_COCOK":"ID","JARAK_COCOK_M":0.0},"geometry":{"type":"Point","coordinates":[104.012222,1.148829]}},{"type":"Feature","id":"PWK-LBJ-SAB-SIM-005-POV-03","properties":{"fid":731,"ID_POV":"PWK-LBJ-SAB-SIM-005-POV-03","ID_TITIK":"PWK-LBJ-SAB-SIM-005","UID":"UID-2409","ID_WEBGIS":"PWK-LBJ-SAB-SIM-018","POV_KE":3,"LAT":1.148247,"LON":104.012414,"JARAK_M":70.3,"STATUS_POV":"baru","JML_POV":3,"POV_MEAN":52.9,"POV_MEDIAN":66.9,"POV_MIN":21.4,"POV_MAKS":70.3,"TIPE":"Tidak Bersinyal","JENIS":"Persimpangan","NAMA_JALAN":"Jl. Sultan Abdurrahman","KELURAHAN":"LUBUK BAJA KOTA","KECAMATAN":"LUBUK BAJA","PRIORITAS":"PRIORITAS 1","SURVEYOR":"Faiq","WAKTU":"2026-09-04T02:36:00.614Z","CARA_COCOK":"ID","JARAK_COCOK_M":0.0},"geometry":{"type":"Point","coordinates":[104.012414,1.148247]}},{"type":"Feature","id":"PWK-LBJ-YSU-SIM-001-POV-01","properties":{"fid":732,"ID_POV":"PWK-LBJ-YSU-SIM-001-POV-01","ID_TITIK":"PWK-LBJ-YSU-SIM-001","UID":"UID-2410","ID_WEBGIS":"PWK-LBJ-YSU-SIM-013","POV_KE":1,"LAT":1.123559,"LON":104.018219,"JARAK_M":18.0,"STATUS_POV":"ubah","JML_POV":3,"POV_MEAN":69.9,"POV_MEDIAN":84.3,"POV_MIN":18.0,"POV_MAKS":107.4,"TIPE":"Bersinyal (OSM)","JENIS":"Persimpangan","NAMA_JALAN":"Jl. Gajah Mada","KELURAHAN":"BALOI INDAH","KECAMATAN":"LUBUK BAJA","PRIORITAS":"PRIORITAS 1","SURVEYOR":"Faiq","WAKTU":"2026-09-04T02:39:06.614Z","CARA_COCOK":"ID","JARAK_COCOK_M":0.0},"geometry":{"type":"Point","coordinates":[104.018219,1.123559]}},{"type":"Feature","id":"PWK-LBJ-YSU-SIM-001-POV-02","properties":{"fid":733,"ID_POV":"PWK-LBJ-YSU-SIM-001-POV-02","ID_TITIK":"PWK-LBJ-YSU-SIM-001","UID":"UID-2410","ID_WEBGIS":"PWK-LBJ-YSU-SIM-013","POV_KE":2,"LAT":1.123025,"LON":104.018871,"JARAK_M":107.4,"STATUS_POV":"ubah","JML_POV":3,"POV_MEAN":69.9,"POV_MEDIAN":84.3,"POV_MIN":18.0,"POV_MAKS":107.4,"TIPE":"Bersinyal (OSM)","JENIS":"Persimpangan","NAMA_JALAN":"Jl. Gajah Mada","KELURAHAN":"BALOI INDAH","KECAMATAN":"LUBUK BAJA","PRIORITAS":"PRIORITAS 1","SURVEYOR":"Faiq","WAKTU":"2026-09-04T02:39:06.614Z","CARA_COCOK":"ID","JARAK_COCOK_M":0.0},"geometry":{"type":"Point","coordinates":[104.018871,1.123025]}},{"type":"Feature","id":"PWK-LBJ-YSU-SIM-001-POV-03","properties":{"fid":734,"ID_POV":"PWK-LBJ-YSU-SIM-001-POV-03","ID_TITIK":"PWK-LBJ-YSU-SIM-001","UID":"UID-2410","ID_WEBGIS":"PWK-LBJ-YSU-SIM-013","POV_KE":3,"LAT":1.123902,"LON":104.018936,"JARAK_M":84.3,"STATUS_POV":"ubah","JML_POV":3,"POV_MEAN":69.9,"POV_MEDIAN":84.3,"POV_MIN":18.0,"POV_MAKS":107.4,"TIPE":"Bersinyal (OSM)","JENIS":"Persimpangan","NAMA_JALAN":"Jl. Gajah Mada","KELURAHAN":"BALOI INDAH","KECAMATAN":"LUBUK BAJA","PRIORITAS":"PRIORITAS 1","SURVEYOR":"Faiq","WAKTU":"2026-09-04T02:39:06.614Z","CARA_COCOK":"ID","JARAK_COCOK_M":0.0},"geometry":{"type":"Point","coordinates":[104.018936,1.123902]}},{"type":"Feature","id":"PWK-NGS-HNA-SIM-001-POV-01","properties":{"fid":735,"ID_POV":"PWK-NGS-HNA-SIM-001-POV-01","ID_TITIK":"PWK-NGS-HNA-SIM-001","UID":"UID-2411","ID_WEBGIS":"PWK-NGS-HNA-SIM-001","POV_KE":1,"LAT":1.127523,"LON":104.107518,"JARAK_M":133.7,"STATUS_POV":"ubah","JML_POV":3,"POV_MEAN":118.0,"POV_MEDIAN":133.7,"POV_MIN":84.2,"POV_MAKS":136.1,"TIPE":"Tidak Bersinyal","JENIS":"Persimpangan","NAMA_JALAN":"Jl. Hang Nadim","KELURAHAN":"BATU BESAR","KECAMATAN":"NONGSA","PRIORITAS":"PRIORITAS 3","SURVEYOR":"BUDI","WAKTU":"2026-09-02T02:26:20.867Z","CARA_COCOK":"ID","JARAK_COCOK_M":0.0},"geometry":{"type":"Point","coordinates":[104.107518,1.127523]}},{"type":"Feature","id":"PWK-NGS-HNA-SIM-001-POV-02","properties":{"fid":736,"ID_POV":"PWK-NGS-HNA-SIM-001-POV-02","ID_TITIK":"PWK-NGS-HNA-SIM-001","UID":"UID-2411","ID_WEBGIS":"PWK-NGS-HNA-SIM-001","POV_KE":2,"LAT":1.127531,"LON":104.106605,"JARAK_M":136.1,"STATUS_POV":"asli","JML_POV":3,"POV_MEAN":118.0,"POV_MEDIAN":133.7,"POV_MIN":84.2,"POV_MAKS":136.1,"TIPE":"Tidak Bersinyal","JENIS":"Persimpangan","NAMA_JALAN":"Jl. Hang Nadim","KELURAHAN":"BATU BESAR","KECAMATAN":"NONGSA","PRIORITAS":"PRIORITAS 3","SURVEYOR":"BUDI","WAKTU":"2026-09-02T02:26:20.867Z","CARA_COCOK":"ID","JARAK_COCOK_M":0.0},"geometry":{"type":"Point","coordinates":[104.106605,1.127531]}},{"type":"Feature","id":"PWK-NGS-HNA-SIM-001-POV-03","properties":{"fid":737,"ID_POV":"PWK-NGS-HNA-SIM-001-POV-03","ID_TITIK":"PWK-NGS-HNA-SIM-001","UID":"UID-2411","ID_WEBGIS":"PWK-NGS-HNA-SIM-001","POV_KE":3,"LAT":1.128552,"LON":104.107851,"JARAK_M":84.2,"STATUS_POV":"ubah","JML_POV":3,"POV_MEAN":118.0,"POV_MEDIAN":133.7,"POV_MIN":84.2,"POV_MAKS":136.1,"TIPE":"Tidak Bersinyal","JENIS":"Persimpangan","NAMA_JALAN":"Jl. Hang Nadim","KELURAHAN":"BATU BESAR","KECAMATAN":"NONGSA","PRIORITAS":"PRIORITAS 3","SURVEYOR":"BUDI","WAKTU":"2026-09-02T02:26:20.867Z","CARA_COCOK":"ID","JARAK_COCOK_M":0.0},"geometry":{"type":"Point","coordinates":[104.107851,1.128552]}},{"type":"Feature","id":"PWK-NGS-PRV-SIM-001-POV-01","properties":{"fid":738,"ID_POV":"PWK-NGS-PRV-SIM-001-POV-01","ID_TITIK":"PWK-NGS-PRV-SIM-001","UID":"UID-2412","ID_WEBGIS":"PWK-NGS-PRV-SIM-002","POV_KE":1,"LAT":1.127131,"LON":104.106419,"JARAK_M":196.4,"STATUS_POV":"ubah","JML_POV":3,"POV_MEAN":150.4,"POV_MEDIAN":177.1,"POV_MIN":77.7,"POV_MAKS":196.4,"TIPE":"Tidak Bersinyal","JENIS":"Persimpangan","NAMA_JALAN":"Jl. Hang Nadim","KELURAHAN":"BATU BESAR","KECAMATAN":"NONGSA","PRIORITAS":"PRIORITAS 3","SURVEYOR":"Faiq","WAKTU":"2026-09-04T02:43:51.623Z","CARA_COCOK":"ID","JARAK_COCOK_M":0.0},"geometry":{"type":"Point","coordinates":[104.106419,1.127131]}},{"type":"Feature","id":"PWK-NGS-PRV-SIM-001-POV-02","properties":{"fid":739,"ID_POV":"PWK-NGS-PRV-SIM-001-POV-02","ID_TITIK":"PWK-NGS-PRV-SIM-001","UID":"UID-2412","ID_WEBGIS":"PWK-NGS-PRV-SIM-002","POV_KE":2,"LAT":1.12851,"LON":104.10652,"JARAK_M":177.1,"STATUS_POV":"ubah","JML_POV":3,"POV_MEAN":150.4,"POV_MEDIAN":177.1,"POV_MIN":77.7,"POV_MAKS":196.4,"TIPE":"Tidak Bersinyal","JENIS":"Persimpangan","NAMA_JALAN":"Jl. Hang Nadim","KELURAHAN":"BATU BESAR","KECAMATAN":"NONGSA","PRIORITAS":"PRIORITAS 3","SURVEYOR":"Faiq","WAKTU":"2026-09-04T02:43:51.623Z","CARA_COCOK":"ID","JARAK_COCOK_M":0.0},"geometry":{"type":"Point","coordinates":[104.10652,1.12851]}},{"type":"Feature","id":"PWK-NGS-PRV-SIM-001-POV-03","properties":{"fid":740,"ID_POV":"PWK-NGS-PRV-SIM-001-POV-03","ID_TITIK":"PWK-NGS-PRV-SIM-001","UID":"UID-2412","ID_WEBGIS":"PWK-NGS-PRV-SIM-002","POV_KE":3,"LAT":1.128617,"LON":104.107953,"JARAK_M":77.7,"STATUS_POV":"ubah","JML_POV":3,"POV_MEAN":150.4,"POV_MEDIAN":177.1,"POV_MIN":77.7,"POV_MAKS":196.4,"TIPE":"Tidak Bersinyal","JENIS":"Persimpangan","NAMA_JALAN":"Jl. Hang Nadim","KELURAHAN":"BATU BESAR","KECAMATAN":"NONGSA","PRIORITAS":"PRIORITAS 3","SURVEYOR":"Faiq","WAKTU":"2026-09-04T02:43:51.623Z","CARA_COCOK":"ID","JARAK_COCOK_M":0.0},"geometry":{"type":"Point","coordinates":[104.107953,1.128617]}},{"type":"Feature","id":"PWK-NGS-PRV-SIM-002-POV-01","properties":{"fid":741,"ID_POV":"PWK-NGS-PRV-SIM-002-POV-01","ID_TITIK":"PWK-NGS-PRV-SIM-002","UID":"UID-2413","ID_WEBGIS":"PWK-NGS-PRV-SIM-003","POV_KE":1,"LAT":1.127136,"LON":104.107379,"JARAK_M":45.2,"STATUS_POV":"ubah","JML_POV":4,"POV_MEAN":121.3,"POV_MEDIAN":128.9,"POV_MIN":45.2,"POV_MAKS":182.4,"TIPE":"Tidak Bersinyal","JENIS":"Persimpangan","NAMA_JALAN":"Jl. Hang Tuah","KELURAHAN":"BATU BESAR","KECAMATAN":"NONGSA","PRIORITAS":"PRIORITAS 3","SURVEYOR":"Faiq","WAKTU":"2026-09-04T02:47:09.631Z","CARA_COCOK":"ID","JARAK_COCOK_M":0.0},"geometry":{"type":"Point","coordinates":[104.107379,1.127136]}},{"type":"Feature","id":"PWK-NGS-PRV-SIM-002-POV-02","properties":{"fid":742,"ID_POV":"PWK-NGS-PRV-SIM-002-POV-02","ID_TITIK":"PWK-NGS-PRV-SIM-002","UID":"UID-2413","ID_WEBGIS":"PWK-NGS-PRV-SIM-003","POV_KE":2,"LAT":1.128381,"LON":104.107738,"JARAK_M":175.1,"STATUS_POV":"ubah","JML_POV":4,"POV_MEAN":121.3,"POV_MEDIAN":128.9,"POV_MIN":45.2,"POV_MAKS":182.4,"TIPE":"Tidak Bersinyal","JENIS":"Persimpangan","NAMA_JALAN":"Jl. Hang Tuah","KELURAHAN":"BATU BESAR","KECAMATAN":"NONGSA","PRIORITAS":"PRIORITAS 3","SURVEYOR":"Faiq","WAKTU":"2026-09-04T02:47:09.631Z","CARA_COCOK":"ID","JARAK_COCOK_M":0.0},"geometry":{"type":"Point","coordinates":[104.107738,1.128381]}},{"type":"Feature","id":"PWK-NGS-PRV-SIM-002-POV-03","properties":{"fid":743,"ID_POV":"PWK-NGS-PRV-SIM-002-POV-03","ID_TITIK":"PWK-NGS-PRV-SIM-002","UID":"UID-2413","ID_WEBGIS":"PWK-NGS-PRV-SIM-003","POV_KE":3,"LAT":1.128548,"LON":104.106488,"JARAK_M":182.4,"STATUS_POV":"ubah","JML_POV":4,"POV_MEAN":121.3,"POV_MEDIAN":128.9,"POV_MIN":45.2,"POV_MAKS":182.4,"TIPE":"Tidak Bersinyal","JENIS":"Persimpangan","NAMA_JALAN":"Jl. Hang Tuah","KELURAHAN":"BATU BESAR","KECAMATAN":"NONGSA","PRIORITAS":"PRIORITAS 3","SURVEYOR":"Faiq","WAKTU":"2026-09-04T02:47:09.631Z","CARA_COCOK":"ID","JARAK_COCOK_M":0.0},"geometry":{"type":"Point","coordinates":[104.106488,1.128548]}},{"type":"Feature","id":"PWK-NGS-PRV-SIM-002-POV-04","properties":{"fid":744,"ID_POV":"PWK-NGS-PRV-SIM-002-POV-04","ID_TITIK":"PWK-NGS-PRV-SIM-002","UID":"UID-2413","ID_WEBGIS":"PWK-NGS-PRV-SIM-003","POV_KE":4,"LAT":1.126891,"LON":104.106263,"JARAK_M":82.7,"STATUS_POV":"baru","JML_POV":4,"POV_MEAN":121.3,"POV_MEDIAN":128.9,"POV_MIN":45.2,"POV_MAKS":182.4,"TIPE":"Tidak Bersinyal","JENIS":"Persimpangan","NAMA_JALAN":"Jl. Hang Tuah","KELURAHAN":"BATU BESAR","KECAMATAN":"NONGSA","PRIORITAS":"PRIORITAS 3","SURVEYOR":"Faiq","WAKTU":"2026-09-04T02:47:09.631Z","CARA_COCOK":"ID","JARAK_COCOK_M":0.0},"geometry":{"type":"Point","coordinates":[104.106263,1.126891]}},{"type":"Feature","id":"PWK-SBD-MSU-SIM-001-POV-01","properties":{"fid":745,"ID_POV":"PWK-SBD-MSU-SIM-001-POV-01","ID_TITIK":"PWK-SBD-MSU-SIM-001","UID":"UID-2418","ID_WEBGIS":"PWK-SBD-MSU-SIM-001","POV_KE":1,"LAT":1.101975,"LON":104.038695,"JARAK_M":46.8,"STATUS_POV":"ubah","JML_POV":4,"POV_MEAN":58.1,"POV_MEDIAN":61.1,"POV_MIN":19.6,"POV_MAKS":90.8,"TIPE":"Bersinyal (ATCS)","JENIS":"Persimpangan","NAMA_JALAN":"Jl. Mayjen Sudarsono","KELURAHAN":"MUKA KUNING","KECAMATAN":"SEI BEDUK","PRIORITAS":"PRIORITAS 1","SURVEYOR":"BUDI","WAKTU":"2026-09-02T02:37:00.346Z","CARA_COCOK":"ID","JARAK_COCOK_M":0.0},"geometry":{"type":"Point","coordinates":[104.038695,1.101975]}},{"type":"Feature","id":"PWK-SBD-MSU-SIM-001-POV-02","properties":{"fid":746,"ID_POV":"PWK-SBD-MSU-SIM-001-POV-02","ID_TITIK":"PWK-SBD-MSU-SIM-001","UID":"UID-2418","ID_WEBGIS":"PWK-SBD-MSU-SIM-001","POV_KE":2,"LAT":1.102494,"LON":104.038585,"JARAK_M":90.8,"STATUS_POV":"ubah","JML_POV":4,"POV_MEAN":58.1,"POV_MEDIAN":61.1,"POV_MIN":19.6,"POV_MAKS":90.8,"TIPE":"Bersinyal (ATCS)","JENIS":"Persimpangan","NAMA_JALAN":"Jl. Mayjen Sudarsono","KELURAHAN":"MUKA KUNING","KECAMATAN":"SEI BEDUK","PRIORITAS":"PRIORITAS 1","SURVEYOR":"BUDI","WAKTU":"2026-09-02T02:37:00.346Z","CARA_COCOK":"ID","JARAK_COCOK_M":0.0},"geometry":{"type":"Point","coordinates":[104.038585,1.102494]}},{"type":"Feature","id":"PWK-SBD-MSU-SIM-001-POV-03","properties":{"fid":747,"ID_POV":"PWK-SBD-MSU-SIM-001-POV-03","ID_TITIK":"PWK-SBD-MSU-SIM-001","UID":"UID-2418","ID_WEBGIS":"PWK-SBD-MSU-SIM-001","POV_KE":3,"LAT":1.101991,"LON":104.039218,"JARAK_M":19.6,"STATUS_POV":"ubah","JML_POV":4,"POV_MEAN":58.1,"POV_MEDIAN":61.1,"POV_MIN":19.6,"POV_MAKS":90.8,"TIPE":"Bersinyal (ATCS)","JENIS":"Persimpangan","NAMA_JALAN":"Jl. Mayjen Sudarsono","KELURAHAN":"MUKA KUNING","KECAMATAN":"SEI BEDUK","PRIORITAS":"PRIORITAS 1","SURVEYOR":"BUDI","WAKTU":"2026-09-02T02:37:00.346Z","CARA_COCOK":"ID","JARAK_COCOK_M":0.0},"geometry":{"type":"Point","coordinates":[104.039218,1.101991]}},{"type":"Feature","id":"PWK-SBD-MSU-SIM-001-POV-04","properties":{"fid":748,"ID_POV":"PWK-SBD-MSU-SIM-001-POV-04","ID_TITIK":"PWK-SBD-MSU-SIM-001","UID":"UID-2418","ID_WEBGIS":"PWK-SBD-MSU-SIM-001","POV_KE":4,"LAT":1.102538,"LON":104.0391,"JARAK_M":75.4,"STATUS_POV":"ubah","JML_POV":4,"POV_MEAN":58.1,"POV_MEDIAN":61.1,"POV_MIN":19.6,"POV_MAKS":90.8,"TIPE":"Bersinyal (ATCS)","JENIS":"Persimpangan","NAMA_JALAN":"Jl. Mayjen Sudarsono","KELURAHAN":"MUKA KUNING","KECAMATAN":"SEI BEDUK","PRIORITAS":"PRIORITAS 1","SURVEYOR":"BUDI","WAKTU":"2026-09-02T02:37:00.346Z","CARA_COCOK":"ID","JARAK_COCOK_M":0.0},"geometry":{"type":"Point","coordinates":[104.0391,1.102538]}},{"type":"Feature","id":"PWK-SBD-MSU-SIM-002-POV-01","properties":{"fid":749,"ID_POV":"PWK-SBD-MSU-SIM-002-POV-01","ID_TITIK":"PWK-SBD-MSU-SIM-002","UID":"UID-2419","ID_WEBGIS":"PWK-SBD-MSU-SIM-002","POV_KE":1,"LAT":1.10052,"LON":104.076115,"JARAK_M":76.2,"STATUS_POV":"ubah","JML_POV":3,"POV_MEAN":60.9,"POV_MEDIAN":59.7,"POV_MIN":46.7,"POV_MAKS":76.2,"TIPE":"Tidak Bersinyal","JENIS":"Persimpangan","NAMA_JALAN":"Jl. Mayjen Sudarsono","KELURAHAN":"MUKA KUNING","KECAMATAN":"SEI BEDUK","PRIORITAS":"PRIORITAS 2","SURVEYOR":"Faiq","WAKTU":"2026-09-04T02:52:05.154Z","CARA_COCOK":"ID","JARAK_COCOK_M":0.0},"geometry":{"type":"Point","coordinates":[104.076115,1.10052]}},{"type":"Feature","id":"PWK-SBD-MSU-SIM-002-POV-02","properties":{"fid":750,"ID_POV":"PWK-SBD-MSU-SIM-002-POV-02","ID_TITIK":"PWK-SBD-MSU-SIM-002","UID":"UID-2419","ID_WEBGIS":"PWK-SBD-MSU-SIM-002","POV_KE":2,"LAT":1.100169,"LON":104.076354,"JARAK_M":46.7,"STATUS_POV":"ubah","JML_POV":3,"POV_MEAN":60.9,"POV_MEDIAN":59.7,"POV_MIN":46.7,"POV_MAKS":76.2,"TIPE":"Tidak Bersinyal","JENIS":"Persimpangan","NAMA_JALAN":"Jl. Mayjen Sudarsono","KELURAHAN":"MUKA KUNING","KECAMATAN":"SEI BEDUK","PRIORITAS":"PRIORITAS 2","SURVEYOR":"Faiq","WAKTU":"2026-09-04T02:52:05.154Z","CARA_COCOK":"ID","JARAK_COCOK_M":0.0},"geometry":{"type":"Point","coordinates":[104.076354,1.100169]}},{"type":"Feature","id":"PWK-SBD-MSU-SIM-002-POV-03","properties":{"fid":751,"ID_POV":"PWK-SBD-MSU-SIM-002-POV-03","ID_TITIK":"PWK-SBD-MSU-SIM-002","UID":"UID-2419","ID_WEBGIS":"PWK-SBD-MSU-SIM-002","POV_KE":3,"LAT":1.100279,"LON":104.075798,"JARAK_M":59.7,"STATUS_POV":"ubah","JML_POV":3,"POV_MEAN":60.9,"POV_MEDIAN":59.7,"POV_MIN":46.7,"POV_MAKS":76.2,"TIPE":"Tidak Bersinyal","JENIS":"Persimpangan","NAMA_JALAN":"Jl. Mayjen Sudarsono","KELURAHAN":"MUKA KUNING","KECAMATAN":"SEI BEDUK","PRIORITAS":"PRIORITAS 2","SURVEYOR":"Faiq","WAKTU":"2026-09-04T02:52:05.154Z","CARA_COCOK":"ID","JARAK_COCOK_M":0.0},"geometry":{"type":"Point","coordinates":[104.075798,1.100279]}},{"type":"Feature","id":"ANL-BAP-RAH-SIM-018-POV-01","properties":{"fid":752,"ID_POV":"ANL-BAP-RAH-SIM-018-POV-01","ID_TITIK":"ANL-BAP-RAH-SIM-018","UID":"UID-2517","ID_WEBGIS":"Simpang Hotel Pasifik 02","POV_KE":1,"LAT":1.152366,"LON":104.002947,"JARAK_M":30.3,"STATUS_POV":"baru","JML_POV":3,"POV_MEAN":23.1,"POV_MEDIAN":26.9,"POV_MIN":12.2,"POV_MAKS":30.3,"TIPE":"Bersinyal (ATCS + OSM)","JENIS":"Persimpangan","NAMA_JALAN":"Jalan Patimura","KELURAHAN":"SADAI","KECAMATAN":"BATAM KOTA","PRIORITAS":"TANPA PRIORITAS","SURVEYOR":"Rikrik","WAKTU":"2026-09-04T06:04:52.496Z","CARA_COCOK":"koordinat","JARAK_COCOK_M":3.1},"geometry":{"type":"Point","coordinates":[104.002947,1.152366]}},{"type":"Feature","id":"ANL-BAP-RAH-SIM-018-POV-02","properties":{"fid":753,"ID_POV":"ANL-BAP-RAH-SIM-018-POV-02","ID_TITIK":"ANL-BAP-RAH-SIM-018","UID":"UID-2517","ID_WEBGIS":"Simpang Hotel Pasifik 02","POV_KE":2,"LAT":1.152211,"LON":104.00328,"JARAK_M":26.9,"STATUS_POV":"baru","JML_POV":3,"POV_MEAN":23.1,"POV_MEDIAN":26.9,"POV_MIN":12.2,"POV_MAKS":30.3,"TIPE":"Bersinyal (ATCS + OSM)","JENIS":"Persimpangan","NAMA_JALAN":"Jalan Patimura","KELURAHAN":"SADAI","KECAMATAN":"BATAM KOTA","PRIORITAS":"TANPA PRIORITAS","SURVEYOR":"Rikrik","WAKTU":"2026-09-04T06:04:52.496Z","CARA_COCOK":"koordinat","JARAK_COCOK_M":3.1},"geometry":{"type":"Point","coordinates":[104.00328,1.152211]}},{"type":"Feature","id":"ANL-BAP-RAH-SIM-018-POV-03","properties":{"fid":754,"ID_POV":"ANL-BAP-RAH-SIM-018-POV-03","ID_TITIK":"ANL-BAP-RAH-SIM-018","UID":"UID-2517","ID_WEBGIS":"Simpang Hotel Pasifik 02","POV_KE":3,"LAT":1.152496,"LON":104.003113,"JARAK_M":12.2,"STATUS_POV":"baru","JML_POV":3,"POV_MEAN":23.1,"POV_MEDIAN":26.9,"POV_MIN":12.2,"POV_MAKS":30.3,"TIPE":"Bersinyal (ATCS + OSM)","JENIS":"Persimpangan","NAMA_JALAN":"Jalan Patimura","KELURAHAN":"SADAI","KECAMATAN":"BATAM KOTA","PRIORITAS":"TANPA PRIORITAS","SURVEYOR":"Rikrik","WAKTU":"2026-09-04T06:04:52.496Z","CARA_COCOK":"koordinat","JARAK_COCOK_M":3.1},"geometry":{"type":"Point","coordinates":[104.003113,1.152496]}},{"type":"Feature","id":"ANL-BAP-RAH-SIM-019-POV-01","properties":{"fid":755,"ID_POV":"ANL-BAP-RAH-SIM-019-POV-01","ID_TITIK":"ANL-BAP-RAH-SIM-019","UID":"UID-2518","ID_WEBGIS":"Simpang Hotel Pasifik 03","POV_KE":1,"LAT":1.152493,"LON":104.003102,"JARAK_M":38.6,"STATUS_POV":"baru","JML_POV":3,"POV_MEAN":24.1,"POV_MEDIAN":21.9,"POV_MIN":11.8,"POV_MAKS":38.6,"TIPE":"Bersinyal (ATCS + OSM)","JENIS":"Persimpangan","NAMA_JALAN":"Jalan Patimura","KELURAHAN":"SADAI","KECAMATAN":"BATAM KOTA","PRIORITAS":"TANPA PRIORITAS","SURVEYOR":"Rikrik","WAKTU":"2026-09-04T06:05:32.839Z","CARA_COCOK":"koordinat","JARAK_COCOK_M":1.6},"geometry":{"type":"Point","coordinates":[104.003102,1.152493]}},{"type":"Feature","id":"ANL-BAP-RAH-SIM-019-POV-02","properties":{"fid":756,"ID_POV":"ANL-BAP-RAH-SIM-019-POV-02","ID_TITIK":"ANL-BAP-RAH-SIM-019","UID":"UID-2518","ID_WEBGIS":"Simpang Hotel Pasifik 03","POV_KE":2,"LAT":1.152215,"LON":104.003254,"JARAK_M":11.8,"STATUS_POV":"baru","JML_POV":3,"POV_MEAN":24.1,"POV_MEDIAN":21.9,"POV_MIN":11.8,"POV_MAKS":38.6,"TIPE":"Bersinyal (ATCS + OSM)","JENIS":"Persimpangan","NAMA_JALAN":"Jalan Patimura","KELURAHAN":"SADAI","KECAMATAN":"BATAM KOTA","PRIORITAS":"TANPA PRIORITAS","SURVEYOR":"Rikrik","WAKTU":"2026-09-04T06:05:32.839Z","CARA_COCOK":"koordinat","JARAK_COCOK_M":1.6},"geometry":{"type":"Point","coordinates":[104.003254,1.152215]}},{"type":"Feature","id":"ANL-BAP-DUY-SIM-013-POV-01","properties":{"fid":757,"ID_POV":"ANL-BAP-DUY-SIM-013-POV-01","ID_TITIK":"ANL-BAP-DUY-SIM-013","UID":"UID-2516","ID_WEBGIS":"Simpang Hotel Pasifik 01","POV_KE":1,"LAT":1.152124,"LON":104.00296,"JARAK_M":25.2,"STATUS_POV":"baru","JML_POV":3,"POV_MEAN":31.7,"POV_MEDIAN":28.9,"POV_MIN":25.2,"POV_MAKS":40.9,"TIPE":"Bersinyal (ATCS + OSM)","JENIS":"Persimpangan","NAMA_JALAN":"Jalan Patimura","KELURAHAN":"SADAI","KECAMATAN":"BATAM KOTA","PRIORITAS":"TANPA PRIORITAS","SURVEYOR":"Rikrik","WAKTU":"2026-09-04T06:06:02.535Z","CARA_COCOK":"koordinat","JARAK_COCOK_M":2.0},"geometry":{"type":"Point","coordinates":[104.00296,1.152124]}},{"type":"Feature","id":"ANL-BAP-DUY-SIM-013-POV-02","properties":{"fid":758,"ID_POV":"ANL-BAP-DUY-SIM-013-POV-02","ID_TITIK":"ANL-BAP-DUY-SIM-013","UID":"UID-2516","ID_WEBGIS":"Simpang Hotel Pasifik 01","POV_KE":2,"LAT":1.152494,"LON":104.003109,"JARAK_M":28.9,"STATUS_POV":"baru","JML_POV":3,"POV_MEAN":31.7,"POV_MEDIAN":28.9,"POV_MIN":25.2,"POV_MAKS":40.9,"TIPE":"Bersinyal (ATCS + OSM)","JENIS":"Persimpangan","NAMA_JALAN":"Jalan Patimura","KELURAHAN":"SADAI","KECAMATAN":"BATAM KOTA","PRIORITAS":"TANPA PRIORITAS","SURVEYOR":"Rikrik","WAKTU":"2026-09-04T06:06:02.535Z","CARA_COCOK":"koordinat","JARAK_COCOK_M":2.0},"geometry":{"type":"Point","coordinates":[104.003109,1.152494]}},{"type":"Feature","id":"ANL-BAP-DUY-SIM-013-POV-03","properties":{"fid":759,"ID_POV":"ANL-BAP-DUY-SIM-013-POV-03","ID_TITIK":"ANL-BAP-DUY-SIM-013","UID":"UID-2516","ID_WEBGIS":"Simpang Hotel Pasifik 01","POV_KE":3,"LAT":1.152216,"LON":104.003244,"JARAK_M":40.9,"STATUS_POV":"baru","JML_POV":3,"POV_MEAN":31.7,"POV_MEDIAN":28.9,"POV_MIN":25.2,"POV_MAKS":40.9,"TIPE":"Bersinyal (ATCS + OSM)","JENIS":"Persimpangan","NAMA_JALAN":"Jalan Patimura","KELURAHAN":"SADAI","KECAMATAN":"BATAM KOTA","PRIORITAS":"TANPA PRIORITAS","SURVEYOR":"Rikrik","WAKTU":"2026-09-04T06:06:02.535Z","CARA_COCOK":"koordinat","JARAK_COCOK_M":2.0},"geometry":{"type":"Point","coordinates":[104.003244,1.152216]}},{"type":"Feature","id":"ANL-BAP-HPH-SIM-001-POV-01","properties":{"fid":760,"ID_POV":"ANL-BAP-HPH-SIM-001-POV-01","ID_TITIK":"ANL-BAP-HPH-SIM-001","UID":"UID-2513","ID_WEBGIS":"Simpang Holiday 01","POV_KE":1,"LAT":1.151715,"LON":104.006819,"JARAK_M":10.0,"STATUS_POV":"baru","JML_POV":3,"POV_MEAN":39.3,"POV_MEDIAN":51.1,"POV_MIN":10.0,"POV_MAKS":56.7,"TIPE":"Bersinyal (ATCS + OSM)","JENIS":"Persimpangan","NAMA_JALAN":"Jalan Patimura","KELURAHAN":"SADAI","KECAMATAN":"BATAM KOTA","PRIORITAS":"TANPA PRIORITAS","SURVEYOR":"Rikrik","WAKTU":"2026-09-04T06:08:18.931Z","CARA_COCOK":"koordinat","JARAK_COCOK_M":5.4},"geometry":{"type":"Point","coordinates":[104.006819,1.151715]}},{"type":"Feature","id":"ANL-BAP-HPH-SIM-001-POV-02","properties":{"fid":761,"ID_POV":"ANL-BAP-HPH-SIM-001-POV-02","ID_TITIK":"ANL-BAP-HPH-SIM-001","UID":"UID-2513","ID_WEBGIS":"Simpang Holiday 01","POV_KE":2,"LAT":1.15132,"LON":104.006944,"JARAK_M":51.1,"STATUS_POV":"baru","JML_POV":3,"POV_MEAN":39.3,"POV_MEDIAN":51.1,"POV_MIN":10.0,"POV_MAKS":56.7,"TIPE":"Bersinyal (ATCS + OSM)","JENIS":"Persimpangan","NAMA_JALAN":"Jalan Patimura","KELURAHAN":"SADAI","KECAMATAN":"BATAM KOTA","PRIORITAS":"TANPA PRIORITAS","SURVEYOR":"Rikrik","WAKTU":"2026-09-04T06:08:18.931Z","CARA_COCOK":"koordinat","JARAK_COCOK_M":5.4},"geometry":{"type":"Point","coordinates":[104.006944,1.15132]}},{"type":"Feature","id":"ANL-BAP-HPH-SIM-001-POV-03","properties":{"fid":762,"ID_POV":"ANL-BAP-HPH-SIM-001-POV-03","ID_TITIK":"ANL-BAP-HPH-SIM-001","UID":"UID-2513","ID_WEBGIS":"Simpang Holiday 01","POV_KE":3,"LAT":1.151503,"LON":104.007316,"JARAK_M":56.7,"STATUS_POV":"baru","JML_POV":3,"POV_MEAN":39.3,"POV_MEDIAN":51.1,"POV_MIN":10.0,"POV_MAKS":56.7,"TIPE":"Bersinyal (ATCS + OSM)","JENIS":"Persimpangan","NAMA_JALAN":"Jalan Patimura","KELURAHAN":"SADAI","KECAMATAN":"BATAM KOTA","PRIORITAS":"TANPA PRIORITAS","SURVEYOR":"Rikrik","WAKTU":"2026-09-04T06:08:18.931Z","CARA_COCOK":"koordinat","JARAK_COCOK_M":5.4},"geometry":{"type":"Point","coordinates":[104.007316,1.151503]}},{"type":"Feature","id":"ANL-BAP-RAH-SIM-016-POV-01","properties":{"fid":763,"ID_POV":"ANL-BAP-RAH-SIM-016-POV-01","ID_TITIK":"ANL-BAP-RAH-SIM-016","UID":"UID-2514","ID_WEBGIS":"Simpang Holiday 02","POV_KE":1,"LAT":1.151316,"LON":104.006935,"JARAK_M":30.9,"STATUS_POV":"baru","JML_POV":3,"POV_MEAN":32.8,"POV_MEDIAN":30.9,"POV_MIN":16.6,"POV_MAKS":51.0,"TIPE":"Bersinyal (ATCS + OSM)","JENIS":"Persimpangan","NAMA_JALAN":"Jalan Patimura","KELURAHAN":"SADAI","KECAMATAN":"BATAM KOTA","PRIORITAS":"TANPA PRIORITAS","SURVEYOR":"Rikrik","WAKTU":"2026-09-04T06:08:57.490Z","CARA_COCOK":"koordinat","JARAK_COCOK_M":3.4},"geometry":{"type":"Point","coordinates":[104.006935,1.151316]}},{"type":"Feature","id":"ANL-BAP-RAH-SIM-016-POV-02","properties":{"fid":764,"ID_POV":"ANL-BAP-RAH-SIM-016-POV-02","ID_TITIK":"ANL-BAP-RAH-SIM-016","UID":"UID-2514","ID_WEBGIS":"Simpang Holiday 02","POV_KE":2,"LAT":1.151694,"LON":104.006848,"JARAK_M":51.0,"STATUS_POV":"baru","JML_POV":3,"POV_MEAN":32.8,"POV_MEDIAN":30.9,"POV_MIN":16.6,"POV_MAKS":51.0,"TIPE":"Bersinyal (ATCS + OSM)","JENIS":"Persimpangan","NAMA_JALAN":"Jalan Patimura","KELURAHAN":"SADAI","KECAMATAN":"BATAM KOTA","PRIORITAS":"TANPA PRIORITAS","SURVEYOR":"Rikrik","WAKTU":"2026-09-04T06:08:57.490Z","CARA_COCOK":"koordinat","JARAK_COCOK_M":3.4},"geometry":{"type":"Point","coordinates":[104.006848,1.151694]}},{"type":"Feature","id":"ANL-BAP-RAH-SIM-016-POV-03","properties":{"fid":765,"ID_POV":"ANL-BAP-RAH-SIM-016-POV-03","ID_TITIK":"ANL-BAP-RAH-SIM-016","UID":"UID-2514","ID_WEBGIS":"Simpang Holiday 02","POV_KE":3,"LAT":1.151495,"LON":104.007315,"JARAK_M":16.6,"STATUS_POV":"baru","JML_POV":3,"POV_MEAN":32.8,"POV_MEDIAN":30.9,"POV_MIN":16.6,"POV_MAKS":51.0,"TIPE":"Bersinyal (ATCS + OSM)","JENIS":"Persimpangan","NAMA_JALAN":"Jalan Patimura","KELURAHAN":"SADAI","KECAMATAN":"BATAM KOTA","PRIORITAS":"TANPA PRIORITAS","SURVEYOR":"Rikrik","WAKTU":"2026-09-04T06:08:57.490Z","CARA_COCOK":"koordinat","JARAK_COCOK_M":3.4},"geometry":{"type":"Point","coordinates":[104.007315,1.151495]}},{"type":"Feature","id":"ANL-BAP-RAH-SIM-017-POV-01","properties":{"fid":766,"ID_POV":"ANL-BAP-RAH-SIM-017-POV-01","ID_TITIK":"ANL-BAP-RAH-SIM-017","UID":"UID-2515","ID_WEBGIS":"Simpang Holiday 03","POV_KE":1,"LAT":1.151694,"LON":104.006836,"JARAK_M":25.0,"STATUS_POV":"baru","JML_POV":3,"POV_MEAN":33.9,"POV_MEDIAN":25.0,"POV_MIN":22.2,"POV_MAKS":54.5,"TIPE":"Bersinyal (ATCS + OSM)","JENIS":"Persimpangan","NAMA_JALAN":"Jalan Patimura","KELURAHAN":"SADAI","KECAMATAN":"BATAM KOTA","PRIORITAS":"TANPA PRIORITAS","SURVEYOR":"Rikrik","WAKTU":"2026-09-04T06:09:35.709Z","CARA_COCOK":"koordinat","JARAK_COCOK_M":6.0},"geometry":{"type":"Point","coordinates":[104.006836,1.151694]}},{"type":"Feature","id":"ANL-BAP-RAH-SIM-017-POV-02","properties":{"fid":767,"ID_POV":"ANL-BAP-RAH-SIM-017-POV-02","ID_TITIK":"ANL-BAP-RAH-SIM-017","UID":"UID-2515","ID_WEBGIS":"Simpang Holiday 03","POV_KE":2,"LAT":1.15149,"LON":104.007314,"JARAK_M":54.5,"STATUS_POV":"baru","JML_POV":3,"POV_MEAN":33.9,"POV_MEDIAN":25.0,"POV_MIN":22.2,"POV_MAKS":54.5,"TIPE":"Bersinyal (ATCS + OSM)","JENIS":"Persimpangan","NAMA_JALAN":"Jalan Patimura","KELURAHAN":"SADAI","KECAMATAN":"BATAM KOTA","PRIORITAS":"TANPA PRIORITAS","SURVEYOR":"Rikrik","WAKTU":"2026-09-04T06:09:35.709Z","CARA_COCOK":"koordinat","JARAK_COCOK_M":6.0},"geometry":{"type":"Point","coordinates":[104.007314,1.15149]}},{"type":"Feature","id":"ANL-BAP-UFC-SIM-002-POV-01","properties":{"fid":768,"ID_POV":"ANL-BAP-UFC-SIM-002-POV-01","ID_TITIK":"ANL-BAP-UFC-SIM-002","UID":"UID-2520","ID_WEBGIS":"Sheraton Batam 01","POV_KE":1,"LAT":1.148464,"LON":104.006727,"JARAK_M":15.9,"STATUS_POV":"baru","JML_POV":3,"POV_MEAN":19.9,"POV_MEDIAN":19.0,"POV_MIN":15.9,"POV_MAKS":24.9,"TIPE":"Tidak Bersinyal","JENIS":"Persimpangan","NAMA_JALAN":"Jalan Patimura","KELURAHAN":"SADAI","KECAMATAN":"BATAM KOTA","PRIORITAS":"TANPA PRIORITAS","SURVEYOR":"Rikrik","WAKTU":"2026-09-04T06:12:35.681Z","CARA_COCOK":"koordinat","JARAK_COCOK_M":3.7},"geometry":{"type":"Point","coordinates":[104.006727,1.148464]}},{"type":"Feature","id":"ANL-BAP-UFC-SIM-002-POV-02","properties":{"fid":769,"ID_POV":"ANL-BAP-UFC-SIM-002-POV-02","ID_TITIK":"ANL-BAP-UFC-SIM-002","UID":"UID-2520","ID_WEBGIS":"Sheraton Batam 01","POV_KE":2,"LAT":1.148607,"LON":104.007,"JARAK_M":19.0,"STATUS_POV":"baru","JML_POV":3,"POV_MEAN":19.9,"POV_MEDIAN":19.0,"POV_MIN":15.9,"POV_MAKS":24.9,"TIPE":"Tidak Bersinyal","JENIS":"Persimpangan","NAMA_JALAN":"Jalan Patimura","KELURAHAN":"SADAI","KECAMATAN":"BATAM KOTA","PRIORITAS":"TANPA PRIORITAS","SURVEYOR":"Rikrik","WAKTU":"2026-09-04T06:12:35.681Z","CARA_COCOK":"koordinat","JARAK_COCOK_M":3.7},"geometry":{"type":"Point","coordinates":[104.007,1.148607]}},{"type":"Feature","id":"ANL-BAP-UFC-SIM-002-POV-03","properties":{"fid":770,"ID_POV":"ANL-BAP-UFC-SIM-002-POV-03","ID_TITIK":"ANL-BAP-UFC-SIM-002","UID":"UID-2520","ID_WEBGIS":"Sheraton Batam 01","POV_KE":3,"LAT":1.148363,"LON":104.006953,"JARAK_M":24.9,"STATUS_POV":"baru","JML_POV":3,"POV_MEAN":19.9,"POV_MEDIAN":19.0,"POV_MIN":15.9,"POV_MAKS":24.9,"TIPE":"Tidak Bersinyal","JENIS":"Persimpangan","NAMA_JALAN":"Jalan Patimura","KELURAHAN":"SADAI","KECAMATAN":"BATAM KOTA","PRIORITAS":"TANPA PRIORITAS","SURVEYOR":"Rikrik","WAKTU":"2026-09-04T06:12:35.681Z","CARA_COCOK":"koordinat","JARAK_COCOK_M":3.7},"geometry":{"type":"Point","coordinates":[104.006953,1.148363]}},{"type":"Feature","id":"ANL-BAP-UFC-SIM-001-POV-01","properties":{"fid":771,"ID_POV":"ANL-BAP-UFC-SIM-001-POV-01","ID_TITIK":"ANL-BAP-UFC-SIM-001","UID":"UID-2519","ID_WEBGIS":"Sheraton Batam 02","POV_KE":1,"LAT":1.14863,"LON":104.007002,"JARAK_M":11.6,"STATUS_POV":"baru","JML_POV":3,"POV_MEAN":24.8,"POV_MEDIAN":22.9,"POV_MIN":11.6,"POV_MAKS":40.0,"TIPE":"Tidak Bersinyal","JENIS":"Persimpangan","NAMA_JALAN":"Jalan Patimura","KELURAHAN":"SADAI","KECAMATAN":"BATAM KOTA","PRIORITAS":"TANPA PRIORITAS","SURVEYOR":"Rikrik","WAKTU":"2026-09-04T06:13:10.492Z","CARA_COCOK":"koordinat","JARAK_COCOK_M":3.4},"geometry":{"type":"Point","coordinates":[104.007002,1.14863]}},{"type":"Feature","id":"ANL-BAP-UFC-SIM-001-POV-02","properties":{"fid":772,"ID_POV":"ANL-BAP-UFC-SIM-001-POV-02","ID_TITIK":"ANL-BAP-UFC-SIM-001","UID":"UID-2519","ID_WEBGIS":"Sheraton Batam 02","POV_KE":2,"LAT":1.148469,"LON":104.006725,"JARAK_M":40.0,"STATUS_POV":"baru","JML_POV":3,"POV_MEAN":24.8,"POV_MEDIAN":22.9,"POV_MIN":11.6,"POV_MAKS":40.0,"TIPE":"Tidak Bersinyal","JENIS":"Persimpangan","NAMA_JALAN":"Jalan Patimura","KELURAHAN":"SADAI","KECAMATAN":"BATAM KOTA","PRIORITAS":"TANPA PRIORITAS","SURVEYOR":"Rikrik","WAKTU":"2026-09-04T06:13:10.492Z","CARA_COCOK":"koordinat","JARAK_COCOK_M":3.4},"geometry":{"type":"Point","coordinates":[104.006725,1.148469]}},{"type":"Feature","id":"ANL-BAP-UFC-SIM-001-POV-03","properties":{"fid":773,"ID_POV":"ANL-BAP-UFC-SIM-001-POV-03","ID_TITIK":"ANL-BAP-UFC-SIM-001","UID":"UID-2519","ID_WEBGIS":"Sheraton Batam 02","POV_KE":3,"LAT":1.148383,"LON":104.006961,"JARAK_M":22.9,"STATUS_POV":"baru","JML_POV":3,"POV_MEAN":24.8,"POV_MEDIAN":22.9,"POV_MIN":11.6,"POV_MAKS":40.0,"TIPE":"Tidak Bersinyal","JENIS":"Persimpangan","NAMA_JALAN":"Jalan Patimura","KELURAHAN":"SADAI","KECAMATAN":"BATAM KOTA","PRIORITAS":"TANPA PRIORITAS","SURVEYOR":"Rikrik","WAKTU":"2026-09-04T06:13:10.492Z","CARA_COCOK":"koordinat","JARAK_COCOK_M":3.4},"geometry":{"type":"Point","coordinates":[104.006961,1.148383]}},{"type":"Feature","id":"ANL-LBJ-BCE-SIM-001-POV-01","properties":{"fid":774,"ID_POV":"ANL-LBJ-BCE-SIM-001-POV-01","ID_TITIK":"ANL-LBJ-BCE-SIM-001","UID":"UID-2522","ID_WEBGIS":"Sheraton Batam 03","POV_KE":1,"LAT":1.148626,"LON":104.007002,"JARAK_M":29.9,"STATUS_POV":"baru","JML_POV":3,"POV_MEAN":29.5,"POV_MEDIAN":29.9,"POV_MIN":16.8,"POV_MAKS":41.7,"TIPE":"Tidak Bersinyal","JENIS":"Persimpangan","NAMA_JALAN":"Jalan Patimura","KELURAHAN":"SADAI","KECAMATAN":"BATAM KOTA","PRIORITAS":"TANPA PRIORITAS","SURVEYOR":"Rikrik","WAKTU":"2026-09-04T06:13:41.879Z","CARA_COCOK":"koordinat","JARAK_COCOK_M":2.3},"geometry":{"type":"Point","coordinates":[104.007002,1.148626]}},{"type":"Feature","id":"ANL-LBJ-BCE-SIM-001-POV-02","properties":{"fid":775,"ID_POV":"ANL-LBJ-BCE-SIM-001-POV-02","ID_TITIK":"ANL-LBJ-BCE-SIM-001","UID":"UID-2522","ID_WEBGIS":"Sheraton Batam 03","POV_KE":2,"LAT":1.148468,"LON":104.006734,"JARAK_M":41.7,"STATUS_POV":"baru","JML_POV":3,"POV_MEAN":29.5,"POV_MEDIAN":29.9,"POV_MIN":16.8,"POV_MAKS":41.7,"TIPE":"Tidak Bersinyal","JENIS":"Persimpangan","NAMA_JALAN":"Jalan Patimura","KELURAHAN":"SADAI","KECAMATAN":"BATAM KOTA","PRIORITAS":"TANPA PRIORITAS","SURVEYOR":"Rikrik","WAKTU":"2026-09-04T06:13:41.879Z","CARA_COCOK":"koordinat","JARAK_COCOK_M":2.3},"geometry":{"type":"Point","coordinates":[104.006734,1.148468]}},{"type":"Feature","id":"ANL-LBJ-BCE-SIM-001-POV-03","properties":{"fid":776,"ID_POV":"ANL-LBJ-BCE-SIM-001-POV-03","ID_TITIK":"ANL-LBJ-BCE-SIM-001","UID":"UID-2522","ID_WEBGIS":"Sheraton Batam 03","POV_KE":3,"LAT":1.148354,"LON":104.006947,"JARAK_M":16.8,"STATUS_POV":"baru","JML_POV":3,"POV_MEAN":29.5,"POV_MEDIAN":29.9,"POV_MIN":16.8,"POV_MAKS":41.7,"TIPE":"Tidak Bersinyal","JENIS":"Persimpangan","NAMA_JALAN":"Jalan Patimura","KELURAHAN":"SADAI","KECAMATAN":"BATAM KOTA","PRIORITAS":"TANPA PRIORITAS","SURVEYOR":"Rikrik","WAKTU":"2026-09-04T06:13:41.879Z","CARA_COCOK":"koordinat","JARAK_COCOK_M":2.3},"geometry":{"type":"Point","coordinates":[104.006947,1.148354]}},{"type":"Feature","id":"ANL-LBJ-UFC-SIM-004-POV-01","properties":{"fid":777,"ID_POV":"ANL-LBJ-UFC-SIM-004-POV-01","ID_TITIK":"ANL-LBJ-UFC-SIM-004","UID":"UID-2521","ID_WEBGIS":"Sheraton Batam 04","POV_KE":1,"LAT":1.148618,"LON":104.006997,"JARAK_M":34.3,"STATUS_POV":"baru","JML_POV":3,"POV_MEAN":20.9,"POV_MEDIAN":15.9,"POV_MIN":12.5,"POV_MAKS":34.3,"TIPE":"Tidak Bersinyal","JENIS":"Persimpangan","NAMA_JALAN":"Jalan Patimura","KELURAHAN":"SADAI","KECAMATAN":"BATAM KOTA","PRIORITAS":"TANPA PRIORITAS","SURVEYOR":"Rikrik","WAKTU":"2026-09-04T06:14:15.086Z","CARA_COCOK":"koordinat","JARAK_COCOK_M":2.0},"geometry":{"type":"Point","coordinates":[104.006997,1.148618]}},{"type":"Feature","id":"ANL-LBJ-UFC-SIM-004-POV-02","properties":{"fid":778,"ID_POV":"ANL-LBJ-UFC-SIM-004-POV-02","ID_TITIK":"ANL-LBJ-UFC-SIM-004","UID":"UID-2521","ID_WEBGIS":"Sheraton Batam 04","POV_KE":2,"LAT":1.148346,"LON":104.006943,"JARAK_M":12.5,"STATUS_POV":"baru","JML_POV":3,"POV_MEAN":20.9,"POV_MEDIAN":15.9,"POV_MIN":12.5,"POV_MAKS":34.3,"TIPE":"Tidak Bersinyal","JENIS":"Persimpangan","NAMA_JALAN":"Jalan Patimura","KELURAHAN":"SADAI","KECAMATAN":"BATAM KOTA","PRIORITAS":"TANPA PRIORITAS","SURVEYOR":"Rikrik","WAKTU":"2026-09-04T06:14:15.086Z","CARA_COCOK":"koordinat","JARAK_COCOK_M":2.0},"geometry":{"type":"Point","coordinates":[104.006943,1.148346]}},{"type":"Feature","id":"ANL-LBJ-UFC-SIM-004-POV-03","properties":{"fid":779,"ID_POV":"ANL-LBJ-UFC-SIM-004-POV-03","ID_TITIK":"ANL-LBJ-UFC-SIM-004","UID":"UID-2521","ID_WEBGIS":"Sheraton Batam 04","POV_KE":3,"LAT":1.148468,"LON":104.00674,"JARAK_M":15.9,"STATUS_POV":"baru","JML_POV":3,"POV_MEAN":20.9,"POV_MEDIAN":15.9,"POV_MIN":12.5,"POV_MAKS":34.3,"TIPE":"Tidak Bersinyal","JENIS":"Persimpangan","NAMA_JALAN":"Jalan Patimura","KELURAHAN":"SADAI","KECAMATAN":"BATAM KOTA","PRIORITAS":"TANPA PRIORITAS","SURVEYOR":"Rikrik","WAKTU":"2026-09-04T06:14:15.086Z","CARA_COCOK":"koordinat","JARAK_COCOK_M":2.0},"geometry":{"type":"Point","coordinates":[104.00674,1.148468]}},{"type":"Feature","id":"ANL-BTK-LBI-SIM-011-POV-01","properties":{"fid":780,"ID_POV":"ANL-BTK-LBI-SIM-011-POV-01","ID_TITIK":"ANL-BTK-LBI-SIM-011","UID":"UID-2534","ID_WEBGIS":"ANL-FIN-001","POV_KE":1,"LAT":1.120753,"LON":104.034157,"JARAK_M":30.9,"STATUS_POV":"baru","JML_POV":3,"POV_MEAN":31.5,"POV_MEDIAN":30.9,"POV_MIN":26.8,"POV_MAKS":36.9,"TIPE":"Tidak Bersinyal","JENIS":"Persimpangan","NAMA_JALAN":"Jl. Laksamana Bintan","KELURAHAN":"TELUK TERING","KECAMATAN":"BATAM KOTA","PRIORITAS":"TANPA PRIORITAS","SURVEYOR":"Rikrik","WAKTU":"2026-09-06T10:43:44.471Z","CARA_COCOK":"ID","JARAK_COCOK_M":0.0},"geometry":{"type":"Point","coordinates":[104.034157,1.120753]}},{"type":"Feature","id":"ANL-BTK-LBI-SIM-011-POV-02","properties":{"fid":781,"ID_POV":"ANL-BTK-LBI-SIM-011-POV-02","ID_TITIK":"ANL-BTK-LBI-SIM-011","UID":"UID-2534","ID_WEBGIS":"ANL-FIN-001","POV_KE":2,"LAT":1.121131,"LON":104.03401,"JARAK_M":26.8,"STATUS_POV":"baru","JML_POV":3,"POV_MEAN":31.5,"POV_MEDIAN":30.9,"POV_MIN":26.8,"POV_MAKS":36.9,"TIPE":"Tidak Bersinyal","JENIS":"Persimpangan","NAMA_JALAN":"Jl. Laksamana Bintan","KELURAHAN":"TELUK TERING","KECAMATAN":"BATAM KOTA","PRIORITAS":"TANPA PRIORITAS","SURVEYOR":"Rikrik","WAKTU":"2026-09-06T10:43:44.471Z","CARA_COCOK":"ID","JARAK_COCOK_M":0.0},"geometry":{"type":"Point","coordinates":[104.03401,1.121131]}},{"type":"Feature","id":"ANL-BTK-LBI-SIM-011-POV-03","properties":{"fid":782,"ID_POV":"ANL-BTK-LBI-SIM-011-POV-03","ID_TITIK":"ANL-BTK-LBI-SIM-011","UID":"UID-2534","ID_WEBGIS":"ANL-FIN-001","POV_KE":3,"LAT":1.120788,"LON":104.033991,"JARAK_M":36.9,"STATUS_POV":"baru","JML_POV":3,"POV_MEAN":31.5,"POV_MEDIAN":30.9,"POV_MIN":26.8,"POV_MAKS":36.9,"TIPE":"Tidak Bersinyal","JENIS":"Persimpangan","NAMA_JALAN":"Jl. Laksamana Bintan","KELURAHAN":"TELUK TERING","KECAMATAN":"BATAM KOTA","PRIORITAS":"TANPA PRIORITAS","SURVEYOR":"Rikrik","WAKTU":"2026-09-06T10:43:44.471Z","CARA_COCOK":"ID","JARAK_COCOK_M":0.0},"geometry":{"type":"Point","coordinates":[104.033991,1.120788]}},{"type":"Feature","id":"ANL-BTK-JAY-SIM-153-POV-01","properties":{"ID_POV":"ANL-BTK-JAY-SIM-153-POV-01","ID_TITIK":"ANL-BTK-JAY-SIM-153","UID":"UID-2535","ID_WEBGIS":"ANL-BTK-JAY-SIM-153","POV_KE":1,"LON":104.04631086,"LAT":1.11755336,"STATUS_POV":"baru","SURVEYOR":"Fitrah Ramadhan","WAKTU":"2026-09-07T14:14:02.589Z","CARA_COCOK":"WebGIS","NAMA_JALAN":"Jl. Ahmad Yani","KELURAHAN":"TAMAN BALOI","KECAMATAN":"BATAM KOTA","TIPE":"Simpang Bersinyal","JARAK_M":83.9,"JML_POV":3,"POV_MEAN":66.3,"POV_MEDIAN":75.9,"POV_MAKS":83.9,"POV_MIN":39.2},"geometry":{"type":"Point","coordinates":[104.04631086,1.11755336]}},{"type":"Feature","id":"ANL-BTK-JAY-SIM-153-POV-02","properties":{"ID_POV":"ANL-BTK-JAY-SIM-153-POV-02","ID_TITIK":"ANL-BTK-JAY-SIM-153","UID":"UID-2535","ID_WEBGIS":"ANL-BTK-JAY-SIM-153","POV_KE":2,"LON":104.04624313,"LAT":1.11789794,"STATUS_POV":"baru","SURVEYOR":"Fitrah Ramadhan","WAKTU":"2026-09-07T14:14:47.934Z","CARA_COCOK":"WebGIS","NAMA_JALAN":"Jl. Ahmad Yani","KELURAHAN":"TAMAN BALOI","KECAMATAN":"BATAM KOTA","TIPE":"Simpang Bersinyal","JARAK_M":75.9,"JML_POV":3,"POV_MEAN":66.3,"POV_MEDIAN":75.9,"POV_MAKS":83.9,"POV_MIN":39.2},"geometry":{"type":"Point","coordinates":[104.04624313,1.11789794]}},{"type":"Feature","id":"ANL-BTK-JAY-SIM-153-POV-03","properties":{"ID_POV":"ANL-BTK-JAY-SIM-153-POV-03","ID_TITIK":"ANL-BTK-JAY-SIM-153","UID":"UID-2535","ID_WEBGIS":"ANL-BTK-JAY-SIM-153","POV_KE":3,"LON":104.04583544,"LAT":1.11798107,"STATUS_POV":"baru","SURVEYOR":"Fitrah Ramadhan","WAKTU":"2026-09-07T14:15:14.366Z","CARA_COCOK":"WebGIS","NAMA_JALAN":"Jl. Ahmad Yani","KELURAHAN":"TAMAN BALOI","KECAMATAN":"BATAM KOTA","TIPE":"Simpang Bersinyal","JARAK_M":39.2,"JML_POV":3,"POV_MEAN":66.3,"POV_MEDIAN":75.9,"POV_MAKS":83.9,"POV_MIN":39.2},"geometry":{"type":"Point","coordinates":[104.04583544,1.11798107]}},{"type":"Feature","id":"ANL-BTK-JAY-SIM-154-POV-01","properties":{"ID_POV":"ANL-BTK-JAY-SIM-154-POV-01","ID_TITIK":"ANL-BTK-JAY-SIM-154","UID":"UID-2536","ID_WEBGIS":"ANL-BTK-JAY-SIM-154","POV_KE":1,"LON":104.04585958,"LAT":1.11800252,"STATUS_POV":"baru","SURVEYOR":"Fitrah Ramadhan","WAKTU":"2026-09-07T14:18:10.594Z","CARA_COCOK":"WebGIS","NAMA_JALAN":"Jl. Ahmad Yani","KELURAHAN":"Teluk Tering","KECAMATAN":"BATAM KOTA","JENIS":"Persimpangan","JARAK_M":75.3,"JML_POV":3,"POV_MEAN":63.5,"POV_MEDIAN":75.3,"POV_MAKS":76.6,"POV_MIN":38.5},"geometry":{"type":"Point","coordinates":[104.04585958,1.11800252]}},{"type":"Feature","id":"ANL-BTK-JAY-SIM-154-POV-02","properties":{"ID_POV":"ANL-BTK-JAY-SIM-154-POV-02","ID_TITIK":"ANL-BTK-JAY-SIM-154","UID":"UID-2536","ID_WEBGIS":"ANL-BTK-JAY-SIM-154","POV_KE":2,"LON":104.0458231,"LAT":1.11765714,"STATUS_POV":"baru","SURVEYOR":"Fitrah Ramadhan","WAKTU":"2026-09-07T14:18:41.915Z","CARA_COCOK":"WebGIS","NAMA_JALAN":"Jl. Ahmad Yani","KELURAHAN":"Teluk Tering","KECAMATAN":"BATAM KOTA","JENIS":"Persimpangan","JARAK_M":76.6,"JML_POV":3,"POV_MEAN":63.5,"POV_MEDIAN":75.3,"POV_MAKS":76.6,"POV_MIN":38.5},"geometry":{"type":"Point","coordinates":[104.0458231,1.11765714]}},{"type":"Feature","id":"ANL-BTK-JAY-SIM-154-POV-03","properties":{"ID_POV":"ANL-BTK-JAY-SIM-154-POV-03","ID_TITIK":"ANL-BTK-JAY-SIM-154","UID":"UID-2536","ID_WEBGIS":"ANL-BTK-JAY-SIM-154","POV_KE":3,"LON":104.046278,"LAT":1.1175177,"STATUS_POV":"baru","SURVEYOR":"Fitrah Ramadhan","WAKTU":"2026-09-07T14:19:36.100Z","CARA_COCOK":"WebGIS","NAMA_JALAN":"Jl. Ahmad Yani","KELURAHAN":"Teluk Tering","KECAMATAN":"BATAM KOTA","JENIS":"Persimpangan","JARAK_M":38.5,"JML_POV":3,"POV_MEAN":63.5,"POV_MEDIAN":75.3,"POV_MAKS":76.6,"POV_MIN":38.5},"geometry":{"type":"Point","coordinates":[104.046278,1.1175177]}},{"type":"Feature","id":"ANL-BTK-YSU-SIM-001-POV-01","properties":{"ID_POV":"ANL-BTK-YSU-SIM-001-POV-01","ID_TITIK":"ANL-BTK-YSU-SIM-001","UID":"UID-1293","ID_WEBGIS":"ANL-BTK-YSU-SIM-001","POV_KE":1,"LON":104.01822171,"LAT":1.13123819,"STATUS_POV":"baru","SURVEYOR":"","WAKTU":"2026-09-07T14:42:08.447Z","CARA_COCOK":"WebGIS","NAMA_JALAN":"Jl. Yos Sudarso","KELURAHAN":"SEI PANAS","KECAMATAN":"BATAM KOTA","JENIS":"Persimpangan","TIPE":"Simpang Bersinyal","JARAK_M":35.2,"JML_POV":3,"POV_MEAN":67.7,"POV_MEDIAN":83.7,"POV_MAKS":84.1,"POV_MIN":35.2},"geometry":{"type":"Point","coordinates":[104.01822171,1.13123819]}},{"type":"Feature","id":"ANL-BTK-YSU-SIM-001-POV-02","properties":{"ID_POV":"ANL-BTK-YSU-SIM-001-POV-02","ID_TITIK":"ANL-BTK-YSU-SIM-001","UID":"UID-1293","ID_WEBGIS":"ANL-BTK-YSU-SIM-001","POV_KE":2,"LON":104.0176239,"LAT":1.13108953,"STATUS_POV":"baru","SURVEYOR":"","WAKTU":"2026-09-07T14:42:33.031Z","CARA_COCOK":"WebGIS","NAMA_JALAN":"Jl. Yos Sudarso","KELURAHAN":"SEI PANAS","KECAMATAN":"BATAM KOTA","JENIS":"Persimpangan","TIPE":"Simpang Bersinyal","JARAK_M":84.1,"JML_POV":3,"POV_MEAN":67.7,"POV_MEDIAN":83.7,"POV_MAKS":84.1,"POV_MIN":35.2},"geometry":{"type":"Point","coordinates":[104.0176239,1.13108953]}},{"type":"Feature","id":"ANL-BTK-YSU-SIM-001-POV-03","properties":{"ID_POV":"ANL-BTK-YSU-SIM-001-POV-03","ID_TITIK":"ANL-BTK-YSU-SIM-001","UID":"UID-1293","ID_WEBGIS":"ANL-BTK-YSU-SIM-001","POV_KE":3,"LON":104.01777867,"LAT":1.13142628,"STATUS_POV":"baru","SURVEYOR":"","WAKTU":"2026-09-07T14:42:52.926Z","CARA_COCOK":"WebGIS","NAMA_JALAN":"Jl. Yos Sudarso","KELURAHAN":"SEI PANAS","KECAMATAN":"BATAM KOTA","JENIS":"Persimpangan","TIPE":"Simpang Bersinyal","JARAK_M":83.7,"JML_POV":3,"POV_MEAN":67.7,"POV_MEDIAN":83.7,"POV_MAKS":84.1,"POV_MIN":35.2},"geometry":{"type":"Point","coordinates":[104.01777867,1.13142628]}},{"type":"Feature","id":"ANL-BAP-RAH-SIM-019-POV-03","properties":{"ID_POV":"ANL-BAP-RAH-SIM-019-POV-03","ID_TITIK":"ANL-BAP-RAH-SIM-019","UID":"UID-2518","ID_WEBGIS":"ANL-BAP-RAH-SIM-019","POV_KE":3,"LON":104.00324723,"LAT":1.15233298,"STATUS_POV":"baru","SURVEYOR":"","WAKTU":"2026-09-08T00:53:52.205Z","CARA_COCOK":"WebGIS","NAMA_JALAN":"Jl. Raja Ali Haji","KELURAHAN":"SEI JODOH","KECAMATAN":"BATU AMPAR","JENIS":"Persimpangan","TIPE":"Simpang Tak Bersinyal","JARAK_M":21.9,"JML_POV":3,"POV_MEAN":24.1,"POV_MEDIAN":21.9,"POV_MAKS":38.6,"POV_MIN":11.8},"geometry":{"type":"Point","coordinates":[104.00324723,1.15233298]}},{"type":"Feature","id":"ANL-NGS-HLK-SIM-010-POV-03","properties":{"ID_POV":"ANL-NGS-HLK-SIM-010-POV-03","ID_TITIK":"ANL-NGS-HLK-SIM-010","UID":"UID-1554","ID_WEBGIS":"ANL-NGS-HLK-SIM-010","POV_KE":3,"LON":104.08233225,"LAT":1.16794334,"STATUS_POV":"baru","SURVEYOR":"","WAKTU":"2026-09-08T01:01:06.097Z","CARA_COCOK":"WebGIS","NAMA_JALAN":"Jl. Hang Lekiu","KELURAHAN":"SAMBAU","KECAMATAN":"NONGSA","JENIS":"Persimpangan","TIPE":"Simpang Tak Bersinyal","JARAK_M":71.2,"JML_POV":3,"POV_MEAN":51.4,"POV_MEDIAN":42.7,"POV_MAKS":71.2,"POV_MIN":40.3},"geometry":{"type":"Point","coordinates":[104.08233225,1.16794334]}},{"type":"Feature","id":"ANL-NGS-SHA-SIM-002-POV-03","properties":{"ID_POV":"ANL-NGS-SHA-SIM-002-POV-03","ID_TITIK":"ANL-NGS-SHA-SIM-002","UID":"UID-1687","ID_WEBGIS":"ANL-NGS-SHA-SIM-002","POV_KE":3,"LON":104.1295284,"LAT":1.04454053,"STATUS_POV":"baru","SURVEYOR":"","WAKTU":"2026-09-08T01:02:52.666Z","CARA_COCOK":"WebGIS","NAMA_JALAN":"Jl. Pattimura","KELURAHAN":"KABIL","KECAMATAN":"NONGSA","JENIS":"Persimpangan","TIPE":"Simpang Tak Bersinyal","JARAK_M":19.7,"JML_POV":3,"POV_MEAN":22.3,"POV_MEDIAN":19.7,"POV_MAKS":32.2,"POV_MIN":15.1},"geometry":{"type":"Point","coordinates":[104.1295284,1.04454053]}},{"type":"Feature","id":"ANL-SKP-SK1-SIM-004-POV-03","properties":{"ID_POV":"ANL-SKP-SK1-SIM-004-POV-03","ID_TITIK":"ANL-SKP-SK1-SIM-004","UID":"UID-2300","ID_WEBGIS":"ANL-SKP-SK1-SIM-004","POV_KE":3,"LON":103.94164637,"LAT":1.1092776,"STATUS_POV":"baru","SURVEYOR":"","WAKTU":"2026-09-08T01:05:03.247Z","CARA_COCOK":"WebGIS","NAMA_JALAN":"Jl. Kawasan Industri Sekupang","KELURAHAN":"TANJUNG PINGGIR","KECAMATAN":"SEKUPANG","JENIS":"Persimpangan","TIPE":"Simpang Tak Bersinyal","JARAK_M":11.1,"JML_POV":3,"POV_MEAN":17.2,"POV_MEDIAN":13.1,"POV_MAKS":27.5,"POV_MIN":11.1},"geometry":{"type":"Point","coordinates":[103.94164637,1.1092776]}},{"type":"Feature","id":"PWK-BTK-H01-SIM-001-POV-03","properties":{"ID_POV":"PWK-BTK-H01-SIM-001-POV-03","ID_TITIK":"PWK-BTK-H01-SIM-001","UID":"UID-2326","ID_WEBGIS":"PWK-BTK-H01-SIM-001","POV_KE":3,"LON":104.04736429,"LAT":1.13001922,"STATUS_POV":"baru","SURVEYOR":"","WAKTU":"2026-09-08T01:34:08.810Z","CARA_COCOK":"WebGIS","NAMA_JALAN":"Jl. Engku Putri","KELURAHAN":"TELUK TERING","KECAMATAN":"BATAM KOTA","JENIS":"Persimpangan","TIPE":"Simpang Bersinyal","JARAK_M":22.7,"JML_POV":3,"POV_MEAN":34.7,"POV_MEDIAN":40.4,"POV_MAKS":41.0,"POV_MIN":22.7},"geometry":{"type":"Point","coordinates":[104.04736429,1.13001922]}},{"type":"Feature","id":"PWK-BTK-JAY-SIM-001-POV-03","properties":{"ID_POV":"PWK-BTK-JAY-SIM-001-POV-03","ID_TITIK":"PWK-BTK-JAY-SIM-001","UID":"UID-2337","ID_WEBGIS":"PWK-BTK-JAY-SIM-001","POV_KE":3,"LON":104.04628013,"LAT":1.11750863,"STATUS_POV":"baru","SURVEYOR":"","WAKTU":"2026-09-08T01:36:03.220Z","CARA_COCOK":"WebGIS","NAMA_JALAN":"Jl. Jend. Ahmad Yani","KELURAHAN":"BALOI PERMAI","KECAMATAN":"BATAM KOTA","JENIS":"Persimpangan","TIPE":"Simpang Bersinyal","JARAK_M":18.9,"JML_POV":3,"POV_MEAN":51.7,"POV_MEDIAN":61.4,"POV_MAKS":74.7,"POV_MIN":18.9},"geometry":{"type":"Point","coordinates":[104.04628013,1.11750863]}},{"type":"Feature","id":"PWK-BTK-PBA-SIM-005-POV-03","properties":{"ID_POV":"PWK-BTK-PBA-SIM-005-POV-03","ID_TITIK":"PWK-BTK-PBA-SIM-005","UID":"UID-2366","ID_WEBGIS":"PWK-BTK-PBA-SIM-005","POV_KE":3,"LON":104.05123901,"LAT":1.11535447,"STATUS_POV":"baru","SURVEYOR":"","WAKTU":"2026-09-08T01:40:50.956Z","CARA_COCOK":"WebGIS","NAMA_JALAN":"Jl. Laksamana Bintan","KELURAHAN":"TELUK TERING","KECAMATAN":"BATAM KOTA","JENIS":"Persimpangan","TIPE":"Simpang Bersinyal","JARAK_M":16.6,"JML_POV":3,"POV_MEAN":26.0,"POV_MEDIAN":27.1,"POV_MAKS":34.4,"POV_MIN":16.6},"geometry":{"type":"Point","coordinates":[104.05123901,1.11535447]}},{"type":"Feature","id":"ANL-BAP-RAH-SIM-017-POV-03","properties":{"ID_POV":"ANL-BAP-RAH-SIM-017-POV-03","ID_TITIK":"ANL-BAP-RAH-SIM-017","UID":"UID-2515","ID_WEBGIS":"ANL-BAP-RAH-SIM-017","POV_KE":3,"LON":104.0069422,"LAT":1.15130828,"STATUS_POV":"baru","SURVEYOR":"","WAKTU":"2026-09-08T01:41:41.132Z","CARA_COCOK":"WebGIS","NAMA_JALAN":"Jl. Raja Ali Haji","KELURAHAN":"SEI JODOH","KECAMATAN":"BATU AMPAR","JENIS":"Persimpangan","TIPE":"Simpang Bersinyal","JARAK_M":22.2,"JML_POV":3,"POV_MEAN":33.9,"POV_MEDIAN":25.0,"POV_MAKS":54.5,"POV_MIN":22.2},"geometry":{"type":"Point","coordinates":[104.0069422,1.15130828]}},{"type":"Feature","id":"PWK-BTK-H01-SIM-002-POV-03","properties":{"ID_POV":"PWK-BTK-H01-SIM-002-POV-03","ID_TITIK":"PWK-BTK-H01-SIM-002","UID":"UID-2327","ID_WEBGIS":"PWK-BTK-H01-SIM-002","POV_KE":3,"LON":104.04896826,"LAT":1.13191246,"STATUS_POV":"baru","SURVEYOR":"","WAKTU":"2026-09-08T01:42:23.366Z","CARA_COCOK":"WebGIS","NAMA_JALAN":"Jl. Ibnu Sutowo","KELURAHAN":"TELUK TERING","KECAMATAN":"BATAM KOTA","JENIS":"Persimpangan","TIPE":"Simpang Tak Bersinyal","JARAK_M":12.8,"JML_POV":3,"POV_MEAN":19.8,"POV_MEDIAN":17.3,"POV_MAKS":29.3,"POV_MIN":12.8},"geometry":{"type":"Point","coordinates":[104.04896826,1.13191246]}},{"type":"Feature","id":"PWK-BTK-ISU-SIM-001-POV-03","properties":{"ID_POV":"PWK-BTK-ISU-SIM-001-POV-03","ID_TITIK":"PWK-BTK-ISU-SIM-001","UID":"UID-2332","ID_WEBGIS":"PWK-BTK-ISU-SIM-001","POV_KE":3,"LON":104.0536458,"LAT":1.12995025,"STATUS_POV":"baru","SURVEYOR":"","WAKTU":"2026-09-08T01:44:36.369Z","CARA_COCOK":"WebGIS","NAMA_JALAN":"Jl. Ibnu Sutowo","KELURAHAN":"TELUK TERING","KECAMATAN":"BATAM KOTA","JENIS":"Persimpangan","TIPE":"Simpang Tak Bersinyal","JARAK_M":128.1,"JML_POV":3,"POV_MEAN":74.1,"POV_MEDIAN":47.5,"POV_MAKS":128.1,"POV_MIN":46.6},"geometry":{"type":"Point","coordinates":[104.0536458,1.12995025]}},{"type":"Feature","id":"PWK-BTK-JAY-SIM-002-POV-03","properties":{"ID_POV":"PWK-BTK-JAY-SIM-002-POV-03","ID_TITIK":"PWK-BTK-JAY-SIM-002","UID":"UID-2338","ID_WEBGIS":"PWK-BTK-JAY-SIM-002","POV_KE":3,"LON":104.0462862,"LAT":1.11790687,"STATUS_POV":"baru","SURVEYOR":"","WAKTU":"2026-09-08T01:45:44.620Z","CARA_COCOK":"WebGIS","NAMA_JALAN":"Jl. Jend. Ahmad Yani","KELURAHAN":"TELUK TERING","KECAMATAN":"BATAM KOTA","JENIS":"Persimpangan","TIPE":"Simpang Tak Bersinyal","JARAK_M":49.8,"JML_POV":3,"POV_MEAN":61.0,"POV_MEDIAN":54.5,"POV_MAKS":78.6,"POV_MIN":49.8},"geometry":{"type":"Point","coordinates":[104.0462862,1.11790687]}},{"type":"Feature","id":"PWK-BTK-ABU-SIM-002-POV-03","properties":{"ID_POV":"PWK-BTK-ABU-SIM-002-POV-03","ID_TITIK":"PWK-BTK-ABU-SIM-002","UID":"UID-2320","ID_WEBGIS":"PWK-BTK-ABU-SIM-002","POV_KE":3,"LON":104.07914001,"LAT":1.10702237,"STATUS_POV":"baru","SURVEYOR":"","WAKTU":"2026-09-08T01:46:48.829Z","CARA_COCOK":"WebGIS","NAMA_JALAN":"Jl. Selasih","KELURAHAN":"BELIAN","KECAMATAN":"BATAM KOTA","JENIS":"Persimpangan","TIPE":"Simpang Tak Bersinyal","JARAK_M":28.8,"JML_POV":3,"POV_MEAN":47.9,"POV_MEDIAN":55.1,"POV_MAKS":59.7,"POV_MIN":28.8},"geometry":{"type":"Point","coordinates":[104.07914001,1.10702237]}},{"type":"Feature","id":"PWK-BTK-PBA-SIM-001-POV-03","properties":{"ID_POV":"PWK-BTK-PBA-SIM-001-POV-03","ID_TITIK":"PWK-BTK-PBA-SIM-001","UID":"UID-2362","ID_WEBGIS":"PWK-BTK-PBA-SIM-001","POV_KE":3,"LON":104.0504026,"LAT":1.12105459,"STATUS_POV":"baru","SURVEYOR":"","WAKTU":"2026-09-08T01:47:22.542Z","CARA_COCOK":"WebGIS","NAMA_JALAN":"Jl. Ahmad yani","KELURAHAN":"TELUK TERING","KECAMATAN":"BATAM KOTA","JENIS":"Persimpangan","TIPE":"Simpang Tak Bersinyal","JARAK_M":51.3,"JML_POV":3,"POV_MEAN":71.1,"POV_MEDIAN":80.7,"POV_MAKS":81.2,"POV_MIN":51.3},"geometry":{"type":"Point","coordinates":[104.0504026,1.12105459]}},{"type":"Feature","id":"PWK-BTK-RFI-SIM-007-POV-03","properties":{"ID_POV":"PWK-BTK-RFI-SIM-007-POV-03","ID_TITIK":"PWK-BTK-RFI-SIM-007","UID":"UID-2377","ID_WEBGIS":"PWK-BTK-RFI-SIM-007","POV_KE":3,"LON":104.03780758,"LAT":1.12926564,"STATUS_POV":"baru","SURVEYOR":"","WAKTU":"2026-09-08T01:48:09.158Z","CARA_COCOK":"WebGIS","NAMA_JALAN":"JL. KAWASAN PERUMAHAN CITRA INDAH 1","KELURAHAN":"TELUK TERING","KECAMATAN":"BATAM KOTA","JENIS":"Persimpangan","TIPE":"Simpang Tak Bersinyal","JARAK_M":31.3,"JML_POV":3,"POV_MEAN":38.9,"POV_MEDIAN":36.5,"POV_MAKS":48.8,"POV_MIN":31.3},"geometry":{"type":"Point","coordinates":[104.03780758,1.12926564]}},{"type":"Feature","id":"ANL-SKP-SK2-SIM-001-POV-03","properties":{"ID_POV":"ANL-SKP-SK2-SIM-001-POV-03","ID_TITIK":"ANL-SKP-SK2-SIM-001","UID":"UID-2306","ID_WEBGIS":"ANL-SKP-SK2-SIM-001","POV_KE":3,"LON":103.94501188,"LAT":1.11068023,"STATUS_POV":"baru","SURVEYOR":"","WAKTU":"2026-09-08T01:48:43.367Z","CARA_COCOK":"WebGIS","NAMA_JALAN":"Jl. Kawasan Industri Sekupang","KELURAHAN":"SEI HARAPAN","KECAMATAN":"SEKUPANG","JENIS":"Persimpangan","TIPE":"Simpang Tak Bersinyal","JARAK_M":12.8,"JML_POV":3,"POV_MEAN":19.2,"POV_MEDIAN":15.9,"POV_MAKS":28.8,"POV_MIN":12.8},"geometry":{"type":"Point","coordinates":[103.94501188,1.11068023]}},{"type":"Feature","id":"ANL-SKP-TKO-SIM-001-POV-03","properties":{"ID_POV":"ANL-SKP-TKO-SIM-001-POV-03","ID_TITIK":"ANL-SKP-TKO-SIM-001","UID":"UID-2311","ID_WEBGIS":"ANL-SKP-TKO-SIM-001","POV_KE":3,"LON":103.96075577,"LAT":1.09889806,"STATUS_POV":"baru","SURVEYOR":"","WAKTU":"2026-09-08T01:49:12.368Z","CARA_COCOK":"WebGIS","NAMA_JALAN":"Jl. Diponegoro","KELURAHAN":"TIBAN BARU","KECAMATAN":"SEKUPANG","JENIS":"Persimpangan","TIPE":"Simpang Tak Bersinyal","JARAK_M":11.8,"JML_POV":3,"POV_MEAN":32.2,"POV_MEDIAN":36.6,"POV_MAKS":48.2,"POV_MIN":11.8},"geometry":{"type":"Point","coordinates":[103.96075577,1.09889806]}},{"type":"Feature","id":"ANL-SKP-TTM-SIM-001-POV-03","properties":{"ID_POV":"ANL-SKP-TTM-SIM-001-POV-03","ID_TITIK":"ANL-SKP-TTM-SIM-001","UID":"UID-2314","ID_WEBGIS":"ANL-SKP-TTM-SIM-001","POV_KE":3,"LON":103.96759479,"LAT":1.11507194,"STATUS_POV":"baru","SURVEYOR":"","WAKTU":"2026-09-08T01:49:47.065Z","CARA_COCOK":"WebGIS","NAMA_JALAN":"Jl.Tiban V","KELURAHAN":"PATAM LESTARI","KECAMATAN":"SEKUPANG","JENIS":"Persimpangan","TIPE":"Simpang Tak Bersinyal","JARAK_M":5.5,"JML_POV":3,"POV_MEAN":19.8,"POV_MEDIAN":22.2,"POV_MAKS":31.8,"POV_MIN":5.5},"geometry":{"type":"Point","coordinates":[103.96759479,1.11507194]}},{"type":"Feature","id":"ANL-BTK-BSM-SIM-001-POV-01","properties":{"ID_POV":"ANL-BTK-BSM-SIM-001-POV-01","ID_TITIK":"ANL-BTK-BSM-SIM-001","UID":"UID-2491","ID_WEBGIS":"ANL-BTK-BSM-SIM-001","POV_KE":1,"LON":104.03018743,"LAT":1.13016132,"STATUS_POV":"baru","SURVEYOR":"","WAKTU":"2026-09-08T02:00:41.417Z","CARA_COCOK":"WebGIS","NAMA_JALAN":"Jl. Bandar Sri Mas","KELURAHAN":"SEI PANAS","KECAMATAN":"BATAM KOTA","JENIS":"Persimpangan","TIPE":"Simpang Tak Bersinyal","JARAK_M":50.0,"JML_POV":3,"POV_MEAN":58.6,"POV_MEDIAN":50.0,"POV_MAKS":79.9,"POV_MIN":46.0},"geometry":{"type":"Point","coordinates":[104.03018743,1.13016132]}},{"type":"Feature","id":"ANL-BTK-BSM-SIM-001-POV-02","properties":{"ID_POV":"ANL-BTK-BSM-SIM-001-POV-02","ID_TITIK":"ANL-BTK-BSM-SIM-001","UID":"UID-2491","ID_WEBGIS":"ANL-BTK-BSM-SIM-001","POV_KE":2,"LON":104.02989647,"LAT":1.13070643,"STATUS_POV":"baru","SURVEYOR":"","WAKTU":"2026-09-08T02:01:21.579Z","CARA_COCOK":"WebGIS","NAMA_JALAN":"Jl. Bandar Sri Mas","KELURAHAN":"SEI PANAS","KECAMATAN":"BATAM KOTA","JENIS":"Persimpangan","TIPE":"Simpang Tak Bersinyal","JARAK_M":79.9,"JML_POV":3,"POV_MEAN":58.6,"POV_MEDIAN":50.0,"POV_MAKS":79.9,"POV_MIN":46.0},"geometry":{"type":"Point","coordinates":[104.02989647,1.13070643]}},{"type":"Feature","id":"ANL-BTK-BSM-SIM-001-POV-03","properties":{"ID_POV":"ANL-BTK-BSM-SIM-001-POV-03","ID_TITIK":"ANL-BTK-BSM-SIM-001","UID":"UID-2491","ID_WEBGIS":"ANL-BTK-BSM-SIM-001","POV_KE":3,"LON":104.03000772,"LAT":1.12966257,"STATUS_POV":"baru","SURVEYOR":"","WAKTU":"2026-09-08T02:01:30.947Z","CARA_COCOK":"WebGIS","NAMA_JALAN":"Jl. Bandar Sri Mas","KELURAHAN":"SEI PANAS","KECAMATAN":"BATAM KOTA","JENIS":"Persimpangan","TIPE":"Simpang Tak Bersinyal","JARAK_M":46.0,"JML_POV":3,"POV_MEAN":58.6,"POV_MEDIAN":50.0,"POV_MAKS":79.9,"POV_MIN":46.0},"geometry":{"type":"Point","coordinates":[104.03000772,1.12966257]}},{"type":"Feature","id":"ANL-BTK-BSM-SIM-002-POV-01","properties":{"ID_POV":"ANL-BTK-BSM-SIM-002-POV-01","ID_TITIK":"ANL-BTK-BSM-SIM-002","UID":"UID-2492","ID_WEBGIS":"ANL-BTK-BSM-SIM-002","POV_KE":1,"LON":104.03657243,"LAT":1.13303474,"STATUS_POV":"baru","SURVEYOR":"","WAKTU":"2026-09-08T02:04:53.488Z","CARA_COCOK":"WebGIS","NAMA_JALAN":"Jl. Bandar Sri Mas","KELURAHAN":"SEI PANAS","KECAMATAN":"BATAM KOTA","JENIS":"Persimpangan","TIPE":"Simpang Tak Bersinyal","JARAK_M":13.4,"JML_POV":3,"POV_MEAN":13.1,"POV_MEDIAN":13.0,"POV_MAKS":13.4,"POV_MIN":13.0},"geometry":{"type":"Point","coordinates":[104.03657243,1.13303474]}},{"type":"Feature","id":"ANL-BTK-BSM-SIM-002-POV-02","properties":{"ID_POV":"ANL-BTK-BSM-SIM-002-POV-02","ID_TITIK":"ANL-BTK-BSM-SIM-002","UID":"UID-2492","ID_WEBGIS":"ANL-BTK-BSM-SIM-002","POV_KE":2,"LON":104.03668508,"LAT":1.13297977,"STATUS_POV":"baru","SURVEYOR":"","WAKTU":"2026-09-08T02:05:07.865Z","CARA_COCOK":"WebGIS","NAMA_JALAN":"Jl. Bandar Sri Mas","KELURAHAN":"SEI PANAS","KECAMATAN":"BATAM KOTA","JENIS":"Persimpangan","TIPE":"Simpang Tak Bersinyal","JARAK_M":13.0,"JML_POV":3,"POV_MEAN":13.1,"POV_MEDIAN":13.0,"POV_MAKS":13.4,"POV_MIN":13.0},"geometry":{"type":"Point","coordinates":[104.03668508,1.13297977]}},{"type":"Feature","id":"ANL-BTK-BSM-SIM-002-POV-03","properties":{"ID_POV":"ANL-BTK-BSM-SIM-002-POV-03","ID_TITIK":"ANL-BTK-BSM-SIM-002","UID":"UID-2492","ID_WEBGIS":"ANL-BTK-BSM-SIM-002","POV_KE":3,"LON":104.0364705,"LAT":1.13292078,"STATUS_POV":"baru","SURVEYOR":"","WAKTU":"2026-09-08T02:05:15.160Z","CARA_COCOK":"WebGIS","NAMA_JALAN":"Jl. Bandar Sri Mas","KELURAHAN":"SEI PANAS","KECAMATAN":"BATAM KOTA","JENIS":"Persimpangan","TIPE":"Simpang Tak Bersinyal","JARAK_M":13.0,"JML_POV":3,"POV_MEAN":13.1,"POV_MEDIAN":13.0,"POV_MAKS":13.4,"POV_MIN":13.0},"geometry":{"type":"Point","coordinates":[104.0364705,1.13292078]}},{"type":"Feature","id":"ANL-BTK-CBO-SIM-001-POV-01","properties":{"ID_POV":"ANL-BTK-CBO-SIM-001-POV-01","ID_TITIK":"ANL-BTK-CBO-SIM-001","UID":"UID-2500","ID_WEBGIS":"ANL-BTK-CBO-SIM-001","POV_KE":1,"LON":104.07500178,"LAT":1.12012375,"STATUS_POV":"baru","SURVEYOR":"","WAKTU":"2026-09-08T02:07:08.187Z","CARA_COCOK":"WebGIS","NAMA_JALAN":"Jl. Central Boulevard","KELURAHAN":"BELIAN","KECAMATAN":"BATAM KOTA","JENIS":"Persimpangan","TIPE":"Simpang Tak Bersinyal","JARAK_M":15.1,"JML_POV":3,"POV_MEAN":15.4,"POV_MEDIAN":15.4,"POV_MAKS":15.7,"POV_MIN":15.1},"geometry":{"type":"Point","coordinates":[104.07500178,1.12012375]}},{"type":"Feature","id":"ANL-BTK-CBO-SIM-001-POV-02","properties":{"ID_POV":"ANL-BTK-CBO-SIM-001-POV-02","ID_TITIK":"ANL-BTK-CBO-SIM-001","UID":"UID-2500","ID_WEBGIS":"ANL-BTK-CBO-SIM-001","POV_KE":2,"LON":104.07510102,"LAT":1.12025381,"STATUS_POV":"baru","SURVEYOR":"","WAKTU":"2026-09-08T02:07:16.595Z","CARA_COCOK":"WebGIS","NAMA_JALAN":"Jl. Central Boulevard","KELURAHAN":"BELIAN","KECAMATAN":"BATAM KOTA","JENIS":"Persimpangan","TIPE":"Simpang Tak Bersinyal","JARAK_M":15.7,"JML_POV":3,"POV_MEAN":15.4,"POV_MEDIAN":15.4,"POV_MAKS":15.7,"POV_MIN":15.1},"geometry":{"type":"Point","coordinates":[104.07510102,1.12025381]}},{"type":"Feature","id":"ANL-BTK-CBO-SIM-002-POV-01","properties":{"ID_POV":"ANL-BTK-CBO-SIM-002-POV-01","ID_TITIK":"ANL-BTK-CBO-SIM-002","UID":"UID-2501","ID_WEBGIS":"ANL-BTK-CBO-SIM-002","POV_KE":1,"LON":104.07715291,"LAT":1.1118936,"STATUS_POV":"baru","SURVEYOR":"","WAKTU":"2026-09-08T02:07:50.748Z","CARA_COCOK":"WebGIS","NAMA_JALAN":"Jl. Central Boulevard","KELURAHAN":"BELIAN","KECAMATAN":"BATAM KOTA","JENIS":"Persimpangan","TIPE":"Simpang Tak Bersinyal","JARAK_M":31.3,"JML_POV":3,"POV_MEAN":26.9,"POV_MEDIAN":27.2,"POV_MAKS":31.3,"POV_MIN":22.1},"geometry":{"type":"Point","coordinates":[104.07715291,1.1118936]}},{"type":"Feature","id":"ANL-BTK-CBO-SIM-002-POV-02","properties":{"ID_POV":"ANL-BTK-CBO-SIM-002-POV-02","ID_TITIK":"ANL-BTK-CBO-SIM-002","UID":"UID-2501","ID_WEBGIS":"ANL-BTK-CBO-SIM-002","POV_KE":2,"LON":104.0772374,"LAT":1.11162277,"STATUS_POV":"baru","SURVEYOR":"","WAKTU":"2026-09-08T02:08:04.756Z","CARA_COCOK":"WebGIS","NAMA_JALAN":"Jl. Central Boulevard","KELURAHAN":"BELIAN","KECAMATAN":"BATAM KOTA","JENIS":"Persimpangan","TIPE":"Simpang Tak Bersinyal","JARAK_M":27.2,"JML_POV":3,"POV_MEAN":26.9,"POV_MEDIAN":27.2,"POV_MAKS":31.3,"POV_MIN":22.1},"geometry":{"type":"Point","coordinates":[104.0772374,1.11162277]}},{"type":"Feature","id":"ANL-BTK-CBO-SIM-002-POV-03","properties":{"ID_POV":"ANL-BTK-CBO-SIM-002-POV-03","ID_TITIK":"ANL-BTK-CBO-SIM-002","UID":"UID-2501","ID_WEBGIS":"ANL-BTK-CBO-SIM-002","POV_KE":3,"LON":104.0768981,"LAT":1.11183327,"STATUS_POV":"baru","SURVEYOR":"","WAKTU":"2026-09-08T02:08:14.212Z","CARA_COCOK":"WebGIS","NAMA_JALAN":"Jl. Central Boulevard","KELURAHAN":"BELIAN","KECAMATAN":"BATAM KOTA","JENIS":"Persimpangan","TIPE":"Simpang Tak Bersinyal","JARAK_M":22.1,"JML_POV":3,"POV_MEAN":26.9,"POV_MEDIAN":27.2,"POV_MAKS":31.3,"POV_MIN":22.1},"geometry":{"type":"Point","coordinates":[104.0768981,1.11183327]}},{"type":"Feature","id":"ANL-BTK-GUR-SIM-001-POV-01","properties":{"ID_POV":"ANL-BTK-GUR-SIM-001-POV-01","ID_TITIK":"ANL-BTK-GUR-SIM-001","UID":"UID-2493","ID_WEBGIS":"ANL-BTK-GUR-SIM-001","POV_KE":1,"LON":104.0460442,"LAT":1.12831912,"STATUS_POV":"baru","SURVEYOR":"","WAKTU":"2026-09-08T02:08:51.821Z","CARA_COCOK":"WebGIS","NAMA_JALAN":"Jl. Gurindam 2","KELURAHAN":"TELUK TERING","KECAMATAN":"BATAM KOTA","JENIS":"Persimpangan","TIPE":"Simpang Tak Bersinyal","JARAK_M":24.7,"JML_POV":3,"POV_MEAN":21.8,"POV_MEDIAN":24.7,"POV_MAKS":34.7,"POV_MIN":5.9},"geometry":{"type":"Point","coordinates":[104.0460442,1.12831912]}},{"type":"Feature","id":"ANL-BTK-GUR-SIM-001-POV-03","properties":{"ID_POV":"ANL-BTK-GUR-SIM-001-POV-03","ID_TITIK":"ANL-BTK-GUR-SIM-001","UID":"UID-2493","ID_WEBGIS":"ANL-BTK-GUR-SIM-001","POV_KE":3,"LON":104.04584126,"LAT":1.12832291,"STATUS_POV":"baru","SURVEYOR":"","WAKTU":"2026-09-08T02:09:05.798Z","CARA_COCOK":"WebGIS","NAMA_JALAN":"Jl. Gurindam 2","KELURAHAN":"TELUK TERING","KECAMATAN":"BATAM KOTA","JENIS":"Persimpangan","TIPE":"Simpang Tak Bersinyal","JARAK_M":5.9,"JML_POV":3,"POV_MEAN":21.8,"POV_MEDIAN":24.7,"POV_MAKS":34.7,"POV_MIN":5.9},"geometry":{"type":"Point","coordinates":[104.04584126,1.12832291]}},{"type":"Feature","id":"ANL-BTK-GUR-SIM-001-POV-04","properties":{"ID_POV":"ANL-BTK-GUR-SIM-001-POV-04","ID_TITIK":"ANL-BTK-GUR-SIM-001","UID":"UID-2493","ID_WEBGIS":"ANL-BTK-GUR-SIM-001","POV_KE":4,"LON":104.04610299,"LAT":1.1285239,"STATUS_POV":"baru","SURVEYOR":"","WAKTU":"2026-09-08T02:09:24.550Z","CARA_COCOK":"WebGIS","NAMA_JALAN":"Jl. Gurindam 2","KELURAHAN":"TELUK TERING","KECAMATAN":"BATAM KOTA","JENIS":"Persimpangan","TIPE":"Simpang Tak Bersinyal","JARAK_M":34.7,"JML_POV":3,"POV_MEAN":21.8,"POV_MEDIAN":24.7,"POV_MAKS":34.7,"POV_MIN":5.9},"geometry":{"type":"Point","coordinates":[104.04610299,1.1285239]}},{"type":"Feature","id":"ANL-BTK-GUR-SIM-002-POV-01","properties":{"ID_POV":"ANL-BTK-GUR-SIM-002-POV-01","ID_TITIK":"ANL-BTK-GUR-SIM-002","UID":"UID-2494","ID_WEBGIS":"ANL-BTK-GUR-SIM-002","POV_KE":1,"LON":104.04198925,"LAT":1.13302934,"STATUS_POV":"baru","SURVEYOR":"","WAKTU":"2026-09-08T02:12:41.203Z","CARA_COCOK":"WebGIS","NAMA_JALAN":"Jl. Gurindam 2","KELURAHAN":"TELUK TERING","KECAMATAN":"BATAM KOTA","JENIS":"Persimpangan","TIPE":"Simpang Tak Bersinyal","JARAK_M":26.8,"JML_POV":3,"POV_MEAN":30.8,"POV_MEDIAN":30.1,"POV_MAKS":35.6,"POV_MIN":26.8},"geometry":{"type":"Point","coordinates":[104.04198925,1.13302934]}},{"type":"Feature","id":"ANL-BTK-GUR-SIM-002-POV-02","properties":{"ID_POV":"ANL-BTK-GUR-SIM-002-POV-02","ID_TITIK":"ANL-BTK-GUR-SIM-002","UID":"UID-2494","ID_WEBGIS":"ANL-BTK-GUR-SIM-002","POV_KE":2,"LON":104.04162705,"LAT":1.13301194,"STATUS_POV":"baru","SURVEYOR":"","WAKTU":"2026-09-08T02:13:09.204Z","CARA_COCOK":"WebGIS","NAMA_JALAN":"Jl. Gurindam 2","KELURAHAN":"TELUK TERING","KECAMATAN":"BATAM KOTA","JENIS":"Persimpangan","TIPE":"Simpang Tak Bersinyal","JARAK_M":35.6,"JML_POV":3,"POV_MEAN":30.8,"POV_MEDIAN":30.1,"POV_MAKS":35.6,"POV_MIN":26.8},"geometry":{"type":"Point","coordinates":[104.04162705,1.13301194]}},{"type":"Feature","id":"ANL-BTK-GUR-SIM-002-POV-03","properties":{"ID_POV":"ANL-BTK-GUR-SIM-002-POV-03","ID_TITIK":"ANL-BTK-GUR-SIM-002","UID":"UID-2494","ID_WEBGIS":"ANL-BTK-GUR-SIM-002","POV_KE":3,"LON":104.04161562,"LAT":1.13287765,"STATUS_POV":"baru","SURVEYOR":"","WAKTU":"2026-09-08T02:13:29.868Z","CARA_COCOK":"WebGIS","NAMA_JALAN":"Jl. Gurindam 2","KELURAHAN":"TELUK TERING","KECAMATAN":"BATAM KOTA","JENIS":"Persimpangan","TIPE":"Simpang Tak Bersinyal","JARAK_M":30.1,"JML_POV":3,"POV_MEAN":30.8,"POV_MEDIAN":30.1,"POV_MAKS":35.6,"POV_MIN":26.8},"geometry":{"type":"Point","coordinates":[104.04161562,1.13287765]}},{"type":"Feature","id":"ANL-BTK-GUR-SIM-003-POV-01","properties":{"ID_POV":"ANL-BTK-GUR-SIM-003-POV-01","ID_TITIK":"ANL-BTK-GUR-SIM-003","UID":"UID-2495","ID_WEBGIS":"ANL-BTK-GUR-SIM-003","POV_KE":1,"LON":104.05205075,"LAT":1.12547474,"STATUS_POV":"baru","SURVEYOR":"","WAKTU":"2026-09-08T02:16:25.273Z","CARA_COCOK":"WebGIS","NAMA_JALAN":"Jl. Gurindam 1","KELURAHAN":"TELUK TERING","KECAMATAN":"BATAM KOTA","JENIS":"Persimpangan","TIPE":"Simpang Tak Bersinyal","JARAK_M":51.3,"JML_POV":3,"POV_MEAN":49.7,"POV_MEDIAN":50.0,"POV_MAKS":51.3,"POV_MIN":47.9},"geometry":{"type":"Point","coordinates":[104.05205075,1.12547474]}},{"type":"Feature","id":"ANL-BTK-GUR-SIM-003-POV-02","properties":{"ID_POV":"ANL-BTK-GUR-SIM-003-POV-02","ID_TITIK":"ANL-BTK-GUR-SIM-003","UID":"UID-2495","ID_WEBGIS":"ANL-BTK-GUR-SIM-003","POV_KE":2,"LON":104.05242026,"LAT":1.12581427,"STATUS_POV":"baru","SURVEYOR":"","WAKTU":"2026-09-08T02:17:03.322Z","CARA_COCOK":"WebGIS","NAMA_JALAN":"Jl. Gurindam 1","KELURAHAN":"TELUK TERING","KECAMATAN":"BATAM KOTA","JENIS":"Persimpangan","TIPE":"Simpang Tak Bersinyal","JARAK_M":47.9,"JML_POV":3,"POV_MEAN":49.7,"POV_MEDIAN":50.0,"POV_MAKS":51.3,"POV_MIN":47.9},"geometry":{"type":"Point","coordinates":[104.05242026,1.12581427]}},{"type":"Feature","id":"ANL-BTK-GUR-SIM-003-POV-03","properties":{"ID_POV":"ANL-BTK-GUR-SIM-003-POV-03","ID_TITIK":"ANL-BTK-GUR-SIM-003","UID":"UID-2495","ID_WEBGIS":"ANL-BTK-GUR-SIM-003","POV_KE":3,"LON":104.052083,"LAT":1.12523394,"STATUS_POV":"baru","SURVEYOR":"","WAKTU":"2026-09-08T02:17:15.539Z","CARA_COCOK":"WebGIS","NAMA_JALAN":"Jl. Gurindam 1","KELURAHAN":"TELUK TERING","KECAMATAN":"BATAM KOTA","JENIS":"Persimpangan","TIPE":"Simpang Tak Bersinyal","JARAK_M":50.0,"JML_POV":3,"POV_MEAN":49.7,"POV_MEDIAN":50.0,"POV_MAKS":51.3,"POV_MIN":47.9},"geometry":{"type":"Point","coordinates":[104.052083,1.12523394]}},{"type":"Feature","id":"ANL-BTK-JKP-SIM-001-POV-01","properties":{"ID_POV":"ANL-BTK-JKP-SIM-001-POV-01","ID_TITIK":"ANL-BTK-JKP-SIM-001","UID":"UID-2498","ID_WEBGIS":"ANL-BTK-JKP-SIM-001","POV_KE":1,"LON":104.09592703,"LAT":1.1295633,"STATUS_POV":"baru","SURVEYOR":"","WAKTU":"2026-09-08T02:20:20.047Z","CARA_COCOK":"WebGIS","NAMA_JALAN":"JL. KAWASAN PERUMAHAN BOTANIA GARDEN","KELURAHAN":"BELIAN","KECAMATAN":"BATAM KOTA","JENIS":"Persimpangan","TIPE":"Simpang Tak Bersinyal","JARAK_M":22.6,"JML_POV":3,"POV_MEAN":23.8,"POV_MEDIAN":22.6,"POV_MAKS":36.3,"POV_MIN":12.4},"geometry":{"type":"Point","coordinates":[104.09592703,1.1295633]}},{"type":"Feature","id":"ANL-BTK-JKP-SIM-001-POV-02","properties":{"ID_POV":"ANL-BTK-JKP-SIM-001-POV-02","ID_TITIK":"ANL-BTK-JKP-SIM-001","UID":"UID-2498","ID_WEBGIS":"ANL-BTK-JKP-SIM-001","POV_KE":2,"LON":104.09606344,"LAT":1.12970335,"STATUS_POV":"baru","SURVEYOR":"","WAKTU":"2026-09-08T02:20:28.303Z","CARA_COCOK":"WebGIS","NAMA_JALAN":"JL. KAWASAN PERUMAHAN BOTANIA GARDEN","KELURAHAN":"BELIAN","KECAMATAN":"BATAM KOTA","JENIS":"Persimpangan","TIPE":"Simpang Tak Bersinyal","JARAK_M":36.3,"JML_POV":3,"POV_MEAN":23.8,"POV_MEDIAN":22.6,"POV_MAKS":36.3,"POV_MIN":12.4},"geometry":{"type":"Point","coordinates":[104.09606344,1.12970335]}},{"type":"Feature","id":"ANL-BTK-JKP-SIM-001-POV-03","properties":{"ID_POV":"ANL-BTK-JKP-SIM-001-POV-03","ID_TITIK":"ANL-BTK-JKP-SIM-001","UID":"UID-2498","ID_WEBGIS":"ANL-BTK-JKP-SIM-001","POV_KE":3,"LON":104.0956955,"LAT":1.12954597,"STATUS_POV":"baru","SURVEYOR":"","WAKTU":"2026-09-08T02:20:32.287Z","CARA_COCOK":"WebGIS","NAMA_JALAN":"JL. KAWASAN PERUMAHAN BOTANIA GARDEN","KELURAHAN":"BELIAN","KECAMATAN":"BATAM KOTA","JENIS":"Persimpangan","TIPE":"Simpang Tak Bersinyal","JARAK_M":12.4,"JML_POV":3,"POV_MEAN":23.8,"POV_MEDIAN":22.6,"POV_MAKS":36.3,"POV_MIN":12.4},"geometry":{"type":"Point","coordinates":[104.0956955,1.12954597]}},{"type":"Feature","id":"ANL-BTK-JKP-SIM-002-POV-01","properties":{"ID_POV":"ANL-BTK-JKP-SIM-002-POV-01","ID_TITIK":"ANL-BTK-JKP-SIM-002","UID":"UID-2499","ID_WEBGIS":"ANL-BTK-JKP-SIM-002","POV_KE":1,"LON":104.09954467,"LAT":1.12628442,"STATUS_POV":"baru","SURVEYOR":"","WAKTU":"2026-09-08T02:21:04.616Z","CARA_COCOK":"WebGIS","NAMA_JALAN":"JL. KAWASAN PERUMAHAN BOTANIA GARDEN","KELURAHAN":"BELIAN","KECAMATAN":"BATAM KOTA","JENIS":"Persimpangan","TIPE":"Simpang Tak Bersinyal","JARAK_M":12.9,"JML_POV":3,"POV_MEAN":13.3,"POV_MEDIAN":12.9,"POV_MAKS":15.6,"POV_MIN":11.5},"geometry":{"type":"Point","coordinates":[104.09954467,1.12628442]}},{"type":"Feature","id":"ANL-BTK-JKP-SIM-002-POV-03","properties":{"ID_POV":"ANL-BTK-JKP-SIM-002-POV-03","ID_TITIK":"ANL-BTK-JKP-SIM-002","UID":"UID-2499","ID_WEBGIS":"ANL-BTK-JKP-SIM-002","POV_KE":3,"LON":104.09974666,"LAT":1.12643992,"STATUS_POV":"baru","SURVEYOR":"","WAKTU":"2026-09-08T02:21:16.954Z","CARA_COCOK":"WebGIS","NAMA_JALAN":"JL. KAWASAN PERUMAHAN BOTANIA GARDEN","KELURAHAN":"BELIAN","KECAMATAN":"BATAM KOTA","JENIS":"Persimpangan","TIPE":"Simpang Tak Bersinyal","JARAK_M":15.6,"JML_POV":3,"POV_MEAN":13.3,"POV_MEDIAN":12.9,"POV_MAKS":15.6,"POV_MIN":11.5},"geometry":{"type":"Point","coordinates":[104.09974666,1.12643992]}},{"type":"Feature","id":"ANL-BTK-JKP-SIM-003-POV-01","properties":{"ID_POV":"ANL-BTK-JKP-SIM-003-POV-01","ID_TITIK":"ANL-BTK-JKP-SIM-003","UID":"UID-2507","ID_WEBGIS":"ANL-BTK-JKP-SIM-003","POV_KE":1,"LON":104.08990413,"LAT":1.12306021,"STATUS_POV":"baru","SURVEYOR":"","WAKTU":"2026-09-08T02:21:52.497Z","CARA_COCOK":"WebGIS","NAMA_JALAN":"JL. KAWASAN PERUMAHAN TAMAN RAYA VB","KELURAHAN":"BELIAN","KECAMATAN":"BATAM KOTA","JENIS":"Persimpangan","TIPE":"Simpang Tak Bersinyal","JARAK_M":38.2,"JML_POV":3,"POV_MEAN":28.2,"POV_MEDIAN":29.7,"POV_MAKS":38.2,"POV_MIN":16.6},"geometry":{"type":"Point","coordinates":[104.08990413,1.12306021]}},{"type":"Feature","id":"ANL-BTK-JKP-SIM-003-POV-02","properties":{"ID_POV":"ANL-BTK-JKP-SIM-003-POV-02","ID_TITIK":"ANL-BTK-JKP-SIM-003","UID":"UID-2507","ID_WEBGIS":"ANL-BTK-JKP-SIM-003","POV_KE":2,"LON":104.08994973,"LAT":1.12266602,"STATUS_POV":"baru","SURVEYOR":"","WAKTU":"2026-09-08T02:22:16.682Z","CARA_COCOK":"WebGIS","NAMA_JALAN":"JL. KAWASAN PERUMAHAN TAMAN RAYA VB","KELURAHAN":"BELIAN","KECAMATAN":"BATAM KOTA","JENIS":"Persimpangan","TIPE":"Simpang Tak Bersinyal","JARAK_M":29.7,"JML_POV":3,"POV_MEAN":28.2,"POV_MEDIAN":29.7,"POV_MAKS":38.2,"POV_MIN":16.6},"geometry":{"type":"Point","coordinates":[104.08994973,1.12266602]}},{"type":"Feature","id":"ANL-BTK-JKP-SIM-003-POV-03","properties":{"ID_POV":"ANL-BTK-JKP-SIM-003-POV-03","ID_TITIK":"ANL-BTK-JKP-SIM-003","UID":"UID-2507","ID_WEBGIS":"ANL-BTK-JKP-SIM-003","POV_KE":3,"LON":104.08965468,"LAT":1.12291809,"STATUS_POV":"baru","SURVEYOR":"","WAKTU":"2026-09-08T02:22:36.794Z","CARA_COCOK":"WebGIS","NAMA_JALAN":"JL. KAWASAN PERUMAHAN TAMAN RAYA VB","KELURAHAN":"BELIAN","KECAMATAN":"BATAM KOTA","JENIS":"Persimpangan","TIPE":"Simpang Tak Bersinyal","JARAK_M":16.6,"JML_POV":3,"POV_MEAN":28.2,"POV_MEDIAN":29.7,"POV_MAKS":38.2,"POV_MIN":16.6},"geometry":{"type":"Point","coordinates":[104.08965468,1.12291809]}},{"type":"Feature","id":"ANL-BTK-JKP-SIM-004-POV-01","properties":{"ID_POV":"ANL-BTK-JKP-SIM-004-POV-01","ID_TITIK":"ANL-BTK-JKP-SIM-004","UID":"UID-2508","ID_WEBGIS":"ANL-BTK-JKP-SIM-004","POV_KE":1,"LON":104.09186815,"LAT":1.12602841,"STATUS_POV":"baru","SURVEYOR":"","WAKTU":"2026-09-08T02:26:05.480Z","CARA_COCOK":"WebGIS","NAMA_JALAN":"JL. KAWASAN PERUMAHAN TAMAN RAYA VB","KELURAHAN":"BELIAN","KECAMATAN":"BATAM KOTA","JENIS":"Persimpangan","TIPE":"Simpang Tak Bersinyal","JARAK_M":40.1,"JML_POV":3,"POV_MEAN":25.0,"POV_MEDIAN":17.9,"POV_MAKS":40.1,"POV_MIN":17.1},"geometry":{"type":"Point","coordinates":[104.09186815,1.12602841]}},{"type":"Feature","id":"ANL-BTK-JKP-SIM-004-POV-02","properties":{"ID_POV":"ANL-BTK-JKP-SIM-004-POV-02","ID_TITIK":"ANL-BTK-JKP-SIM-004","UID":"UID-2508","ID_WEBGIS":"ANL-BTK-JKP-SIM-004","POV_KE":2,"LON":104.09147365,"LAT":1.1257895,"STATUS_POV":"baru","SURVEYOR":"","WAKTU":"2026-09-08T02:26:16.703Z","CARA_COCOK":"WebGIS","NAMA_JALAN":"JL. KAWASAN PERUMAHAN TAMAN RAYA VB","KELURAHAN":"BELIAN","KECAMATAN":"BATAM KOTA","JENIS":"Persimpangan","TIPE":"Simpang Tak Bersinyal","JARAK_M":17.9,"JML_POV":3,"POV_MEAN":25.0,"POV_MEDIAN":17.9,"POV_MAKS":40.1,"POV_MIN":17.1},"geometry":{"type":"Point","coordinates":[104.09147365,1.1257895]}},{"type":"Feature","id":"ANL-BTK-JKP-SIM-004-POV-03","properties":{"ID_POV":"ANL-BTK-JKP-SIM-004-POV-03","ID_TITIK":"ANL-BTK-JKP-SIM-004","UID":"UID-2508","ID_WEBGIS":"ANL-BTK-JKP-SIM-004","POV_KE":3,"LON":104.09159883,"LAT":1.12581415,"STATUS_POV":"baru","SURVEYOR":"","WAKTU":"2026-09-08T02:26:28.936Z","CARA_COCOK":"WebGIS","NAMA_JALAN":"JL. KAWASAN PERUMAHAN TAMAN RAYA VB","KELURAHAN":"BELIAN","KECAMATAN":"BATAM KOTA","JENIS":"Persimpangan","TIPE":"Simpang Tak Bersinyal","JARAK_M":17.1,"JML_POV":3,"POV_MEAN":25.0,"POV_MEDIAN":17.9,"POV_MAKS":40.1,"POV_MIN":17.1},"geometry":{"type":"Point","coordinates":[104.09159883,1.12581415]}},{"type":"Feature","id":"ANL-BTK-RHU-SIM-001-POV-01","properties":{"ID_POV":"ANL-BTK-RHU-SIM-001-POV-01","ID_TITIK":"ANL-BTK-RHU-SIM-001","UID":"UID-2509","ID_WEBGIS":"ANL-BTK-RHU-SIM-001","POV_KE":1,"LON":104.06129482,"LAT":1.10313125,"STATUS_POV":"baru","SURVEYOR":"","WAKTU":"2026-09-08T02:27:09.065Z","CARA_COCOK":"WebGIS","NAMA_JALAN":"Jl. Pemuda","KELURAHAN":"BALOI PERMAI","KECAMATAN":"BATAM KOTA","JENIS":"Persimpangan","TIPE":"Simpang Tak Bersinyal","JARAK_M":38.2,"JML_POV":3,"POV_MEAN":30.3,"POV_MEDIAN":26.8,"POV_MAKS":38.2,"POV_MIN":25.9},"geometry":{"type":"Point","coordinates":[104.06129482,1.10313125]}},{"type":"Feature","id":"ANL-BTK-RHU-SIM-001-POV-02","properties":{"ID_POV":"ANL-BTK-RHU-SIM-001-POV-02","ID_TITIK":"ANL-BTK-RHU-SIM-001","UID":"UID-2509","ID_WEBGIS":"ANL-BTK-RHU-SIM-001","POV_KE":2,"LON":104.06128228,"LAT":1.10357496,"STATUS_POV":"baru","SURVEYOR":"","WAKTU":"2026-09-08T02:27:24.153Z","CARA_COCOK":"WebGIS","NAMA_JALAN":"Jl. Pemuda","KELURAHAN":"BALOI PERMAI","KECAMATAN":"BATAM KOTA","JENIS":"Persimpangan","TIPE":"Simpang Tak Bersinyal","JARAK_M":26.8,"JML_POV":3,"POV_MEAN":30.3,"POV_MEDIAN":26.8,"POV_MAKS":38.2,"POV_MIN":25.9},"geometry":{"type":"Point","coordinates":[104.06128228,1.10357496]}},{"type":"Feature","id":"ANL-BTK-RHU-SIM-001-POV-03","properties":{"ID_POV":"ANL-BTK-RHU-SIM-001-POV-03","ID_TITIK":"ANL-BTK-RHU-SIM-001","UID":"UID-2509","ID_WEBGIS":"ANL-BTK-RHU-SIM-001","POV_KE":3,"LON":104.06133056,"LAT":1.10345429,"STATUS_POV":"baru","SURVEYOR":"","WAKTU":"2026-09-08T02:27:28.745Z","CARA_COCOK":"WebGIS","NAMA_JALAN":"Jl. Pemuda","KELURAHAN":"BALOI PERMAI","KECAMATAN":"BATAM KOTA","JENIS":"Persimpangan","TIPE":"Simpang Tak Bersinyal","JARAK_M":25.9,"JML_POV":3,"POV_MEAN":30.3,"POV_MEDIAN":26.8,"POV_MAKS":38.2,"POV_MIN":25.9},"geometry":{"type":"Point","coordinates":[104.06133056,1.10345429]}},{"type":"Feature","id":"ANL-BTK-UPH-SIM-002-POV-01","properties":{"ID_POV":"ANL-BTK-UPH-SIM-002-POV-01","ID_TITIK":"ANL-BTK-UPH-SIM-002","UID":"UID-2497","ID_WEBGIS":"ANL-BTK-UPH-SIM-002","POV_KE":1,"LON":104.05691564,"LAT":1.10327999,"STATUS_POV":"baru","SURVEYOR":"","WAKTU":"2026-09-08T02:28:08.722Z","CARA_COCOK":"WebGIS","NAMA_JALAN":"Jl. Pemuda","KELURAHAN":"BALOI PERMAI","KECAMATAN":"BATAM KOTA","JENIS":"Persimpangan","TIPE":"Simpang Tak Bersinyal","JARAK_M":16.8,"JML_POV":3,"POV_MEAN":15.1,"POV_MEDIAN":16.8,"POV_MAKS":17.9,"POV_MIN":10.5},"geometry":{"type":"Point","coordinates":[104.05691564,1.10327999]}},{"type":"Feature","id":"ANL-BTK-UPH-SIM-002-POV-02","properties":{"ID_POV":"ANL-BTK-UPH-SIM-002-POV-02","ID_TITIK":"ANL-BTK-UPH-SIM-002","UID":"UID-2497","ID_WEBGIS":"ANL-BTK-UPH-SIM-002","POV_KE":2,"LON":104.05718298,"LAT":1.10336068,"STATUS_POV":"baru","SURVEYOR":"","WAKTU":"2026-09-08T02:28:17.115Z","CARA_COCOK":"WebGIS","NAMA_JALAN":"Jl. Pemuda","KELURAHAN":"BALOI PERMAI","KECAMATAN":"BATAM KOTA","JENIS":"Persimpangan","TIPE":"Simpang Tak Bersinyal","JARAK_M":17.9,"JML_POV":3,"POV_MEAN":15.1,"POV_MEDIAN":16.8,"POV_MAKS":17.9,"POV_MIN":10.5},"geometry":{"type":"Point","coordinates":[104.05718298,1.10336068]}},{"type":"Feature","id":"ANL-BTK-UPH-SIM-002-POV-03","properties":{"ID_POV":"ANL-BTK-UPH-SIM-002-POV-03","ID_TITIK":"ANL-BTK-UPH-SIM-002","UID":"UID-2497","ID_WEBGIS":"ANL-BTK-UPH-SIM-002","POV_KE":3,"LON":104.05704263,"LAT":1.10347824,"STATUS_POV":"baru","SURVEYOR":"","WAKTU":"2026-09-08T02:28:23.196Z","CARA_COCOK":"WebGIS","NAMA_JALAN":"Jl. Pemuda","KELURAHAN":"BALOI PERMAI","KECAMATAN":"BATAM KOTA","JENIS":"Persimpangan","TIPE":"Simpang Tak Bersinyal","JARAK_M":10.5,"JML_POV":3,"POV_MEAN":15.1,"POV_MEDIAN":16.8,"POV_MAKS":17.9,"POV_MIN":10.5},"geometry":{"type":"Point","coordinates":[104.05704263,1.10347824]}},{"type":"Feature","id":"ANL-BTK-RHU-SIM-002-POV-01","properties":{"ID_POV":"ANL-BTK-RHU-SIM-002-POV-01","ID_TITIK":"ANL-BTK-RHU-SIM-002","UID":"UID-2510","ID_WEBGIS":"ANL-BTK-RHU-SIM-002","POV_KE":1,"LON":104.06186432,"LAT":1.10887938,"STATUS_POV":"baru","SURVEYOR":"","WAKTU":"2026-09-08T02:28:48.211Z","CARA_COCOK":"WebGIS","NAMA_JALAN":"Jl. Raja M. Husin","KELURAHAN":"BALOI PERMAI","KECAMATAN":"BATAM KOTA","JENIS":"Persimpangan","TIPE":"Simpang Tak Bersinyal","JARAK_M":34.8,"JML_POV":3,"POV_MEAN":29.9,"POV_MEDIAN":32.2,"POV_MAKS":34.8,"POV_MIN":22.7},"geometry":{"type":"Point","coordinates":[104.06186432,1.10887938]}},{"type":"Feature","id":"ANL-BTK-RHU-SIM-002-POV-02","properties":{"ID_POV":"ANL-BTK-RHU-SIM-002-POV-02","ID_TITIK":"ANL-BTK-RHU-SIM-002","UID":"UID-2510","ID_WEBGIS":"ANL-BTK-RHU-SIM-002","POV_KE":2,"LON":104.06190723,"LAT":1.10866486,"STATUS_POV":"baru","SURVEYOR":"","WAKTU":"2026-09-08T02:28:53.156Z","CARA_COCOK":"WebGIS","NAMA_JALAN":"Jl. Raja M. Husin","KELURAHAN":"BALOI PERMAI","KECAMATAN":"BATAM KOTA","JENIS":"Persimpangan","TIPE":"Simpang Tak Bersinyal","JARAK_M":32.2,"JML_POV":3,"POV_MEAN":29.9,"POV_MEDIAN":32.2,"POV_MAKS":34.8,"POV_MIN":22.7},"geometry":{"type":"Point","coordinates":[104.06190723,1.10866486]}},{"type":"Feature","id":"ANL-BTK-RHU-SIM-002-POV-03","properties":{"ID_POV":"ANL-BTK-RHU-SIM-002-POV-03","ID_TITIK":"ANL-BTK-RHU-SIM-002","UID":"UID-2510","ID_WEBGIS":"ANL-BTK-RHU-SIM-002","POV_KE":3,"LON":104.06160682,"LAT":1.10889011,"STATUS_POV":"baru","SURVEYOR":"","WAKTU":"2026-09-08T02:29:04.780Z","CARA_COCOK":"WebGIS","NAMA_JALAN":"Jl. Raja M. Husin","KELURAHAN":"BALOI PERMAI","KECAMATAN":"BATAM KOTA","JENIS":"Persimpangan","TIPE":"Simpang Tak Bersinyal","JARAK_M":22.7,"JML_POV":3,"POV_MEAN":29.9,"POV_MEDIAN":32.2,"POV_MAKS":34.8,"POV_MIN":22.7},"geometry":{"type":"Point","coordinates":[104.06160682,1.10889011]}},{"type":"Feature","id":"ANL-BTK-UPH-SIM-001-POV-01","properties":{"ID_POV":"ANL-BTK-UPH-SIM-001-POV-01","ID_TITIK":"ANL-BTK-UPH-SIM-001","UID":"UID-2496","ID_WEBGIS":"ANL-BTK-UPH-SIM-001","POV_KE":1,"LON":104.05953616,"LAT":1.10962221,"STATUS_POV":"baru","SURVEYOR":"","WAKTU":"2026-09-08T02:38:01.410Z","CARA_COCOK":"WebGIS","NAMA_JALAN":"Jl. Utama Perum Hang Tuah","KELURAHAN":"BELIAN","KECAMATAN":"BATAM KOTA","JENIS":"Persimpangan","TIPE":"Simpang Tak Bersinyal","JARAK_M":16.0,"JML_POV":3,"POV_MEAN":15.4,"POV_MEDIAN":15.5,"POV_MAKS":16.0,"POV_MIN":14.6},"geometry":{"type":"Point","coordinates":[104.05953616,1.10962221]}},{"type":"Feature","id":"ANL-BTK-UPH-SIM-001-POV-02","properties":{"ID_POV":"ANL-BTK-UPH-SIM-001-POV-02","ID_TITIK":"ANL-BTK-UPH-SIM-001","UID":"UID-2496","ID_WEBGIS":"ANL-BTK-UPH-SIM-001","POV_KE":2,"LON":104.05967027,"LAT":1.10962221,"STATUS_POV":"baru","SURVEYOR":"","WAKTU":"2026-09-08T02:38:14.754Z","CARA_COCOK":"WebGIS","NAMA_JALAN":"Jl. Utama Perum Hang Tuah","KELURAHAN":"BELIAN","KECAMATAN":"BATAM KOTA","JENIS":"Persimpangan","TIPE":"Simpang Tak Bersinyal","JARAK_M":14.6,"JML_POV":3,"POV_MEAN":15.4,"POV_MEDIAN":15.5,"POV_MAKS":16.0,"POV_MIN":14.6},"geometry":{"type":"Point","coordinates":[104.05967027,1.10962221]}},{"type":"Feature","id":"ANL-BTK-UPH-SIM-001-POV-03","properties":{"ID_POV":"ANL-BTK-UPH-SIM-001-POV-03","ID_TITIK":"ANL-BTK-UPH-SIM-001","UID":"UID-2496","ID_WEBGIS":"ANL-BTK-UPH-SIM-001","POV_KE":3,"LON":104.05954425,"LAT":1.10986102,"STATUS_POV":"baru","SURVEYOR":"","WAKTU":"2026-09-08T02:38:34.650Z","CARA_COCOK":"WebGIS","NAMA_JALAN":"Jl. Utama Perum Hang Tuah","KELURAHAN":"BELIAN","KECAMATAN":"BATAM KOTA","JENIS":"Persimpangan","TIPE":"Simpang Tak Bersinyal","JARAK_M":15.5,"JML_POV":3,"POV_MEAN":15.4,"POV_MEDIAN":15.5,"POV_MAKS":16.0,"POV_MIN":14.6},"geometry":{"type":"Point","coordinates":[104.05954425,1.10986102]}},{"type":"Feature","id":"ANL-BTK-DUR-SIM-001-POV-01","properties":{"ID_POV":"ANL-BTK-DUR-SIM-001-POV-01","ID_TITIK":"ANL-BTK-DUR-SIM-001","UID":"UID-2530","ID_WEBGIS":"ANL-BTK-DUR-SIM-001","POV_KE":1,"LON":104.03465062,"LAT":1.13609455,"STATUS_POV":"baru","SURVEYOR":"","WAKTU":"2026-09-08T02:39:15.019Z","CARA_COCOK":"WebGIS","NAMA_JALAN":"Jl. Kp. Durian","KELURAHAN":"Batam Kota","KECAMATAN":"BATAM KOTA","JENIS":"Persimpangan","TIPE":"Simpang Tak Bersinyal","JARAK_M":13.3,"JML_POV":3,"POV_MEAN":13.0,"POV_MEDIAN":13.3,"POV_MAKS":14.9,"POV_MIN":10.7},"geometry":{"type":"Point","coordinates":[104.03465062,1.13609455]}},{"type":"Feature","id":"ANL-BTK-DUR-SIM-001-POV-03","properties":{"ID_POV":"ANL-BTK-DUR-SIM-001-POV-03","ID_TITIK":"ANL-BTK-DUR-SIM-001","UID":"UID-2530","ID_WEBGIS":"ANL-BTK-DUR-SIM-001","POV_KE":3,"LON":104.03459966,"LAT":1.13622326,"STATUS_POV":"baru","SURVEYOR":"","WAKTU":"2026-09-08T02:39:27.932Z","CARA_COCOK":"WebGIS","NAMA_JALAN":"Jl. Kp. Durian","KELURAHAN":"Batam Kota","KECAMATAN":"BATAM KOTA","JENIS":"Persimpangan","TIPE":"Simpang Tak Bersinyal","JARAK_M":10.7,"JML_POV":3,"POV_MEAN":13.0,"POV_MEDIAN":13.3,"POV_MAKS":14.9,"POV_MIN":10.7},"geometry":{"type":"Point","coordinates":[104.03459966,1.13622326]}},{"type":"Feature","id":"ANL-BTK-DUR-SIM-001-POV-04","properties":{"ID_POV":"ANL-BTK-DUR-SIM-001-POV-04","ID_TITIK":"ANL-BTK-DUR-SIM-001","UID":"UID-2530","ID_WEBGIS":"ANL-BTK-DUR-SIM-001","POV_KE":4,"LON":104.03457284,"LAT":1.13601545,"STATUS_POV":"baru","SURVEYOR":"","WAKTU":"2026-09-08T02:39:59.453Z","CARA_COCOK":"WebGIS","NAMA_JALAN":"Jl. Kp. Durian","KELURAHAN":"Batam Kota","KECAMATAN":"BATAM KOTA","JENIS":"Persimpangan","TIPE":"Simpang Tak Bersinyal","JARAK_M":14.9,"JML_POV":3,"POV_MEAN":13.0,"POV_MEDIAN":13.3,"POV_MAKS":14.9,"POV_MIN":10.7},"geometry":{"type":"Point","coordinates":[104.03457284,1.13601545]}},{"type":"Feature","id":"ANL-BTK-CBO-SIM-001-POV-03","properties":{"ID_POV":"ANL-BTK-CBO-SIM-001-POV-03","ID_TITIK":"ANL-BTK-CBO-SIM-001","UID":"UID-2500","ID_WEBGIS":"ANL-BTK-CBO-SIM-001","POV_KE":3,"LON":104.07486126,"LAT":1.12015482,"STATUS_POV":"baru","SURVEYOR":"","WAKTU":"2026-09-08T02:42:02.520Z","CARA_COCOK":"WebGIS","NAMA_JALAN":"Jl. Central Boulevard","KELURAHAN":"BELIAN","KECAMATAN":"BATAM KOTA","JENIS":"Persimpangan","TIPE":"Simpang Tak Bersinyal","JARAK_M":15.4,"JML_POV":3,"POV_MEAN":15.4,"POV_MEDIAN":15.4,"POV_MAKS":15.7,"POV_MIN":15.1},"geometry":{"type":"Point","coordinates":[104.07486126,1.12015482]}},{"type":"Feature","id":"ANL-BTK-JKP-SIM-002-POV-04","properties":{"ID_POV":"ANL-BTK-JKP-SIM-002-POV-04","ID_TITIK":"ANL-BTK-JKP-SIM-002","UID":"UID-2499","ID_WEBGIS":"ANL-BTK-JKP-SIM-002","POV_KE":4,"LON":104.09959208,"LAT":1.12643138,"STATUS_POV":"baru","SURVEYOR":"","WAKTU":"2026-09-08T02:42:35.008Z","CARA_COCOK":"WebGIS","NAMA_JALAN":"JL. KAWASAN PERUMAHAN BOTANIA GARDEN","KELURAHAN":"BELIAN","KECAMATAN":"BATAM KOTA","JENIS":"Persimpangan","TIPE":"Simpang Tak Bersinyal","JARAK_M":11.5,"JML_POV":3,"POV_MEAN":13.3,"POV_MEDIAN":12.9,"POV_MAKS":15.6,"POV_MIN":11.5},"geometry":{"type":"Point","coordinates":[104.09959208,1.12643138]}},{"type":"Feature","id":"ANL-LBJ-UFC-SIM-001-POV-01","properties":{"ID_POV":"ANL-LBJ-UFC-SIM-001-POV-01","ID_TITIK":"ANL-LBJ-UFC-SIM-001","UID":"UID-2502","ID_WEBGIS":"ANL-LBJ-UFC-SIM-001","POV_KE":1,"LON":104.00608778,"LAT":1.14207336,"STATUS_POV":"baru","SURVEYOR":"","WAKTU":"2026-09-08T02:43:01.098Z","CARA_COCOK":"WebGIS","NAMA_JALAN":"Jl. Utama Food Court - Tos 3000","KELURAHAN":"BATU SELICIN","KECAMATAN":"LUBUK BAJA","JENIS":"Persimpangan","TIPE":"Simpang Tak Bersinyal","JARAK_M":30.9,"JML_POV":3,"POV_MEAN":17.5,"POV_MEDIAN":14.6,"POV_MAKS":30.9,"POV_MIN":6.9},"geometry":{"type":"Point","coordinates":[104.00608778,1.14207336]}},{"type":"Feature","id":"ANL-LBJ-UFC-SIM-001-POV-03","properties":{"ID_POV":"ANL-LBJ-UFC-SIM-001-POV-03","ID_TITIK":"ANL-LBJ-UFC-SIM-001","UID":"UID-2502","ID_WEBGIS":"ANL-LBJ-UFC-SIM-001","POV_KE":3,"LON":104.00577396,"LAT":1.14210686,"STATUS_POV":"baru","SURVEYOR":"","WAKTU":"2026-09-08T02:43:14.201Z","CARA_COCOK":"WebGIS","NAMA_JALAN":"Jl. Utama Food Court - Tos 3000","KELURAHAN":"BATU SELICIN","KECAMATAN":"LUBUK BAJA","JENIS":"Persimpangan","TIPE":"Simpang Tak Bersinyal","JARAK_M":6.9,"JML_POV":3,"POV_MEAN":17.5,"POV_MEDIAN":14.6,"POV_MAKS":30.9,"POV_MIN":6.9},"geometry":{"type":"Point","coordinates":[104.00577396,1.14210686]}},{"type":"Feature","id":"ANL-LBJ-UFC-SIM-002-POV-01","properties":{"ID_POV":"ANL-LBJ-UFC-SIM-002-POV-01","ID_TITIK":"ANL-LBJ-UFC-SIM-002","UID":"UID-2503","ID_WEBGIS":"ANL-LBJ-UFC-SIM-002","POV_KE":1,"LON":104.00171098,"LAT":1.13756704,"STATUS_POV":"baru","SURVEYOR":"","WAKTU":"2026-09-08T02:43:37.467Z","CARA_COCOK":"WebGIS","NAMA_JALAN":"Jl. Utama Food Court - Tos 3000","KELURAHAN":"BATU SELICIN","KECAMATAN":"LUBUK BAJA","JENIS":"Persimpangan","TIPE":"Simpang Tak Bersinyal","JARAK_M":22.9,"JML_POV":3,"POV_MEAN":24.1,"POV_MEDIAN":22.9,"POV_MAKS":30.5,"POV_MIN":18.8},"geometry":{"type":"Point","coordinates":[104.00171098,1.13756704]}},{"type":"Feature","id":"ANL-LBJ-UFC-SIM-002-POV-02","properties":{"ID_POV":"ANL-LBJ-UFC-SIM-002-POV-02","ID_TITIK":"ANL-LBJ-UFC-SIM-002","UID":"UID-2503","ID_WEBGIS":"ANL-LBJ-UFC-SIM-002","POV_KE":2,"LON":104.00168443,"LAT":1.1373338,"STATUS_POV":"baru","SURVEYOR":"","WAKTU":"2026-09-08T02:43:48.530Z","CARA_COCOK":"WebGIS","NAMA_JALAN":"Jl. Utama Food Court - Tos 3000","KELURAHAN":"BATU SELICIN","KECAMATAN":"LUBUK BAJA","JENIS":"Persimpangan","TIPE":"Simpang Tak Bersinyal","JARAK_M":18.8,"JML_POV":3,"POV_MEAN":24.1,"POV_MEDIAN":22.9,"POV_MAKS":30.5,"POV_MIN":18.8},"geometry":{"type":"Point","coordinates":[104.00168443,1.1373338]}},{"type":"Feature","id":"ANL-LBJ-UFC-SIM-002-POV-03","properties":{"ID_POV":"ANL-LBJ-UFC-SIM-002-POV-03","ID_TITIK":"ANL-LBJ-UFC-SIM-002","UID":"UID-2503","ID_WEBGIS":"ANL-LBJ-UFC-SIM-002","POV_KE":3,"LON":104.00158167,"LAT":1.13771023,"STATUS_POV":"baru","SURVEYOR":"","WAKTU":"2026-09-08T02:43:53.834Z","CARA_COCOK":"WebGIS","NAMA_JALAN":"Jl. Utama Food Court - Tos 3000","KELURAHAN":"BATU SELICIN","KECAMATAN":"LUBUK BAJA","JENIS":"Persimpangan","TIPE":"Simpang Tak Bersinyal","JARAK_M":30.5,"JML_POV":3,"POV_MEAN":24.1,"POV_MEDIAN":22.9,"POV_MAKS":30.5,"POV_MIN":18.8},"geometry":{"type":"Point","coordinates":[104.00158167,1.13771023]}},{"type":"Feature","id":"ANL-LBJ-UFC-SIM-003-POV-01","properties":{"ID_POV":"ANL-LBJ-UFC-SIM-003-POV-01","ID_TITIK":"ANL-LBJ-UFC-SIM-003","UID":"UID-2506","ID_WEBGIS":"ANL-LBJ-UFC-SIM-003","POV_KE":1,"LON":104.005896,"LAT":1.14841014,"STATUS_POV":"baru","SURVEYOR":"","WAKTU":"2026-09-08T02:44:21.131Z","CARA_COCOK":"WebGIS","NAMA_JALAN":"Jl. Utama Food Court - Tos 3000","KELURAHAN":"LUBUK BAJA KOTA","KECAMATAN":"LUBUK BAJA","JENIS":"Persimpangan","TIPE":"Simpang Tak Bersinyal","JARAK_M":10.0,"JML_POV":3,"POV_MEAN":14.9,"POV_MEDIAN":10.0,"POV_MAKS":24.8,"POV_MIN":9.9},"geometry":{"type":"Point","coordinates":[104.005896,1.14841014]}},{"type":"Feature","id":"ANL-LBJ-UFC-SIM-003-POV-03","properties":{"ID_POV":"ANL-LBJ-UFC-SIM-003-POV-03","ID_TITIK":"ANL-LBJ-UFC-SIM-003","UID":"UID-2506","ID_WEBGIS":"ANL-LBJ-UFC-SIM-003","POV_KE":3,"LON":104.00597915,"LAT":1.14834445,"STATUS_POV":"baru","SURVEYOR":"","WAKTU":"2026-09-08T02:44:39.395Z","CARA_COCOK":"WebGIS","NAMA_JALAN":"Jl. Utama Food Court - Tos 3000","KELURAHAN":"LUBUK BAJA KOTA","KECAMATAN":"LUBUK BAJA","JENIS":"Persimpangan","TIPE":"Simpang Tak Bersinyal","JARAK_M":9.9,"JML_POV":3,"POV_MEAN":14.9,"POV_MEDIAN":10.0,"POV_MAKS":24.8,"POV_MIN":9.9},"geometry":{"type":"Point","coordinates":[104.00597915,1.14834445]}},{"type":"Feature","id":"ANL-LBJ-UFC-SIM-003-POV-04","properties":{"ID_POV":"ANL-LBJ-UFC-SIM-003-POV-04","ID_TITIK":"ANL-LBJ-UFC-SIM-003","UID":"UID-2506","ID_WEBGIS":"ANL-LBJ-UFC-SIM-003","POV_KE":4,"LON":104.00619105,"LAT":1.14835249,"STATUS_POV":"baru","SURVEYOR":"","WAKTU":"2026-09-08T02:45:00.006Z","CARA_COCOK":"WebGIS","NAMA_JALAN":"Jl. Utama Food Court - Tos 3000","KELURAHAN":"LUBUK BAJA KOTA","KECAMATAN":"LUBUK BAJA","JENIS":"Persimpangan","TIPE":"Simpang Tak Bersinyal","JARAK_M":24.8,"JML_POV":3,"POV_MEAN":14.9,"POV_MEDIAN":10.0,"POV_MAKS":24.8,"POV_MIN":9.9},"geometry":{"type":"Point","coordinates":[104.00619105,1.14835249]}},{"type":"Feature","id":"ANL-LBJ-DMN-SIM-001-POV-01","properties":{"ID_POV":"ANL-LBJ-DMN-SIM-001-POV-01","ID_TITIK":"ANL-LBJ-DMN-SIM-001","UID":"UID-2487","ID_WEBGIS":"ANL-LBJ-DMN-SIM-001","POV_KE":1,"LON":104.00119221,"LAT":1.13856733,"STATUS_POV":"baru","SURVEYOR":"","WAKTU":"2026-09-08T02:45:27.173Z","CARA_COCOK":"WebGIS","NAMA_JALAN":"Jl. Dc Mall - Nagoya Newton","KELURAHAN":"BATU SELICIN","KECAMATAN":"LUBUK BAJA","JENIS":"Persimpangan","TIPE":"Simpang Tak Bersinyal","JARAK_M":32.2,"JML_POV":3,"POV_MEAN":23.0,"POV_MEDIAN":23.6,"POV_MAKS":32.2,"POV_MIN":13.2},"geometry":{"type":"Point","coordinates":[104.00119221,1.13856733]}},{"type":"Feature","id":"ANL-LBJ-DMN-SIM-001-POV-02","properties":{"ID_POV":"ANL-LBJ-DMN-SIM-001-POV-02","ID_TITIK":"ANL-LBJ-DMN-SIM-001","UID":"UID-2487","ID_WEBGIS":"ANL-LBJ-DMN-SIM-001","POV_KE":2,"LON":104.00105096,"LAT":1.1385929,"STATUS_POV":"baru","SURVEYOR":"","WAKTU":"2026-09-08T02:45:42.069Z","CARA_COCOK":"WebGIS","NAMA_JALAN":"Jl. Dc Mall - Nagoya Newton","KELURAHAN":"BATU SELICIN","KECAMATAN":"LUBUK BAJA","JENIS":"Persimpangan","TIPE":"Simpang Tak Bersinyal","JARAK_M":23.6,"JML_POV":3,"POV_MEAN":23.0,"POV_MEDIAN":23.6,"POV_MAKS":32.2,"POV_MIN":13.2},"geometry":{"type":"Point","coordinates":[104.00105096,1.1385929]}},{"type":"Feature","id":"ANL-LBJ-DMN-SIM-001-POV-03","properties":{"ID_POV":"ANL-LBJ-DMN-SIM-001-POV-03","ID_TITIK":"ANL-LBJ-DMN-SIM-001","UID":"UID-2487","ID_WEBGIS":"ANL-LBJ-DMN-SIM-001","POV_KE":3,"LON":104.00103389,"LAT":1.13831797,"STATUS_POV":"baru","SURVEYOR":"","WAKTU":"2026-09-08T02:45:48.038Z","CARA_COCOK":"WebGIS","NAMA_JALAN":"Jl. Dc Mall - Nagoya Newton","KELURAHAN":"BATU SELICIN","KECAMATAN":"LUBUK BAJA","JENIS":"Persimpangan","TIPE":"Simpang Tak Bersinyal","JARAK_M":13.2,"JML_POV":3,"POV_MEAN":23.0,"POV_MEDIAN":23.6,"POV_MAKS":32.2,"POV_MIN":13.2},"geometry":{"type":"Point","coordinates":[104.00103389,1.13831797]}},{"type":"Feature","id":"ANL-LBJ-DMN-SIM-002-POV-01","properties":{"ID_POV":"ANL-LBJ-DMN-SIM-002-POV-01","ID_TITIK":"ANL-LBJ-DMN-SIM-002","UID":"UID-2488","ID_WEBGIS":"ANL-LBJ-DMN-SIM-002","POV_KE":1,"LON":104.0048859,"LAT":1.14501848,"STATUS_POV":"baru","SURVEYOR":"","WAKTU":"2026-09-08T02:46:24.134Z","CARA_COCOK":"WebGIS","NAMA_JALAN":"Jl. Dc Mall - Nagoya Newton","KELURAHAN":"LUBUK BAJA KOTA","KECAMATAN":"LUBUK BAJA","JENIS":"Persimpangan","TIPE":"Simpang Tak Bersinyal","JARAK_M":11.3,"JML_POV":3,"POV_MEAN":10.7,"POV_MEDIAN":11.3,"POV_MAKS":12.1,"POV_MIN":8.7},"geometry":{"type":"Point","coordinates":[104.0048859,1.14501848]}},{"type":"Feature","id":"ANL-LBJ-DMN-SIM-002-POV-02","properties":{"ID_POV":"ANL-LBJ-DMN-SIM-002-POV-02","ID_TITIK":"ANL-LBJ-DMN-SIM-002","UID":"UID-2488","ID_WEBGIS":"ANL-LBJ-DMN-SIM-002","POV_KE":2,"LON":104.00499211,"LAT":1.14509129,"STATUS_POV":"baru","SURVEYOR":"","WAKTU":"2026-09-08T02:46:38.895Z","CARA_COCOK":"WebGIS","NAMA_JALAN":"Jl. Dc Mall - Nagoya Newton","KELURAHAN":"LUBUK BAJA KOTA","KECAMATAN":"LUBUK BAJA","JENIS":"Persimpangan","TIPE":"Simpang Tak Bersinyal","JARAK_M":12.1,"JML_POV":3,"POV_MEAN":10.7,"POV_MEDIAN":11.3,"POV_MAKS":12.1,"POV_MIN":8.7},"geometry":{"type":"Point","coordinates":[104.00499211,1.14509129]}},{"type":"Feature","id":"ANL-LBJ-TER-SIM-001-POV-01","properties":{"ID_POV":"ANL-LBJ-TER-SIM-001-POV-01","ID_TITIK":"ANL-LBJ-TER-SIM-001","UID":"UID-2489","ID_WEBGIS":"ANL-LBJ-TER-SIM-001","POV_KE":1,"LON":104.01009399,"LAT":1.13942158,"STATUS_POV":"baru","SURVEYOR":"","WAKTU":"2026-09-08T02:47:26.639Z","CARA_COCOK":"WebGIS","NAMA_JALAN":"Jl.Teratai","KELURAHAN":"LUBUK BAJA KOTA","KECAMATAN":"LUBUK BAJA","JENIS":"Persimpangan","TIPE":"Simpang Tak Bersinyal","JARAK_M":13.3,"JML_POV":3,"POV_MEAN":26.8,"POV_MEDIAN":31.5,"POV_MAKS":35.5,"POV_MIN":13.3},"geometry":{"type":"Point","coordinates":[104.01009399,1.13942158]}},{"type":"Feature","id":"ANL-LBJ-TER-SIM-001-POV-02","properties":{"ID_POV":"ANL-LBJ-TER-SIM-001-POV-02","ID_TITIK":"ANL-LBJ-TER-SIM-001","UID":"UID-2489","ID_WEBGIS":"ANL-LBJ-TER-SIM-001","POV_KE":2,"LON":104.01021158,"LAT":1.13962825,"STATUS_POV":"baru","SURVEYOR":"","WAKTU":"2026-09-08T02:47:35.784Z","CARA_COCOK":"WebGIS","NAMA_JALAN":"Jl.Teratai","KELURAHAN":"LUBUK BAJA KOTA","KECAMATAN":"LUBUK BAJA","JENIS":"Persimpangan","TIPE":"Simpang Tak Bersinyal","JARAK_M":31.5,"JML_POV":3,"POV_MEAN":26.8,"POV_MEDIAN":31.5,"POV_MAKS":35.5,"POV_MIN":13.3},"geometry":{"type":"Point","coordinates":[104.01021158,1.13962825]}},{"type":"Feature","id":"ANL-LBJ-TER-SIM-001-POV-03","properties":{"ID_POV":"ANL-LBJ-TER-SIM-001-POV-03","ID_TITIK":"ANL-LBJ-TER-SIM-001","UID":"UID-2489","ID_WEBGIS":"ANL-LBJ-TER-SIM-001","POV_KE":3,"LON":104.00981069,"LAT":1.13973225,"STATUS_POV":"baru","SURVEYOR":"","WAKTU":"2026-09-08T02:47:44.657Z","CARA_COCOK":"WebGIS","NAMA_JALAN":"Jl.Teratai","KELURAHAN":"LUBUK BAJA KOTA","KECAMATAN":"LUBUK BAJA","JENIS":"Persimpangan","TIPE":"Simpang Tak Bersinyal","JARAK_M":35.5,"JML_POV":3,"POV_MEAN":26.8,"POV_MEDIAN":31.5,"POV_MAKS":35.5,"POV_MIN":13.3},"geometry":{"type":"Point","coordinates":[104.00981069,1.13973225]}},{"type":"Feature","id":"ANL-LBJ-TER-SIM-002-POV-01","properties":{"ID_POV":"ANL-LBJ-TER-SIM-002-POV-01","ID_TITIK":"ANL-LBJ-TER-SIM-002","UID":"UID-2490","ID_WEBGIS":"ANL-LBJ-TER-SIM-002","POV_KE":1,"LON":104.00496177,"LAT":1.14215404,"STATUS_POV":"baru","SURVEYOR":"","WAKTU":"2026-09-08T02:48:17.585Z","CARA_COCOK":"WebGIS","NAMA_JALAN":"Jl.Teratai","KELURAHAN":"BATU SELICIN","KECAMATAN":"LUBUK BAJA","JENIS":"Persimpangan","TIPE":"Simpang Tak Bersinyal","JARAK_M":11.0,"JML_POV":3,"POV_MEAN":21.6,"POV_MEDIAN":24.0,"POV_MAKS":29.7,"POV_MIN":11.0},"geometry":{"type":"Point","coordinates":[104.00496177,1.14215404]}},{"type":"Feature","id":"ANL-LBJ-TER-SIM-002-POV-02","properties":{"ID_POV":"ANL-LBJ-TER-SIM-002-POV-02","ID_TITIK":"ANL-LBJ-TER-SIM-002","UID":"UID-2490","ID_WEBGIS":"ANL-LBJ-TER-SIM-002","POV_KE":2,"LON":104.00465262,"LAT":1.14196064,"STATUS_POV":"baru","SURVEYOR":"","WAKTU":"2026-09-08T02:48:37.721Z","CARA_COCOK":"WebGIS","NAMA_JALAN":"Jl.Teratai","KELURAHAN":"BATU SELICIN","KECAMATAN":"LUBUK BAJA","JENIS":"Persimpangan","TIPE":"Simpang Tak Bersinyal","JARAK_M":29.7,"JML_POV":3,"POV_MEAN":21.6,"POV_MEDIAN":24.0,"POV_MAKS":29.7,"POV_MIN":11.0},"geometry":{"type":"Point","coordinates":[104.00465262,1.14196064]}},{"type":"Feature","id":"PWK-LBJ-BUN-SIM-001-POV-01","properties":{"ID_POV":"PWK-LBJ-BUN-SIM-001-POV-01","ID_TITIK":"PWK-LBJ-BUN-SIM-001","UID":"UID-2390","ID_WEBGIS":"PWK-LBJ-BUN-SIM-001","POV_KE":1,"LON":104.01108339,"LAT":1.13188833,"STATUS_POV":"baru","SURVEYOR":"","WAKTU":"2026-09-08T02:49:07.666Z","CARA_COCOK":"WebGIS","NAMA_JALAN":"Jl. Bunga Raya","KELURAHAN":"BATU SELICIN","KECAMATAN":"LUBUK BAJA","JENIS":"Persimpangan","TIPE":"Simpang Tak Bersinyal","JARAK_M":21.3,"JML_POV":3,"POV_MEAN":16.3,"POV_MEDIAN":17.5,"POV_MAKS":21.3,"POV_MIN":10.0},"geometry":{"type":"Point","coordinates":[104.01108339,1.13188833]}},{"type":"Feature","id":"PWK-LBJ-BUN-SIM-001-POV-02","properties":{"ID_POV":"PWK-LBJ-BUN-SIM-001-POV-02","ID_TITIK":"PWK-LBJ-BUN-SIM-001","UID":"UID-2390","ID_WEBGIS":"PWK-LBJ-BUN-SIM-001","POV_KE":2,"LON":104.01111057,"LAT":1.13203004,"STATUS_POV":"baru","SURVEYOR":"","WAKTU":"2026-09-08T02:49:17.891Z","CARA_COCOK":"WebGIS","NAMA_JALAN":"Jl. Bunga Raya","KELURAHAN":"BATU SELICIN","KECAMATAN":"LUBUK BAJA","JENIS":"Persimpangan","TIPE":"Simpang Tak Bersinyal","JARAK_M":10.0,"JML_POV":3,"POV_MEAN":16.3,"POV_MEDIAN":17.5,"POV_MAKS":21.3,"POV_MIN":10.0},"geometry":{"type":"Point","coordinates":[104.01111057,1.13203004]}},{"type":"Feature","id":"PWK-LBJ-BUN-SIM-001-POV-03","properties":{"ID_POV":"PWK-LBJ-BUN-SIM-001-POV-03","ID_TITIK":"PWK-LBJ-BUN-SIM-001","UID":"UID-2390","ID_WEBGIS":"PWK-LBJ-BUN-SIM-001","POV_KE":3,"LON":104.01130782,"LAT":1.13192575,"STATUS_POV":"baru","SURVEYOR":"","WAKTU":"2026-09-08T02:49:29.179Z","CARA_COCOK":"WebGIS","NAMA_JALAN":"Jl. Bunga Raya","KELURAHAN":"BATU SELICIN","KECAMATAN":"LUBUK BAJA","JENIS":"Persimpangan","TIPE":"Simpang Tak Bersinyal","JARAK_M":17.5,"JML_POV":3,"POV_MEAN":16.3,"POV_MEDIAN":17.5,"POV_MAKS":21.3,"POV_MIN":10.0},"geometry":{"type":"Point","coordinates":[104.01130782,1.13192575]}},{"type":"Feature","id":"ANL-LBJ-PEM-SIM-024-POV-01","properties":{"ID_POV":"ANL-LBJ-PEM-SIM-024-POV-01","ID_TITIK":"ANL-LBJ-PEM-SIM-024","UID":"UID-2527","ID_WEBGIS":"ANL-LBJ-PEM-SIM-024","POV_KE":1,"LON":104.00838894,"LAT":1.13523279,"STATUS_POV":"baru","SURVEYOR":"","WAKTU":"2026-09-08T02:49:59.299Z","CARA_COCOK":"WebGIS","NAMA_JALAN":"Jl. Pembangunan","KELURAHAN":"BATU SELICIN","KECAMATAN":"LUBUK BAJA","JENIS":"Persimpangan","TIPE":"Simpang Tak Bersinyal","JARAK_M":12.5,"JML_POV":3,"POV_MEAN":32.7,"POV_MEDIAN":36.7,"POV_MAKS":48.8,"POV_MIN":12.5},"geometry":{"type":"Point","coordinates":[104.00838894,1.13523279]}},{"type":"Feature","id":"ANL-LBJ-PEM-SIM-024-POV-02","properties":{"ID_POV":"ANL-LBJ-PEM-SIM-024-POV-02","ID_TITIK":"ANL-LBJ-PEM-SIM-024","UID":"UID-2527","ID_WEBGIS":"ANL-LBJ-PEM-SIM-024","POV_KE":2,"LON":104.00830928,"LAT":1.135667,"STATUS_POV":"baru","SURVEYOR":"","WAKTU":"2026-09-08T02:50:12.292Z","CARA_COCOK":"WebGIS","NAMA_JALAN":"Jl. Pembangunan","KELURAHAN":"BATU SELICIN","KECAMATAN":"LUBUK BAJA","JENIS":"Persimpangan","TIPE":"Simpang Tak Bersinyal","JARAK_M":36.7,"JML_POV":3,"POV_MEAN":32.7,"POV_MEDIAN":36.7,"POV_MAKS":48.8,"POV_MIN":12.5},"geometry":{"type":"Point","coordinates":[104.00830928,1.135667]}},{"type":"Feature","id":"ANL-LBJ-PEM-SIM-024-POV-03","properties":{"ID_POV":"ANL-LBJ-PEM-SIM-024-POV-03","ID_TITIK":"ANL-LBJ-PEM-SIM-024","UID":"UID-2527","ID_WEBGIS":"ANL-LBJ-PEM-SIM-024","POV_KE":3,"LON":104.00802702,"LAT":1.13505004,"STATUS_POV":"baru","SURVEYOR":"","WAKTU":"2026-09-08T02:50:23.972Z","CARA_COCOK":"WebGIS","NAMA_JALAN":"Jl. Pembangunan","KELURAHAN":"BATU SELICIN","KECAMATAN":"LUBUK BAJA","JENIS":"Persimpangan","TIPE":"Simpang Tak Bersinyal","JARAK_M":48.8,"JML_POV":3,"POV_MEAN":32.7,"POV_MEDIAN":36.7,"POV_MAKS":48.8,"POV_MIN":12.5},"geometry":{"type":"Point","coordinates":[104.00802702,1.13505004]}},{"type":"Feature","id":"ANL-SKP-GMA-SIM-036-POV-01","properties":{"ID_POV":"ANL-SKP-GMA-SIM-036-POV-01","ID_TITIK":"ANL-SKP-GMA-SIM-036","UID":"UID-2486","ID_WEBGIS":"ANL-SKP-GMA-SIM-036","POV_KE":1,"LON":103.94738549,"LAT":1.06036316,"STATUS_POV":"baru","SURVEYOR":"","WAKTU":"2026-09-08T02:51:08.813Z","CARA_COCOK":"WebGIS","NAMA_JALAN":"Jl. Graha Mas","KELURAHAN":"TANJUNG RIAU","KECAMATAN":"SEKUPANG","JENIS":"Persimpangan","TIPE":"Simpang Tak Bersinyal","JARAK_M":38.6,"JML_POV":3,"POV_MEAN":25.8,"POV_MEDIAN":23.8,"POV_MAKS":38.6,"POV_MIN":14.9},"geometry":{"type":"Point","coordinates":[103.94738549,1.06036316]}},{"type":"Feature","id":"ANL-SKP-GMA-SIM-036-POV-02","properties":{"ID_POV":"ANL-SKP-GMA-SIM-036-POV-02","ID_TITIK":"ANL-SKP-GMA-SIM-036","UID":"UID-2486","ID_WEBGIS":"ANL-SKP-GMA-SIM-036","POV_KE":2,"LON":103.94773364,"LAT":1.06029719,"STATUS_POV":"baru","SURVEYOR":"","WAKTU":"2026-09-08T02:51:29.462Z","CARA_COCOK":"WebGIS","NAMA_JALAN":"Jl. Graha Mas","KELURAHAN":"TANJUNG RIAU","KECAMATAN":"SEKUPANG","JENIS":"Persimpangan","TIPE":"Simpang Tak Bersinyal","JARAK_M":14.9,"JML_POV":3,"POV_MEAN":25.8,"POV_MEDIAN":23.8,"POV_MAKS":38.6,"POV_MIN":14.9},"geometry":{"type":"Point","coordinates":[103.94773364,1.06029719]}},{"type":"Feature","id":"ANL-SKP-GMA-SIM-036-POV-03","properties":{"ID_POV":"ANL-SKP-GMA-SIM-036-POV-03","ID_TITIK":"ANL-SKP-GMA-SIM-036","UID":"UID-2486","ID_WEBGIS":"ANL-SKP-GMA-SIM-036","POV_KE":3,"LON":103.94756466,"LAT":1.05999418,"STATUS_POV":"baru","SURVEYOR":"","WAKTU":"2026-09-08T02:51:33.830Z","CARA_COCOK":"WebGIS","NAMA_JALAN":"Jl. Graha Mas","KELURAHAN":"TANJUNG RIAU","KECAMATAN":"SEKUPANG","JENIS":"Persimpangan","TIPE":"Simpang Tak Bersinyal","JARAK_M":23.8,"JML_POV":3,"POV_MEAN":25.8,"POV_MEDIAN":23.8,"POV_MAKS":38.6,"POV_MIN":14.9},"geometry":{"type":"Point","coordinates":[103.94756466,1.05999418]}},{"type":"Feature","id":"ANL-LBJ-DMN-SIM-002-POV-03","properties":{"ID_POV":"ANL-LBJ-DMN-SIM-002-POV-03","ID_TITIK":"ANL-LBJ-DMN-SIM-002","UID":"UID-2488","ID_WEBGIS":"ANL-LBJ-DMN-SIM-002","POV_KE":3,"LON":104.00481288,"LAT":1.14509508,"STATUS_POV":"baru","SURVEYOR":"","WAKTU":"2026-09-08T02:53:05.040Z","CARA_COCOK":"WebGIS","NAMA_JALAN":"Jl. Dc Mall - Nagoya Newton","KELURAHAN":"LUBUK BAJA KOTA","KECAMATAN":"LUBUK BAJA","JENIS":"Persimpangan","TIPE":"Simpang Tak Bersinyal","JARAK_M":8.7,"JML_POV":3,"POV_MEAN":10.7,"POV_MEDIAN":11.3,"POV_MAKS":12.1,"POV_MIN":8.7},"geometry":{"type":"Point","coordinates":[104.00481288,1.14509508]}},{"type":"Feature","id":"ANL-LBJ-TER-SIM-002-POV-03","properties":{"ID_POV":"ANL-LBJ-TER-SIM-002-POV-03","ID_TITIK":"ANL-LBJ-TER-SIM-002","UID":"UID-2490","ID_WEBGIS":"ANL-LBJ-TER-SIM-002","POV_KE":3,"LON":104.00485423,"LAT":1.14230101,"STATUS_POV":"baru","SURVEYOR":"","WAKTU":"2026-09-08T02:53:37.177Z","CARA_COCOK":"WebGIS","NAMA_JALAN":"Jl.Teratai","KELURAHAN":"BATU SELICIN","KECAMATAN":"LUBUK BAJA","JENIS":"Persimpangan","TIPE":"Simpang Tak Bersinyal","JARAK_M":24.0,"JML_POV":3,"POV_MEAN":21.6,"POV_MEDIAN":24.0,"POV_MAKS":29.7,"POV_MIN":11.0},"geometry":{"type":"Point","coordinates":[104.00485423,1.14230101]}},{"type":"Feature","id":"ANL-LBJ-UFC-SIM-001-POV-04","properties":{"ID_POV":"ANL-LBJ-UFC-SIM-001-POV-04","ID_TITIK":"ANL-LBJ-UFC-SIM-001","UID":"UID-2502","ID_WEBGIS":"ANL-LBJ-UFC-SIM-001","POV_KE":4,"LON":104.00583431,"LAT":1.14201704,"STATUS_POV":"baru","SURVEYOR":"","WAKTU":"2026-09-08T02:54:21.138Z","CARA_COCOK":"WebGIS","NAMA_JALAN":"Jl. Utama Food Court - Tos 3000","KELURAHAN":"BATU SELICIN","KECAMATAN":"LUBUK BAJA","JENIS":"Persimpangan","TIPE":"Simpang Tak Bersinyal","JARAK_M":14.6,"JML_POV":3,"POV_MEAN":17.5,"POV_MEDIAN":14.6,"POV_MAKS":30.9,"POV_MIN":6.9},"geometry":{"type":"Point","coordinates":[104.00583431,1.14201704]}},{"type":"Feature","id":"ANL-BAJ-GBR-SIM-001-POV-01","properties":{"ID_POV":"ANL-BAJ-GBR-SIM-001-POV-01","ID_TITIK":"ANL-BAJ-GBR-SIM-001","UID":"UID-2483","ID_WEBGIS":"ANL-BAJ-GBR-SIM-001","POV_KE":1,"LON":103.97711197,"LAT":1.0488921,"STATUS_POV":"baru","SURVEYOR":"","WAKTU":"2026-09-08T02:55:09.123Z","CARA_COCOK":"WebGIS","NAMA_JALAN":"Jl. Wan Sribeni","KELURAHAN":"BULIANG","KECAMATAN":"BATU AJI","JENIS":"Persimpangan","TIPE":"Simpang Tak Bersinyal","JARAK_M":31.4,"JML_POV":3,"POV_MEAN":20.9,"POV_MEDIAN":16.3,"POV_MAKS":31.4,"POV_MIN":14.9},"geometry":{"type":"Point","coordinates":[103.97711197,1.0488921]}},{"type":"Feature","id":"ANL-BAJ-GBR-SIM-001-POV-02","properties":{"ID_POV":"ANL-BAJ-GBR-SIM-001-POV-02","ID_TITIK":"ANL-BAJ-GBR-SIM-001","UID":"UID-2483","ID_WEBGIS":"ANL-BAJ-GBR-SIM-001","POV_KE":2,"LON":103.97721439,"LAT":1.04862853,"STATUS_POV":"baru","SURVEYOR":"","WAKTU":"2026-09-08T02:55:17.787Z","CARA_COCOK":"WebGIS","NAMA_JALAN":"Jl. Wan Sribeni","KELURAHAN":"BULIANG","KECAMATAN":"BATU AJI","JENIS":"Persimpangan","TIPE":"Simpang Tak Bersinyal","JARAK_M":16.3,"JML_POV":3,"POV_MEAN":20.9,"POV_MEDIAN":16.3,"POV_MAKS":31.4,"POV_MIN":14.9},"geometry":{"type":"Point","coordinates":[103.97721439,1.04862853]}},{"type":"Feature","id":"ANL-BAJ-GBR-SIM-001-POV-03","properties":{"ID_POV":"ANL-BAJ-GBR-SIM-001-POV-03","ID_TITIK":"ANL-BAJ-GBR-SIM-001","UID":"UID-2483","ID_WEBGIS":"ANL-BAJ-GBR-SIM-001","POV_KE":3,"LON":103.97695266,"LAT":1.04867973,"STATUS_POV":"baru","SURVEYOR":"","WAKTU":"2026-09-08T02:55:36.260Z","CARA_COCOK":"WebGIS","NAMA_JALAN":"Jl. Wan Sribeni","KELURAHAN":"BULIANG","KECAMATAN":"BATU AJI","JENIS":"Persimpangan","TIPE":"Simpang Tak Bersinyal","JARAK_M":14.9,"JML_POV":3,"POV_MEAN":20.9,"POV_MEDIAN":16.3,"POV_MAKS":31.4,"POV_MIN":14.9},"geometry":{"type":"Point","coordinates":[103.97695266,1.04867973]}},{"type":"Feature","id":"ANL-BAJ-GBR-SIM-003-POV-01","properties":{"ID_POV":"ANL-BAJ-GBR-SIM-003-POV-01","ID_TITIK":"ANL-BAJ-GBR-SIM-003","UID":"UID-2524","ID_WEBGIS":"ANL-BAJ-GBR-SIM-003","POV_KE":1,"LON":103.9725108,"LAT":1.04940979,"STATUS_POV":"baru","SURVEYOR":"","WAKTU":"2026-09-08T02:56:25.774Z","CARA_COCOK":"WebGIS","NAMA_JALAN":"Jl. Wan Sribeni","KELURAHAN":"BULIANG","KECAMATAN":"BATU AJI","JENIS":"Persimpangan","TIPE":"Simpang Tak Bersinyal","JARAK_M":21.1,"JML_POV":3,"POV_MEAN":19.9,"POV_MEDIAN":19.7,"POV_MAKS":21.1,"POV_MIN":18.9},"geometry":{"type":"Point","coordinates":[103.9725108,1.04940979]}},{"type":"Feature","id":"ANL-BAJ-GBR-SIM-003-POV-02","properties":{"ID_POV":"ANL-BAJ-GBR-SIM-003-POV-02","ID_TITIK":"ANL-BAJ-GBR-SIM-003","UID":"UID-2524","ID_WEBGIS":"ANL-BAJ-GBR-SIM-003","POV_KE":2,"LON":103.97263977,"LAT":1.04916518,"STATUS_POV":"baru","SURVEYOR":"","WAKTU":"2026-09-08T02:56:34.862Z","CARA_COCOK":"WebGIS","NAMA_JALAN":"Jl. Wan Sribeni","KELURAHAN":"BULIANG","KECAMATAN":"BATU AJI","JENIS":"Persimpangan","TIPE":"Simpang Tak Bersinyal","JARAK_M":18.9,"JML_POV":3,"POV_MEAN":19.9,"POV_MEDIAN":19.7,"POV_MAKS":21.1,"POV_MIN":18.9},"geometry":{"type":"Point","coordinates":[103.97263977,1.04916518]}},{"type":"Feature","id":"ANL-BAJ-GBR-SIM-003-POV-03","properties":{"ID_POV":"ANL-BAJ-GBR-SIM-003-POV-03","ID_TITIK":"ANL-BAJ-GBR-SIM-003","UID":"UID-2524","ID_WEBGIS":"ANL-BAJ-GBR-SIM-003","POV_KE":3,"LON":103.97230597,"LAT":1.04918604,"STATUS_POV":"baru","SURVEYOR":"","WAKTU":"2026-09-08T02:56:48.654Z","CARA_COCOK":"WebGIS","NAMA_JALAN":"Jl. Wan Sribeni","KELURAHAN":"BULIANG","KECAMATAN":"BATU AJI","JENIS":"Persimpangan","TIPE":"Simpang Tak Bersinyal","JARAK_M":19.7,"JML_POV":3,"POV_MEAN":19.9,"POV_MEDIAN":19.7,"POV_MAKS":21.1,"POV_MIN":18.9},"geometry":{"type":"Point","coordinates":[103.97230597,1.04918604]}},{"type":"Feature","id":"ANL-BAJ-GBR-SIM-002-POV-01","properties":{"ID_POV":"ANL-BAJ-GBR-SIM-002-POV-01","ID_TITIK":"ANL-BAJ-GBR-SIM-002","UID":"UID-2484","ID_WEBGIS":"ANL-BAJ-GBR-SIM-002","POV_KE":1,"LON":103.97739267,"LAT":1.05221253,"STATUS_POV":"baru","SURVEYOR":"","WAKTU":"2026-09-08T02:57:27.519Z","CARA_COCOK":"WebGIS","NAMA_JALAN":"Jl. R. Suprapto","KELURAHAN":"BULIANG","KECAMATAN":"BATU AJI","JENIS":"Persimpangan","TIPE":"Simpang Tak Bersinyal","JARAK_M":19.5,"JML_POV":3,"POV_MEAN":19.1,"POV_MEDIAN":19.5,"POV_MAKS":20.5,"POV_MIN":17.4},"geometry":{"type":"Point","coordinates":[103.97739267,1.05221253]}},{"type":"Feature","id":"ANL-BAJ-GBR-SIM-002-POV-02","properties":{"ID_POV":"ANL-BAJ-GBR-SIM-002-POV-02","ID_TITIK":"ANL-BAJ-GBR-SIM-002","UID":"UID-2484","ID_WEBGIS":"ANL-BAJ-GBR-SIM-002","POV_KE":2,"LON":103.97755767,"LAT":1.05231682,"STATUS_POV":"baru","SURVEYOR":"","WAKTU":"2026-09-08T02:57:38.799Z","CARA_COCOK":"WebGIS","NAMA_JALAN":"Jl. R. Suprapto","KELURAHAN":"BULIANG","KECAMATAN":"BATU AJI","JENIS":"Persimpangan","TIPE":"Simpang Tak Bersinyal","JARAK_M":17.4,"JML_POV":3,"POV_MEAN":19.1,"POV_MEDIAN":19.5,"POV_MAKS":20.5,"POV_MIN":17.4},"geometry":{"type":"Point","coordinates":[103.97755767,1.05231682]}},{"type":"Feature","id":"ANL-BAJ-GBR-SIM-002-POV-03","properties":{"ID_POV":"ANL-BAJ-GBR-SIM-002-POV-03","ID_TITIK":"ANL-BAJ-GBR-SIM-002","UID":"UID-2484","ID_WEBGIS":"ANL-BAJ-GBR-SIM-002","POV_KE":3,"LON":103.97723335,"LAT":1.05236991,"STATUS_POV":"baru","SURVEYOR":"","WAKTU":"2026-09-08T02:57:43.775Z","CARA_COCOK":"WebGIS","NAMA_JALAN":"Jl. R. Suprapto","KELURAHAN":"BULIANG","KECAMATAN":"BATU AJI","JENIS":"Persimpangan","TIPE":"Simpang Tak Bersinyal","JARAK_M":20.5,"JML_POV":3,"POV_MEAN":19.1,"POV_MEDIAN":19.5,"POV_MAKS":20.5,"POV_MIN":17.4},"geometry":{"type":"Point","coordinates":[103.97723335,1.05236991]}},{"type":"Feature","id":"ANL-BAJ-GBR-SIM-005-POV-01","properties":{"ID_POV":"ANL-BAJ-GBR-SIM-005-POV-01","ID_TITIK":"ANL-BAJ-GBR-SIM-005","UID":"UID-2526","ID_WEBGIS":"ANL-BAJ-GBR-SIM-005","POV_KE":1,"LON":103.97278413,"LAT":1.0522935,"STATUS_POV":"baru","SURVEYOR":"","WAKTU":"2026-09-08T02:58:09.712Z","CARA_COCOK":"WebGIS","NAMA_JALAN":"Jl. R. Suprapto","KELURAHAN":"BULIANG","KECAMATAN":"BATU AJI","JENIS":"Persimpangan","TIPE":"Simpang Tak Bersinyal","JARAK_M":24.0,"JML_POV":3,"POV_MEAN":19.0,"POV_MEDIAN":17.9,"POV_MAKS":24.0,"POV_MIN":15.0},"geometry":{"type":"Point","coordinates":[103.97278413,1.0522935]}},{"type":"Feature","id":"ANL-BAJ-GBR-SIM-005-POV-02","properties":{"ID_POV":"ANL-BAJ-GBR-SIM-005-POV-02","ID_TITIK":"ANL-BAJ-GBR-SIM-005","UID":"UID-2526","ID_WEBGIS":"ANL-BAJ-GBR-SIM-005","POV_KE":2,"LON":103.97299254,"LAT":1.05241732,"STATUS_POV":"baru","SURVEYOR":"","WAKTU":"2026-09-08T02:58:20.280Z","CARA_COCOK":"WebGIS","NAMA_JALAN":"Jl. R. Suprapto","KELURAHAN":"BULIANG","KECAMATAN":"BATU AJI","JENIS":"Persimpangan","TIPE":"Simpang Tak Bersinyal","JARAK_M":15.0,"JML_POV":3,"POV_MEAN":19.0,"POV_MEDIAN":17.9,"POV_MAKS":24.0,"POV_MIN":15.0},"geometry":{"type":"Point","coordinates":[103.97299254,1.05241732]}},{"type":"Feature","id":"ANL-BAJ-GBR-SIM-004-POV-01","properties":{"ID_POV":"ANL-BAJ-GBR-SIM-004-POV-01","ID_TITIK":"ANL-BAJ-GBR-SIM-004","UID":"UID-2525","ID_WEBGIS":"ANL-BAJ-GBR-SIM-004","POV_KE":1,"LON":103.98064535,"LAT":1.04771832,"STATUS_POV":"baru","SURVEYOR":"","WAKTU":"2026-09-08T02:58:54.177Z","CARA_COCOK":"WebGIS","NAMA_JALAN":"Jl. Wan Sarbeni","KELURAHAN":"Batu Aji","KECAMATAN":"BATU AJI","JENIS":"Persimpangan","TIPE":"Simpang Tak Bersinyal","JARAK_M":16.9,"JML_POV":3,"POV_MEAN":20.0,"POV_MEDIAN":16.9,"POV_MAKS":28.9,"POV_MIN":14.1},"geometry":{"type":"Point","coordinates":[103.98064535,1.04771832]}},{"type":"Feature","id":"ANL-BAJ-GBR-SIM-004-POV-03","properties":{"ID_POV":"ANL-BAJ-GBR-SIM-004-POV-03","ID_TITIK":"ANL-BAJ-GBR-SIM-004","UID":"UID-2525","ID_WEBGIS":"ANL-BAJ-GBR-SIM-004","POV_KE":3,"LON":103.98052397,"LAT":1.04794017,"STATUS_POV":"baru","SURVEYOR":"","WAKTU":"2026-09-08T02:59:05.762Z","CARA_COCOK":"WebGIS","NAMA_JALAN":"Jl. Wan Sarbeni","KELURAHAN":"Batu Aji","KECAMATAN":"BATU AJI","JENIS":"Persimpangan","TIPE":"Simpang Tak Bersinyal","JARAK_M":14.1,"JML_POV":3,"POV_MEAN":20.0,"POV_MEDIAN":16.9,"POV_MAKS":28.9,"POV_MIN":14.1},"geometry":{"type":"Point","coordinates":[103.98052397,1.04794017]}},{"type":"Feature","id":"ANL-BAJ-GBR-SIM-004-POV-04","properties":{"ID_POV":"ANL-BAJ-GBR-SIM-004-POV-04","ID_TITIK":"ANL-BAJ-GBR-SIM-004","UID":"UID-2525","ID_WEBGIS":"ANL-BAJ-GBR-SIM-004","POV_KE":4,"LON":103.98037034,"LAT":1.04787001,"STATUS_POV":"baru","SURVEYOR":"","WAKTU":"2026-09-08T02:59:14.714Z","CARA_COCOK":"WebGIS","NAMA_JALAN":"Jl. Wan Sarbeni","KELURAHAN":"Batu Aji","KECAMATAN":"BATU AJI","JENIS":"Persimpangan","TIPE":"Simpang Tak Bersinyal","JARAK_M":28.9,"JML_POV":3,"POV_MEAN":20.0,"POV_MEDIAN":16.9,"POV_MAKS":28.9,"POV_MIN":14.1},"geometry":{"type":"Point","coordinates":[103.98037034,1.04787001]}},{"type":"Feature","id":"ANL-BAJ-BKA-SIM-011-POV-01","properties":{"ID_POV":"ANL-BAJ-BKA-SIM-011-POV-01","ID_TITIK":"ANL-BAJ-BKA-SIM-011","UID":"UID-2440","ID_WEBGIS":"ANL-BAJ-BKA-SIM-011","POV_KE":1,"LON":103.91141536,"LAT":1.06973416,"STATUS_POV":"baru","SURVEYOR":"","WAKTU":"2026-09-08T03:00:01.235Z","CARA_COCOK":"WebGIS","NAMA_JALAN":"Jl. Brigjen Katamso","KELURAHAN":"TANJUNG UNCANG","KECAMATAN":"BATU AJI","JENIS":"Persimpangan","TIPE":"Simpang Tak Bersinyal","JARAK_M":30.8,"JML_POV":3,"POV_MEAN":24.5,"POV_MEDIAN":26.0,"POV_MAKS":30.8,"POV_MIN":16.7},"geometry":{"type":"Point","coordinates":[103.91141536,1.06973416]}},{"type":"Feature","id":"ANL-BAJ-BKA-SIM-011-POV-03","properties":{"ID_POV":"ANL-BAJ-BKA-SIM-011-POV-03","ID_TITIK":"ANL-BAJ-BKA-SIM-011","UID":"UID-2440","ID_WEBGIS":"ANL-BAJ-BKA-SIM-011","POV_KE":3,"LON":103.91131105,"LAT":1.06971709,"STATUS_POV":"baru","SURVEYOR":"","WAKTU":"2026-09-08T03:00:11.483Z","CARA_COCOK":"WebGIS","NAMA_JALAN":"Jl. Brigjen Katamso","KELURAHAN":"TANJUNG UNCANG","KECAMATAN":"BATU AJI","JENIS":"Persimpangan","TIPE":"Simpang Tak Bersinyal","JARAK_M":26.0,"JML_POV":3,"POV_MEAN":24.5,"POV_MEDIAN":26.0,"POV_MAKS":30.8,"POV_MIN":16.7},"geometry":{"type":"Point","coordinates":[103.91131105,1.06971709]}},{"type":"Feature","id":"ANL-BAJ-BKA-SIM-011-POV-04","properties":{"ID_POV":"ANL-BAJ-BKA-SIM-011-POV-04","ID_TITIK":"ANL-BAJ-BKA-SIM-011","UID":"UID-2440","ID_WEBGIS":"ANL-BAJ-BKA-SIM-011","POV_KE":4,"LON":103.9114476,"LAT":1.06947249,"STATUS_POV":"baru","SURVEYOR":"","WAKTU":"2026-09-08T03:00:30.380Z","CARA_COCOK":"WebGIS","NAMA_JALAN":"Jl. Brigjen Katamso","KELURAHAN":"TANJUNG UNCANG","KECAMATAN":"BATU AJI","JENIS":"Persimpangan","TIPE":"Simpang Tak Bersinyal","JARAK_M":16.7,"JML_POV":3,"POV_MEAN":24.5,"POV_MEDIAN":26.0,"POV_MAKS":30.8,"POV_MIN":16.7},"geometry":{"type":"Point","coordinates":[103.9114476,1.06947249]}},{"type":"Feature","id":"ANL-BAJ-GMA-SIM-001-POV-01","properties":{"ID_POV":"ANL-BAJ-GMA-SIM-001-POV-01","ID_TITIK":"ANL-BAJ-GMA-SIM-001","UID":"UID-2485","ID_WEBGIS":"ANL-BAJ-GMA-SIM-001","POV_KE":1,"LON":103.94701749,"LAT":1.05678141,"STATUS_POV":"baru","SURVEYOR":"","WAKTU":"2026-09-08T03:00:53.684Z","CARA_COCOK":"WebGIS","NAMA_JALAN":"Jl. Graha Mas","KELURAHAN":"TANJUNG UNCANG","KECAMATAN":"BATU AJI","JENIS":"Persimpangan","TIPE":"Simpang Tak Bersinyal","JARAK_M":12.4,"JML_POV":3,"POV_MEAN":12.4,"POV_MEDIAN":12.4,"POV_MAKS":14.6,"POV_MIN":10.2},"geometry":{"type":"Point","coordinates":[103.94701749,1.05678141]}},{"type":"Feature","id":"ANL-BAJ-GMA-SIM-001-POV-03","properties":{"ID_POV":"ANL-BAJ-GMA-SIM-001-POV-03","ID_TITIK":"ANL-BAJ-GMA-SIM-001","UID":"UID-2485","ID_WEBGIS":"ANL-BAJ-GMA-SIM-001","POV_KE":3,"LON":103.94694105,"LAT":1.05676263,"STATUS_POV":"baru","SURVEYOR":"","WAKTU":"2026-09-08T03:01:05.325Z","CARA_COCOK":"WebGIS","NAMA_JALAN":"Jl. Graha Mas","KELURAHAN":"TANJUNG UNCANG","KECAMATAN":"BATU AJI","JENIS":"Persimpangan","TIPE":"Simpang Tak Bersinyal","JARAK_M":14.6,"JML_POV":3,"POV_MEAN":12.4,"POV_MEDIAN":12.4,"POV_MAKS":14.6,"POV_MIN":10.2},"geometry":{"type":"Point","coordinates":[103.94694105,1.05676263]}},{"type":"Feature","id":"ANL-BAJ-GMA-SIM-001-POV-04","properties":{"ID_POV":"ANL-BAJ-GMA-SIM-001-POV-04","ID_TITIK":"ANL-BAJ-GMA-SIM-001","UID":"UID-2485","ID_WEBGIS":"ANL-BAJ-GMA-SIM-001","POV_KE":4,"LON":103.94712612,"LAT":1.05668353,"STATUS_POV":"baru","SURVEYOR":"","WAKTU":"2026-09-08T03:01:16.988Z","CARA_COCOK":"WebGIS","NAMA_JALAN":"Jl. Graha Mas","KELURAHAN":"TANJUNG UNCANG","KECAMATAN":"BATU AJI","JENIS":"Persimpangan","TIPE":"Simpang Tak Bersinyal","JARAK_M":10.2,"JML_POV":3,"POV_MEAN":12.4,"POV_MEDIAN":12.4,"POV_MAKS":14.6,"POV_MIN":10.2},"geometry":{"type":"Point","coordinates":[103.94712612,1.05668353]}},{"type":"Feature","id":"ANL-SAG-PSP-SIM-001-POV-01","properties":{"ID_POV":"ANL-SAG-PSP-SIM-001-POV-01","ID_TITIK":"ANL-SAG-PSP-SIM-001","UID":"UID-2504","ID_WEBGIS":"ANL-SAG-PSP-SIM-001","POV_KE":1,"LON":103.95361975,"LAT":1.04824268,"STATUS_POV":"baru","SURVEYOR":"","WAKTU":"2026-09-08T03:01:55.009Z","CARA_COCOK":"WebGIS","NAMA_JALAN":"Jl. Perum Sagulung Permai","KELURAHAN":"SAGULUNG KOTA","KECAMATAN":"SAGULUNG","JENIS":"Persimpangan","TIPE":"Simpang Tak Bersinyal","JARAK_M":17.5,"JML_POV":3,"POV_MEAN":15.9,"POV_MEDIAN":16.7,"POV_MAKS":17.5,"POV_MIN":13.6},"geometry":{"type":"Point","coordinates":[103.95361975,1.04824268]}},{"type":"Feature","id":"ANL-SAG-PSP-SIM-001-POV-02","properties":{"ID_POV":"ANL-SAG-PSP-SIM-001-POV-02","ID_TITIK":"ANL-SAG-PSP-SIM-001","UID":"UID-2504","ID_WEBGIS":"ANL-SAG-PSP-SIM-001","POV_KE":2,"LON":103.95366041,"LAT":1.04795725,"STATUS_POV":"baru","SURVEYOR":"","WAKTU":"2026-09-08T03:02:05.943Z","CARA_COCOK":"WebGIS","NAMA_JALAN":"Jl. Perum Sagulung Permai","KELURAHAN":"SAGULUNG KOTA","KECAMATAN":"SAGULUNG","JENIS":"Persimpangan","TIPE":"Simpang Tak Bersinyal","JARAK_M":16.7,"JML_POV":3,"POV_MEAN":15.9,"POV_MEDIAN":16.7,"POV_MAKS":17.5,"POV_MIN":13.6},"geometry":{"type":"Point","coordinates":[103.95366041,1.04795725]}},{"type":"Feature","id":"ANL-SAG-PSP-SIM-001-POV-03","properties":{"ID_POV":"ANL-SAG-PSP-SIM-001-POV-03","ID_TITIK":"ANL-SAG-PSP-SIM-001","UID":"UID-2504","ID_WEBGIS":"ANL-SAG-PSP-SIM-001","POV_KE":3,"LON":103.95351437,"LAT":1.04799138,"STATUS_POV":"baru","SURVEYOR":"","WAKTU":"2026-09-08T03:02:09.670Z","CARA_COCOK":"WebGIS","NAMA_JALAN":"Jl. Perum Sagulung Permai","KELURAHAN":"SAGULUNG KOTA","KECAMATAN":"SAGULUNG","JENIS":"Persimpangan","TIPE":"Simpang Tak Bersinyal","JARAK_M":13.6,"JML_POV":3,"POV_MEAN":15.9,"POV_MEDIAN":16.7,"POV_MAKS":17.5,"POV_MIN":13.6},"geometry":{"type":"Point","coordinates":[103.95351437,1.04799138]}},{"type":"Feature","id":"ANL-SAG-PSP-SIM-002-POV-01","properties":{"ID_POV":"ANL-SAG-PSP-SIM-002-POV-01","ID_TITIK":"ANL-SAG-PSP-SIM-002","UID":"UID-2505","ID_WEBGIS":"ANL-SAG-PSP-SIM-002","POV_KE":1,"LON":103.95208243,"LAT":1.04746042,"STATUS_POV":"baru","SURVEYOR":"","WAKTU":"2026-09-08T03:02:35.694Z","CARA_COCOK":"WebGIS","NAMA_JALAN":"Jl. Perum Sagulung Permai","KELURAHAN":"SAGULUNG KOTA","KECAMATAN":"SAGULUNG","JENIS":"Persimpangan","TIPE":"Simpang Tak Bersinyal","JARAK_M":14.0,"JML_POV":3,"POV_MEAN":11.8,"POV_MEDIAN":14.0,"POV_MAKS":14.2,"POV_MIN":7.2},"geometry":{"type":"Point","coordinates":[103.95208243,1.04746042]}},{"type":"Feature","id":"ANL-SAG-PSP-SIM-002-POV-02","properties":{"ID_POV":"ANL-SAG-PSP-SIM-002-POV-02","ID_TITIK":"ANL-SAG-PSP-SIM-002","UID":"UID-2505","ID_WEBGIS":"ANL-SAG-PSP-SIM-002","POV_KE":2,"LON":103.95217916,"LAT":1.04739026,"STATUS_POV":"baru","SURVEYOR":"","WAKTU":"2026-09-08T03:02:46.759Z","CARA_COCOK":"WebGIS","NAMA_JALAN":"Jl. Perum Sagulung Permai","KELURAHAN":"SAGULUNG KOTA","KECAMATAN":"SAGULUNG","JENIS":"Persimpangan","TIPE":"Simpang Tak Bersinyal","JARAK_M":14.2,"JML_POV":3,"POV_MEAN":11.8,"POV_MEDIAN":14.0,"POV_MAKS":14.2,"POV_MIN":7.2},"geometry":{"type":"Point","coordinates":[103.95217916,1.04739026]}},{"type":"Feature","id":"ANL-SAG-PSP-SIM-002-POV-03","properties":{"ID_POV":"ANL-SAG-PSP-SIM-002-POV-03","ID_TITIK":"ANL-SAG-PSP-SIM-002","UID":"UID-2505","ID_WEBGIS":"ANL-SAG-PSP-SIM-002","POV_KE":3,"LON":103.95212985,"LAT":1.0475192,"STATUS_POV":"baru","SURVEYOR":"","WAKTU":"2026-09-08T03:02:50.959Z","CARA_COCOK":"WebGIS","NAMA_JALAN":"Jl. Perum Sagulung Permai","KELURAHAN":"SAGULUNG KOTA","KECAMATAN":"SAGULUNG","JENIS":"Persimpangan","TIPE":"Simpang Tak Bersinyal","JARAK_M":7.2,"JML_POV":3,"POV_MEAN":11.8,"POV_MEDIAN":14.0,"POV_MAKS":14.2,"POV_MIN":7.2},"geometry":{"type":"Point","coordinates":[103.95212985,1.0475192]}},{"type":"Feature","id":"ANL-SAG-PTS-SIM-001-POV-01","properties":{"ID_POV":"ANL-SAG-PTS-SIM-001-POV-01","ID_TITIK":"ANL-SAG-PTS-SIM-001","UID":"UID-2511","ID_WEBGIS":"ANL-SAG-PTS-SIM-001","POV_KE":1,"LON":103.9810279,"LAT":1.03585029,"STATUS_POV":"baru","SURVEYOR":"","WAKTU":"2026-09-08T03:03:28.208Z","CARA_COCOK":"WebGIS","NAMA_JALAN":"Jl. Pasar Tembesi Seken","KELURAHAN":"SEI LANGKAI","KECAMATAN":"SAGULUNG","JENIS":"Persimpangan","TIPE":"Simpang Tak Bersinyal","JARAK_M":17.6,"JML_POV":3,"POV_MEAN":22.5,"POV_MEDIAN":21.0,"POV_MAKS":28.8,"POV_MIN":17.6},"geometry":{"type":"Point","coordinates":[103.9810279,1.03585029]}},{"type":"Feature","id":"ANL-SAG-PTS-SIM-001-POV-02","properties":{"ID_POV":"ANL-SAG-PTS-SIM-001-POV-02","ID_TITIK":"ANL-SAG-PTS-SIM-001","UID":"UID-2511","ID_WEBGIS":"ANL-SAG-PTS-SIM-001","POV_KE":2,"LON":103.98121813,"LAT":1.03611488,"STATUS_POV":"baru","SURVEYOR":"","WAKTU":"2026-09-08T03:03:40.704Z","CARA_COCOK":"WebGIS","NAMA_JALAN":"Jl. Pasar Tembesi Seken","KELURAHAN":"SEI LANGKAI","KECAMATAN":"SAGULUNG","JENIS":"Persimpangan","TIPE":"Simpang Tak Bersinyal","JARAK_M":21.0,"JML_POV":3,"POV_MEAN":22.5,"POV_MEDIAN":21.0,"POV_MAKS":28.8,"POV_MIN":17.6},"geometry":{"type":"Point","coordinates":[103.98121813,1.03611488]}},{"type":"Feature","id":"ANL-SAG-PTS-SIM-001-POV-03","properties":{"ID_POV":"ANL-SAG-PTS-SIM-001-POV-03","ID_TITIK":"ANL-SAG-PTS-SIM-001","UID":"UID-2511","ID_WEBGIS":"ANL-SAG-PTS-SIM-001","POV_KE":3,"LON":103.98131486,"LAT":1.03607316,"STATUS_POV":"baru","SURVEYOR":"","WAKTU":"2026-09-08T03:03:46.520Z","CARA_COCOK":"WebGIS","NAMA_JALAN":"Jl. Pasar Tembesi Seken","KELURAHAN":"SEI LANGKAI","KECAMATAN":"SAGULUNG","JENIS":"Persimpangan","TIPE":"Simpang Tak Bersinyal","JARAK_M":28.8,"JML_POV":3,"POV_MEAN":22.5,"POV_MEDIAN":21.0,"POV_MAKS":28.8,"POV_MIN":17.6},"geometry":{"type":"Point","coordinates":[103.98131486,1.03607316]}},{"type":"Feature","id":"ANL-SAG-PTS-SIM-002-POV-01","properties":{"ID_POV":"ANL-SAG-PTS-SIM-002-POV-01","ID_TITIK":"ANL-SAG-PTS-SIM-002","UID":"UID-2512","ID_WEBGIS":"ANL-SAG-PTS-SIM-002","POV_KE":1,"LON":103.97692412,"LAT":1.02954811,"STATUS_POV":"baru","SURVEYOR":"","WAKTU":"2026-09-08T03:04:16.962Z","CARA_COCOK":"WebGIS","NAMA_JALAN":"Jl. Pasar Tembesi Seken","KELURAHAN":"SEI LANGKAI","KECAMATAN":"SAGULUNG","JENIS":"Persimpangan","TIPE":"Simpang Tak Bersinyal","JARAK_M":26.6,"JML_POV":3,"POV_MEAN":32.0,"POV_MEDIAN":31.2,"POV_MAKS":38.2,"POV_MIN":26.6},"geometry":{"type":"Point","coordinates":[103.97692412,1.02954811]}},{"type":"Feature","id":"ANL-SAG-PTS-SIM-002-POV-03","properties":{"ID_POV":"ANL-SAG-PTS-SIM-002-POV-03","ID_TITIK":"ANL-SAG-PTS-SIM-002","UID":"UID-2512","ID_WEBGIS":"ANL-SAG-PTS-SIM-002","POV_KE":3,"LON":103.97719771,"LAT":1.0295776,"STATUS_POV":"baru","SURVEYOR":"","WAKTU":"2026-09-08T03:04:34.706Z","CARA_COCOK":"WebGIS","NAMA_JALAN":"Jl. Pasar Tembesi Seken","KELURAHAN":"SEI LANGKAI","KECAMATAN":"SAGULUNG","JENIS":"Persimpangan","TIPE":"Simpang Tak Bersinyal","JARAK_M":31.2,"JML_POV":3,"POV_MEAN":32.0,"POV_MEDIAN":31.2,"POV_MAKS":38.2,"POV_MIN":26.6},"geometry":{"type":"Point","coordinates":[103.97719771,1.0295776]}},{"type":"Feature","id":"ANL-SAG-PTS-SIM-002-POV-04","properties":{"ID_POV":"ANL-SAG-PTS-SIM-002-POV-04","ID_TITIK":"ANL-SAG-PTS-SIM-002","UID":"UID-2512","ID_WEBGIS":"ANL-SAG-PTS-SIM-002","POV_KE":4,"LON":103.97733182,"LAT":1.02986185,"STATUS_POV":"baru","SURVEYOR":"","WAKTU":"2026-09-08T03:04:47.178Z","CARA_COCOK":"WebGIS","NAMA_JALAN":"Jl. Pasar Tembesi Seken","KELURAHAN":"SEI LANGKAI","KECAMATAN":"SAGULUNG","JENIS":"Persimpangan","TIPE":"Simpang Tak Bersinyal","JARAK_M":38.2,"JML_POV":3,"POV_MEAN":32.0,"POV_MEDIAN":31.2,"POV_MAKS":38.2,"POV_MIN":26.6},"geometry":{"type":"Point","coordinates":[103.97733182,1.02986185]}},{"type":"Feature","id":"ANL-SAG-D12-SIM-001-POV-01","properties":{"ID_POV":"ANL-SAG-D12-SIM-001-POV-01","ID_TITIK":"ANL-SAG-D12-SIM-001","UID":"UID-2421","ID_WEBGIS":"ANL-SAG-D12-SIM-001","POV_KE":1,"LON":103.95897746,"LAT":1.03248463,"STATUS_POV":"baru","SURVEYOR":"","WAKTU":"2026-09-08T03:05:25.619Z","CARA_COCOK":"WebGIS","NAMA_JALAN":"Jl. Dapur 12","KELURAHAN":"SEI PELUNGGUT","KECAMATAN":"SAGULUNG","JENIS":"Persimpangan","TIPE":"Simpang Tak Bersinyal","JARAK_M":17.4,"JML_POV":3,"POV_MEAN":14.4,"POV_MEDIAN":15.8,"POV_MAKS":17.4,"POV_MIN":9.9},"geometry":{"type":"Point","coordinates":[103.95897746,1.03248463]}},{"type":"Feature","id":"ANL-SAG-D12-SIM-001-POV-02","properties":{"ID_POV":"ANL-SAG-D12-SIM-001-POV-02","ID_TITIK":"ANL-SAG-D12-SIM-001","UID":"UID-2421","ID_WEBGIS":"ANL-SAG-D12-SIM-001","POV_KE":2,"LON":103.95881116,"LAT":1.03243905,"STATUS_POV":"baru","SURVEYOR":"","WAKTU":"2026-09-08T03:05:31.891Z","CARA_COCOK":"WebGIS","NAMA_JALAN":"Jl. Dapur 12","KELURAHAN":"SEI PELUNGGUT","KECAMATAN":"SAGULUNG","JENIS":"Persimpangan","TIPE":"Simpang Tak Bersinyal","JARAK_M":15.8,"JML_POV":3,"POV_MEAN":14.4,"POV_MEDIAN":15.8,"POV_MAKS":17.4,"POV_MIN":9.9},"geometry":{"type":"Point","coordinates":[103.95881116,1.03243905]}},{"type":"Feature","id":"ANL-SAG-D12-SIM-001-POV-03","properties":{"ID_POV":"ANL-SAG-D12-SIM-001-POV-03","ID_TITIK":"ANL-SAG-D12-SIM-001","UID":"UID-2421","ID_WEBGIS":"ANL-SAG-D12-SIM-001","POV_KE":3,"LON":103.95884469,"LAT":1.0326643,"STATUS_POV":"baru","SURVEYOR":"","WAKTU":"2026-09-08T03:05:42.684Z","CARA_COCOK":"WebGIS","NAMA_JALAN":"Jl. Dapur 12","KELURAHAN":"SEI PELUNGGUT","KECAMATAN":"SAGULUNG","JENIS":"Persimpangan","TIPE":"Simpang Tak Bersinyal","JARAK_M":9.9,"JML_POV":3,"POV_MEAN":14.4,"POV_MEDIAN":15.8,"POV_MAKS":17.4,"POV_MIN":9.9},"geometry":{"type":"Point","coordinates":[103.95884469,1.0326643]}},{"type":"Feature","id":"ANL-BAJ-GBR-SIM-005-POV-03","properties":{"ID_POV":"ANL-BAJ-GBR-SIM-005-POV-03","ID_TITIK":"ANL-BAJ-GBR-SIM-005","UID":"UID-2526","ID_WEBGIS":"ANL-BAJ-GBR-SIM-005","POV_KE":3,"LON":103.97272915,"LAT":1.05242624,"STATUS_POV":"baru","SURVEYOR":"","WAKTU":"2026-09-08T03:06:55.357Z","CARA_COCOK":"WebGIS","NAMA_JALAN":"Jl. R. Suprapto","KELURAHAN":"BULIANG","KECAMATAN":"BATU AJI","JENIS":"Persimpangan","TIPE":"Simpang Tak Bersinyal","JARAK_M":17.9,"JML_POV":3,"POV_MEAN":19.0,"POV_MEDIAN":17.9,"POV_MAKS":24.0,"POV_MIN":15.0},"geometry":{"type":"Point","coordinates":[103.97272915,1.05242624]}}]}